user_id;screen_name;name;description;location;followers_count;friends_count;listed_count;favourites_count;statuses_count;verified;account_created_at;default_profile;default_profile_image;tweet_count_in_dataset;first_seen_at;last_seen_at;followers_friends_ratio;tweets_per_day_since_creation;dataset_coverage_days;tweets_per_day_in_dataset;sample_tweets;label;notes
965652865447587840;LaMfeTr3MoA5Oqu;الحاج محمد عبد الرحمن 2;مصري عروبي عاشق لمصر والامه العربيه سيساوي لايقبل اي خروف اخواني او قطري زملكاوي من سنة1959 بالمعاش;الإسماعيلية, مصر;852;116;4;48293;54733;False;2018-02-19T18:22:38;True;False;37;2018-06-14T11:05:10;2018-06-17T16:21:22;0,1362;467,8;3;12,33;RT @nesaanews: ⛔ الفرحة الإفريقية ما زالت غائبة عن #مونديال_روسيا بعد مصر و المغرب #نيجيريا تخسر بثنائية نظيفة من #كرواتيا في الجولة الأولى… ||| RT @AlMasryAlYoum: الجماهير تستعد لمباراة المكسيك وألمانيا  #Germany  #Mexico  #Russia2018 https://t.co/4y87wlm8Ap ||| RT @IbrahimsaidAdam: 😁 https://t.co/uAKUzMnunD ||| RT @alain_4u_sport: الأرجنتيني #ليونيل_ميسي يتحدث عن تعادل منتخبه أمام #أيسلندا 1-1 في الجولة الأولى من دور المجموعات لـ #كأس_العالم_2018 #… ||| RT @youm7: فيديو.. مودريتش أفضل لاعب فى لقاء كرواتيا ونيجيريا بكأس العالم  https://t.co/myNRrHHFEC #روسيا2018  #WorldCup;1;
1004414366777823232;richard30966081;richard;;Dominican Republic;62;49;2;2;2207;False;2018-06-06T17:27:00;True;False;1;2018-06-14T14:30:10;2018-06-14T14:30:10;0,7903;315,29;0;0,0;RT @RussiaBusiness: #Sheremetyevo International Airport is projected to receive two hundred planes bringing fans and players to the #WorldC…;1;
995510144317493248;Lidiane91013817;Alessandra ❤;19 years... fan of @shawnmendes, @5SOS and @TheVampsBand;Brasil;97;253;0;8937;9724;False;2018-05-13T03:44:48;True;False;1;2018-06-15T20:50:30;2018-06-15T20:50:30;2,6082;294,67;0;0,0;RT @ShawnMentosBR: LEMBRANDO QUE Nao estamos putos pela música que o Shawn fez, pelo ao contrário, nós amamos pois ele FALA PORTUGUÊS na mu…;1;
927198378194296835;Letizialapizza1;ᴘᴀʀᴋ ᴍɪɴɪᴇ;;;215;1032;1;64188;57055;False;2017-11-05T15:38:14;True;False;3;2018-06-15T11:35:45;2018-06-17T12:58:23;4,8;255,85;2;1,5;"RT @BTS_ITALIA: 📹 Messaggio di supporto dei #BTS per la Corea del Sud ai Mondiali di Calcio 2018 🇰🇷⚽ #WorldCup    Cr. gingerol95 https://t.… ||| RT @RM_Mexico: | RANDOM |   ¿ustedes están viendo el primer partido del mundial ARMY? 🇲🇽  @BTS_twt #WorldCup #RM   -wings https://t.co/CYci… ||| RT @billboard: Shawn Mendes unveiled a different version of ""In My Blood"" for Portugal's official #WorldCup song https://t.co/y9DCryMTDV ht…";1;
3317656799;RoxaMP;Roxy;I’m a harry_styles fan until the day I die . 😍😍;Davenport, FL;2363;3095;43;138804;246341;False;2015-06-10T17:43:11;True;False;2;2018-06-14T14:50:46;2018-06-17T07:57:33;1,3098;223,54;2;1,0;RT @Krowd9: This is the best video you’ll see today. School kids in Uruguay reacting to their late winner. More than a game. 😍🇺🇾 #WorldCup… ||| RT @FIFAWorldCup: Looking good, Robbie 👌  #WorldCup https://t.co/ZBd82tqXap;1;
822517413732229120;_L_o_r_i_;Lori;"@POTUS @realdonaldtrump
.#IStandWithTrump
.#Vets #BackTheBlue
F/B
@GenFlynn
@AntonioSabatoJr
@LarryEKlayman
@kevincorke
@JessieJaneDuff
@realsugarlily";God Bless The U.S.A;36287;33103;8;27414;82814;False;2017-01-20T18:53:27;True;False;1;2018-06-17T16:35:45;2018-06-17T16:35:45;0,9123;161,75;0;0,0;RT @RichardGrenell: With the US not playing, I invited our US Marines to join me in cheering on Germany! Let’s go. #WorldCup2018 https://t.…;1;
1007080862436020225;bee4ee;ً;;;3;382;0;117;287;False;2018-06-14T02:02:43;True;False;5;2018-06-16T17:20:00;2018-06-16T18:40:54;127,3333;143,5;0;0,0;RT @_jennapatton6: Then only thing Messi’s winning #WorldCup https://t.co/1YFL9e60Yh ||| RT @Real_IkennaObi: Nigeria’s #wizkid dazzles the #DolceandGabbana runway today. The #starboy of not just #Nigeria but #Africa captured the… ||| RT @thecheesefeed: #Iceland is putting a chill down the spines of the hottest football players in the world. #Messi #Ronaldo #WorldCup18 #W… ||| RT @SurajHansal: Watch this Cristiano Ronaldo's third goal against Spain. Portuguese commentary is Amazing. GOAL GOAL GOAL #Portugal @Crist… ||| RT @Fxrid_07: To all those people who are about to hate on Messi Just remember that the only reason Argentina are even in the World Cup is…;0;
3546758548;DilyaraMurzina;Murzina Dilyara;АСВ и ЦБ верните деньги предприятиям!!!;;1281;1869;22;22419;141721;False;2015-09-04T17:03:58;True;False;1;2018-06-16T16:02:07;2018-06-16T16:02:07;1,459;139,63;0;0,0;RT @leon_elk: Саранск, похоже, временно вошел в состав империи инков) https://t.co/6F7yjhuDtX;0;
1472225126;Rottie_Eatclean;ร็อตตี้ หัดกินคลีน;"นักรีทวิต
#PunBNK48";;492;628;64;39238;210310;False;2013-05-31T13:57:29;True;False;17;2018-06-14T10:09:42;2018-06-16T14:57:29;1,2764;114,17;2;8,5;RT @Sattakamol_w: เมสซี่และทีมอาร์เจนเจอนักรบไอซ์แลนด์ตั้งกำแพงยักษ์ซ้อนเข้าไป แถมยิงลูกโทษไม่ได้อีก จบเสมอ 1:1 จ้า โกลของไอซ์แลนด์โคตรเหนี… ||| RT @thai_susu: #WorldCup  🌍 สถิติการยิงประตูในการลงเล่นให้ทีมชาติ  🇵🇹 Cristiano Ronaldo: 84 ⚽  🇧🇷 Pele: 77 ⚽  🇦🇷 Lionel Messi: 64 ⚽  🇧🇷 Ron… ||| RT @FIFAWorldCup: That moment when #RUS scores the first goal of the #WorldCup and the #FIFAFanFest goes crazy! 🤪🙌 https://t.co/ZzKN2EtJ15 ||| RT @js100radio: ทีมชาติรัสเซีย ขึ้นนำ ซาอุดิอาระเบีย 3-0 จากการทำประตูของ “Artem Dzyuba” นาทีที่ 71 #WorldCup2018 #JS100Sport https://t.co/… ||| RT @goalthailand: จบครึ่งแรก #WorldCup 2018 คู่เปิดสนาม เจ้าภาพรัสเซีย #RUS ขึ้นนำ ซาอุดิอาระเบีย #KSA 2-0 https://t.co/4vFU91p8dH;0;
1005225453446148098;Lg6gcIIUgv3Oydx;ゆみ☆;;;33;67;0;1105;807;False;2018-06-08T23:09:59;True;False;2;2018-06-17T02:12:24;2018-06-17T09:16:27;2,0303;100,88;0;0,0;RT @_animalbiscuits: 2018 FIFAワールドカップ ロシア開幕!! 日本代表頑張れ!! #サッカー #サッカー日本代表  #WorldCup  #WorldCupRussia2018  #ワールドカップ2018  #ロシアW杯  #あにまるびすけっと h… ||| RT @b_ELLIS_sima: フランス戦の中継時に続いて、改めて「三好選手が個人的に注目したい選手というのはいますか？」と振られ。  「僕はやっぱり、去年まで一緒にプレーしてた大島僚太選手が。やっぱり同じチームでプレーした選手がこの舞台で戦うっていうのは、凄く見るのも楽し…;1;
4515199649;ErayTezer;Eray Tezer;@AhmedHulusi @CPasaHasan @AnlaArtk;;928;516;41;153964;91494;False;2015-12-17T15:40:11;True;False;1;2018-06-15T19:03:44;2018-06-15T19:03:44;0,556;100,43;0;0,0;RT @GalatasaraySK: Güzel başlangıç @Uruguay  Tebrikler @1_Muslera_25 🧤   #WorldCup https://t.co/CDjxWQrzcR;;
2447471248;imsmohsin;Mohsin;"I have an ability to insult idiots without them realizing it. Real Madrid is my dealer.
IG/SC: imsmohsin";Karachi, Pakistan;8865;91;81;23952;138246;False;2014-03-30T16:16:36;True;False;23;2018-06-14T17:04:00;2018-06-17T16:38:48;0,0103;89,77;2;11,5;"RT @GS7_89: Seriously... From the face expression to preparation &amp; to the goal by #Cristiano, he is simply amazing! #POR #PORESP #WorldCup… ||| RT @WakeUpNeo__: Cristiano Ronaldo scores a penalty against David De Gea the best goalkeeper in the world.  Lionel Messi misses a penalty f… ||| RT @TaSgcobzin: I love this camera angle of Cristiano Ronaldo free-kick goal, look at the curve 🙌 #WorldCup https://t.co/gBGyaUTOJN ||| RT @Niket_Wingman11: Spain gave the G.O.A.T 2 years in jail sentence and also fined him. But he replied by doing this to their national tea… ||| RT @TLFVideos: You're lookin at a 33 year old 🙏  #WorldCup https://t.co/2BK6VMmxNQ";;
2653826858;nomusic_nogr;ガチャピン@6/24 ルナフェス;氷川姉妹が尊いしがないゲームプランナー。趣味は音楽と競馬。週末はライブにより多忙。↓行ったことのあるライブ↓ http://twpf.jp/nomusic_nogr;アキバ、そしてロストグラウンド;672;1139;25;12379;109904;False;2014-07-17T13:50:34;True;False;1;2018-06-17T15:52:52;2018-06-17T15:52:52;1,6949;76,8;0;0,0;RT @SoccerKingJP: 🇩🇪注目の一戦🇲🇽 ドイツ 0－1 メキシコ メキシコがロサノのゴールで先制！王者ドイツに1点リードで折り返し！  ▼前半スタッツ（🇩🇪／🇲🇽） シュート（8／9） 枠内（5／4） ポゼッション（59%／41%） パス本数（274／153）…;;
1557234132;WatchTheBreaks;The Breaks;⚾️ Cubs since 88 | 🏀 Bulls since 89 | 🏒 Kings since 07 | 🏈 Rams since 16 | Watch @gogtslive Thursday Nights 9 PM EST / 6 PM PST;Los Angeles, CA;7407;4583;202;178040;137650;False;2013-06-30T05:13:57;True;False;6;2018-06-14T13:48:16;2018-06-17T03:29:43;0,6187;75,97;2;3,0;"Not just my shoes, anyone's shoes! #Adidas #WorldCup   https://t.co/NRibuME4FX ||| RT @TalkSoccer: When #Mexico fails to qualify for the 2022 #WorldCup, I can’t wait to see Rafa Marquez in promos telling #ElTri fans they h… ||| Just because Vegas Dave was right about a NFL team once, why on earth would I believe his #WorldCup picks??  You ca… https://t.co/BJmhMldTJz ||| RT @TalkSoccer: The more you watch #Iran trying to go forward, the more you realize they really need @Sbeita33 #WorldCup @LAFC ||| RT @TalkSoccer: #WorldCup fans....""Soccer Tonight"" with me and @MikeTrudell begins TONIGHT on @espnlosangeles and the @espn app at 7pm Paci…";;
2951645987;abo_nasser1965;كروي من الزمن الجميل;فتحي كميل ويوسف الثنيان وروماريو والختام زيدان;;1794;662;10;209;95865;False;2014-12-30T18:52:09;True;False;3;2018-06-14T19:32:51;2018-06-16T10:28:51;0,369;75,9;1;3,0;"RT @RM4Arab: اليساندرو ديلبيرو (اسطورة يوفنتوس) :  ""عيون كريستيانو قبل تنفيذ الركلة الحرة التي تخص الـ 3-3 ومن ثم ذلك المسار السحري للكرة ا… ||| RT @WC18HD_Ultra: كأس العالم - دور المجموعات، الجولة الأولى.  اسبانيا 3 - 3 البرتغال.  شاهد أهداف المباراة واستمتع   - جودة عالية HD. تعليق… ||| RT @Almoj_alazra8: المنتخب السعودي هو أول منتخب في التاريخ يخسر بخماسية في مباراة افتتاح كأس العالم.  #WorldCup";;
1006686257907412993;iJake0;جيك آمبرسون 🏴󠁧󠁢󠁥󠁮󠁧󠁿;رُبما تجمعنا اقدارنا ذات يوم ..;Oxford, England;58;107;1;3;300;False;2018-06-12T23:54:41;True;False;4;2018-06-14T03:06:03;2018-06-17T13:41:45;1,8448;75,0;3;1,33;صربيا حراسة جيدة دفاع ممتاز  وسط اكثر من ممتاز  هجوم ضعيف  منتخب بيوصل بعيد اتوقع 👍🏼 #WorldCup2018 ||| RT @paulpogba: Papa c’étais por toi 🇫🇷 Dad this one was for you. @equipedefrance #allezlesbleus #fiersdetrebleus #weliveforfootball #WorldC… ||| حقين الكالتشيو دائماً وابداً عاهات ! اذا دي خيا صار عادي من مباراة اليوم اجل بوفون عاهرة ليليّه لـ رونالدو  https://t.co/jRbXlV8bm1 ||| صباح البطولة الأعظم  صباح المتعة 😍  #WorldCup https://t.co/LLJDPD6Pf3;;
2233669650;ValeryFourniret;Come on England;Arf;Arf;5066;379;202;4253;123616;False;2013-12-06T23:47:47;True;False;4;2018-06-14T10:44:28;2018-06-17T15:08:53;0,0748;74,78;3;1,33;#MyTeam https://t.co/9HTaOXMD7I ||| ptdr le faux fair play du vainqueur https://t.co/m2WWGPnfLe ||| ca n'a aucun putain de sens les maillots de l'Egypte, Pérou et Nigéria https://t.co/1i6w1oJvTX ||| 😭😭😭😭😭😭😭😭😭c’est des malades https://t.co/Tz9cUMt2eA;;
996936761900195842;supa95_;ص ص ص صابر أبو الغضب;#NewAccount MAMA ! *Quavo's Voice* 🎶;الخرا ;53;204;0;188;2056;False;2018-05-17T02:13:41;True;False;14;2018-06-14T12:39:16;2018-06-15T12:35:35;3,8491;70,9;0;0,0;RT @FIFAWorldCup: #EidMubarak to everyone celebrating all over the world! #WorldCup https://t.co/qBCvh7jYCh ||| RT @Arsenal: Matchday for Mo and #EGY!   Good luck today, @ElNennY - we're right behind you 🔴  #WorldCup https://t.co/bbJJxX58Ih ||| حاجه كده تصلح العفن اللي كنا بنشوفوه امبارح https://t.co/80nfSB9LhI ||| RT @Okaz_Sports: أفطرنا على «بصلة» 5-0 #عكاظ #روسيا_والسعودية #المنتخب_السعودي  #WorldCup2018  @Okaz_Sports  https://t.co/BMmJPt6Z9H https:… ||| RT @BrasziI: Saudi Arabia will beheading home after three games #WorldCup ;1;auto: 3/6 signals
993190032369430528;1Champion__;ChampionBwoy🇯🇲;IG:1Champion__;;67;78;0;2143;2556;False;2018-05-06T18:05:31;True;False;1;2018-06-14T18:22:30;2018-06-14T18:22:30;1,1642;65,54;0;0,0;RT @KashARTwork: #WorldCupRussia2018 #worldcup;1;auto: 3/6 signals
906117780008611841;1991meenarakesh;Rakesh;;;128;110;0;27551;18467;False;2017-09-08T11:31:28;True;False;9;2018-06-14T15:56:18;2018-06-17T16:13:24;0,8594;65,49;3;3,0;"RT @Sports_NDTV: Toni Kroos' free-kick is brilliantly saved by Ochoa to keep Mexico's lead intact  #GER #MEX #FIFAWorldCup #WorldCup #Russi… ||| RT @Sports_NDTV: #AleksandarKolarov scores with an unstoppable free-kick to give Serbia a 1-0 lead vs Costa Rica  #FIFAWorldCup #WorldCup #… ||| RT @Sports_NDTV: KICK-OFF!! Serbia get the match underway  #FIFAWorldCup #WorldCup #Crc #SRB  #RussiaWorldCup2018 #FIFAWorldCupRussia #CRCS… ||| RT @CNN: Cristiano Ronaldo scores a hattrick to earn Portugal a thrilling draw against Spain https://t.co/3KTRkWFbpj #WorldCup https://t.co… ||| RT @Sports_NDTV: #FifaWorldCup2018: Neymar ends world's greatest player debate, says ""I am the best""  Read: https://t.co/3n4CSPnZP8  #World…";;
799158364135628801;kwvbnx;.matt 👾;“أنا براعة لقمة العي “ | . kwabena | .photographer | .business| |G O D| KURI 🌹;E.L , GH;786;404;21;1671;36611;False;2016-11-17T07:52:56;True;False;5;2018-06-14T19:21:19;2018-06-16T15:30:42;0,514;63,56;1;5,0;RT @GalacticoHD: Jose Mourinho is so wrong for this 😂😂😂😂 you can’t tell me otherwise 😂😂 #WorldCup https://t.co/X6Gn1guY6O ||| RT @OtiAdjei: Heard commentator say Ronaldo is the first player to score at eight successive major tournaments so I decided to check on @AS… ||| RT @AliquamScripto: “At least a homosexual didn’t score right?!” https://t.co/9t6hNSps4G ||| RT @DFB_Team_EN: The bar is set 👀  #DieMannschaft #WorldCup #ZSMMN https://t.co/FV9mEGw9ys ||| RT @LouisVuitton: Show your support for the #WorldCup with a piece from the limited edition Louis Vuitton 2018 FIFA World Cup Russia™ Colle…;;
628325588;almo1406;علي الماجيك;;;436;125;3;435;133451;False;2012-07-06T12:15:26;True;False;1;2018-06-16T10:39:35;2018-06-16T10:39:35;0,2867;61,5;0;0,0;RT @tawwaq11: 🖥 Discover Islam 🖥  https://t.co/8MCpWSeSG7 🇷🇺RUS  https://t.co/dh7KbtgKZM 🇪🇸ESP  https://t.co/uW21MHLnrW 🇵🇹POR  https://t.co…;;
2440748494;MrsBLVCK;O.;;Paris;8052;3936;28;338;91298;False;2014-03-27T21:34:16;True;False;1;2018-06-17T12:23:46;2018-06-17T12:23:46;0,4888;59,21;0;0,0;RT @ChivaZ71: a whole lotta Mexico Jerseys for a country who hates Mexico https://t.co/piXip0hs5R;;
2935115729;znik711;Колян Захаров🇷🇺;Как бы не лаяли собаки наш паровоз вперёд летит;;1264;188;67;6500;75082;False;2014-12-21T11:45:17;True;False;1;2018-06-17T11:34:49;2018-06-17T11:34:49;0,1487;58,98;0;0,0;RT @satoshi551: ロシアの地下鉄。ブラジルのサッカーファン。かわいいですね😂 https://t.co/CSb8dw1jZT;;
882177866691162112;_Catefrancis;King Kate the 1st👑;Watch your feelings.;;1713;435;2;6224;20115;False;2017-07-04T10:02:48;True;False;1;2018-06-17T08:17:13;2018-06-17T08:17:13;0,2539;57,97;0;0,0;RT @bensonedo_: Make una shut up abeg. This is not the time. https://t.co/6p8tvVmZTq;;
1001052025797447681;asterooidz;Coisinha boa do Aaron 🇵🇹;don’t blame others for what you do | fan account;Positano, Campania;218;207;1;537;1029;False;2018-05-28T10:46:16;True;False;1;2018-06-15T16:34:54;2018-06-15T16:34:54;0,9495;57,17;0;0,0;RT @explowraed: #VamosAcreditar #WorldCup #Portugal #PortugalGanha https://t.co/FqwXkgEZtm;1;auto: 3/6 signals
1008003685471916032;FutebolFutur0;Futebol Futuro;"Notícias sobre o mundo do futebol. Humor, estatísticas, jogos ao vivo e dicas para o Cartola FC.
Aqui não temos clubismo.";Brasil;4;58;0;5;57;False;2018-06-16T15:09:41;True;False;12;2018-06-16T15:50:56;2018-06-17T16:54:05;14,5;57,0;1;12,0;Apresento a vocês o Cara do jogo!  🔥🇲🇽  #MEX  #COPA2018    #Worldcup #Rusia2018 https://t.co/ztNXgGhl9B ||| Você comemorou com o gol do México?   #Copa2018   #MEX  #Worldcup   #Rusia2018 ||| É HOJE! 🔥   #Bra   #Copa2018   #worldcup https://t.co/SqhEeZM6Ns ||| #Copa2018 #WorldCup  GRUPO A 1ª #RUS 3 pts 2ª #URU 3 pts 3ª #EGY 0 pt 4ª #KSA 0 pt GRUPO B 1ª #IRN 3 pts 2ª #ESP 1… https://t.co/b0idZta8Us ||| Pra você qual foi a melhor partida de hoje:   #Copa2018  #WorldCup   #ARGxISL  #AUSVFRA  #PERxDIN   #CROxNIG;1;auto: 4/6 signals
527026096;MoreAyala1;More;;Corrientes, Argentina;1129;976;20;91433;127043;False;2012-03-17T02:45:54;True;False;2;2018-06-16T00:59:11;2018-06-16T15:09:35;0,8645;55,67;0;0,0;RT @decidilo: Post partido #ARG #ISL en Moscú #Worldcup2018 #decidiloMundial https://t.co/XsSaKyLGw6 ||| RT @decidilo: La banda Argentina #ARG en Rusia 2018 - Video 4K 360 - Moscú  Es como estar cantando ahí en la plaza roja. Dale RT y 🤞 #Somos…;;
717567400900706304;PopulistDemand;By Populist Demand;Mobilizing citizens one tweet/one design at a time by artists @Ogi_Gogi #OnjenaYo & #GreyWilliamson #indie #movements #comics #art #culture #politics #create;Brooklyn, NY;2633;2602;174;26129;44204;False;2016-04-06T04:19:34;True;False;1;2018-06-16T13:18:37;2018-06-16T13:18:37;0,9882;55,19;0;0,0;"RT @PamelaChomba: TODAY Portuguese Veterans honored in Newark, NJ w @GovMurphy &amp; Portugal PM António Costa.   Both watched #PORSPN #worldcu…";;
855465627959644163;donzela18;Duda;@flamengo sou carregada de axé e protegida por um cavaleiro nobre!!!!!!!! @prrdoengenho02 Isabelle M.A ❤️/beatriz ❤️/Gabriele❤️11.01💙/@costaduda123 ❤️;Pietro amor da mnh vida ❤️;447;732;0;10598;21331;False;2017-04-21T16:57:54;True;False;1;2018-06-15T12:59:38;2018-06-15T12:59:38;1,6376;50,91;0;0,0;RT @FLA_fotos: OS FILHOS DELE LEVARAM A TAÇA E O CHAPEU DELE #Russia2018 https://t.co/jx3VYQdRvp;;
1003649197214748672;IRNM123;IRNM123;"You may know me... You may not.

I'm just here looking for some peace and quiet in my day.";;24;75;0;837;557;False;2018-06-04T14:46:30;True;False;1;2018-06-16T14:24:01;2018-06-16T14:24:01;3,125;50,64;0;0,0;RT @frankera11: #thehandofcod genius! #WorldCup2018 #iceland;0;
2805624278;syedkami70;Cyber Warrior 🇺🇸;I have over 10 years of hands-on work experience in UI/UX design, rapid prototyping, & front-end development for rich Internet applications & mobile devices.;Florida, USA;1744;862;711;22521;68520;False;2014-09-12T14:03:53;True;False;2;2018-06-14T13:56:40;2018-06-14T14:04:26;0,4943;49,98;0;0,0;Almost 200 countries in the world. Only 8 have ever won the #WorldCup :   Brazil 5x Germany 4x  Italy 4x  Argenti… https://t.co/8ZucHaLKVr ||| #WorldCup2018 fever kicks off with new features from #Apple and #Facebook - @BGR  https://t.co/pvxVMOk5op;0;auto: 0/6 signals
723940055304294400;_KLucerina;ᵀʳᵃᶻ ᵒ ᴴᵉˣᵃ ᴮʳᵃˢᶤˡ 💪🏆🇧🇷;"in August 29,1969 was born the most beautiful angel 👼♡.｡

















°ғᴀɴ ᴀᴄᴄᴏᴜɴᴛ°";Brasil 🇧🇷;994;1394;1;36026;38063;False;2016-04-23T18:22:14;True;False;11;2018-06-14T13:33:45;2018-06-17T16:20:22;1,4024;48,55;3;3,67;RT @HogazaSavinon: MÉXICO TA DEMAIS, LINDÍSSIMOS ESTÃO FAZENDO TUDO  #MexicoVsAlemania   #WorldCup  #Copa2018  #WordCupRussia2018 🇲🇽🇧🇷❤️ ht… ||| RT @Cabe05: GOOOOOOOLLLLLLLL de MEX 🇲🇽 🍾🍾🍾 #VamosMexico #MexicoVsAlemania #WorldCup #Russia2018 https://t.co/FTm6CmHWIs ||| RT @RosaJaike: Ya estás frente a la Tv @LuceroMexico ? 🇲🇽 #Mexico #WorldCup https://t.co/3chcWaG6Zy ||| RT @Aline_Hogaza: Por Lucero Por Chaves Por RBD Por Novelas Mexicanas  Pelo o 7×1 HOJE EU SOU MEXICANA CARALHO  #WorldCup  #MexicoVsAlemani… ||| RT @vouprocine: Começou México x Alemanha, pela #WorldCup2018, e o clima lá na Villa está em alta. 🇲🇽🇩🇪  #VamosMéxico #Chaves #Chespirito h…;0;
856669623319756801;onmyoujidia;rachel;21. she/her.;Brooklyn, NY;94;72;4;1346;19608;False;2017-04-25T00:42:09;True;False;1;2018-06-15T18:29:00;2018-06-15T18:29:00;0,766;47,13;0;0,0;RT @ChivaZ71: a whole lotta Mexico Jerseys for a country who hates Mexico https://t.co/piXip0hs5R;0;
893460383981199362;ra_chen;Ra_chen หงษ์แดงแรงฤทธิ์;กีฬาอะไรก็เล่นได้หมดแหละ;;41;42;0;165;14664;False;2017-08-04T13:15:30;True;False;1;2018-06-15T14:26:21;2018-06-15T14:26:21;1,0244;46,55;0;0,0;RT @ThaiLFC: นับเป็นผลการแข่งขันที่น่าผิดหวังสำหรับอียิปต์ของ โมฮาเหม็ด ซาลาห์  อย่างไรก็ตาม, โชคดีสำหรับเกมกับรัสเซียในวันอังคารนี้ 👍#EGY⁠…;0;
927206534874128386;edinsonmbappe;Donatello ･ ｡  ☆∴｡　* 　･ﾟ*｡★･ 　　･ *ﾟ｡　　 * 　 ･;;;66;344;0;11160;9295;False;2017-11-05T16:10:39;True;False;7;2018-06-14T10:22:02;2018-06-17T09:07:52;5,2121;41,68;2;3,5;RT @VicSpotter31: @InfosFrancaises En france ils auraient filmé . Les russes , eux , partent se le faire : #Patriots #Russia2018 #RussiaNig… ||| RT @paulpogba: Papa c’étais por toi 🇫🇷 Dad this one was for you. @equipedefrance #allezlesbleus #fiersdetrebleus #weliveforfootball #WorldC… ||| RT @OptaJean: 100% - Lucas Hernandez 🇫🇷 (7/7) has won all of his duels during the first half v Australia 🇦🇺, more than any other player. So… ||| RT @NaplesAndNapoli: Cavani comforting Salah after the final whistle. Always a gentleman. 💙😍🙇🏼 #URUEGY #WorldCup https://t.co/S0Mii4Yff7 ||| RT @ASRomaEN: It's official - #ASRoma fans have voted this #NGA shirt the best Nike kit of the #WorldCup! 🔥🔥🔥 https://t.co/nzDNASiSBQ;1;
715811572447313920;Ahmed1981madrid;أحمد سلامة ⓭ ³³;#halamadrid ! #forzainter;طرابلس - ليبيا;415;630;7;3137;33342;False;2016-04-01T08:02:32;True;False;13;2018-06-15T18:00:45;2018-06-17T12:54:53;1,5181;41,32;1;13,0;RT @HamzaRMFC: 😍 #WorldCup https://t.co/HeH0yBxxJ6 ||| RT @RM4Arab: لوكا مودريتش سجل الهدف رقم 2400 في تاريخ كأس العالم في شباك نيجيريا.  #CRO #WorldCup https://t.co/tbdvt4EVNH ||| RT @TrollFootball: #WorldCup update:  Real Madrid 5-0 Barcelona  (Ronaldo x3 , Nacho, Modric) (Messi penalty ❌ ) ||| RT @Squawka: Luka Modric has now scored in:  ✔️ Europa League ✔️ Champions League ✔️ European Championships ✔️ World Cup  A first #WorldCup… ||| RT @OnSideAr: مودريتش أصبح رابع لاعب يمثل كرواتيا في ثلاث نسخ من كأس العالم , بعد سيميتش - ستيب بليتيكوسا - إيفيكا أوليتش . #WorldCup …;0;
3039865253;jorge_alves27;Jorge 🇸🇳;FC Porto|| U17 ⚽️|| L ❤️;;466;450;8;23958;49120;False;2015-02-15T23:13:37;True;False;8;2018-06-15T11:53:31;2018-06-17T13:31:59;0,9657;40,36;2;4,0;RT @transf_min: E que golo de Aleksandar Kolarov 🔥 #CRC 0-1 #SRB #CRCSRB #WorldCup https://t.co/JeuhGvpO08 ||| RT @transf_min: 🚨FIFA justifica a falta que não foi marcada antes do golo da Espanha🚨 Em comunicado, a FIFA afirma que a falta não foi marc… ||| RT @iancairns01: Knew that looked familiar. 🤔 Portsmouth FK flashback. ⚽️ 🥅 #CristianoRonaldo #WorldCup #ESP #Por #PortugalVsSpain #PORESP… ||| RT @domstirling12: Lets be honest, the titanic theme tune was meant for Cristiano Ronaldo  #PORESP #WorldCup https://t.co/gXfVX6WfKG ||| RT @iAndreLucas: O golo do @Cristiano, ao som de @HansZimmer e do Nuno Matos, da @antena1rtp, é muito mais épico #ConquistaOSonho #WorldCup…;0;
918447382777421824;Aditya8948029;कबीर_ka_बच्चा;"कृपया अनमोल पुस्तक जीने की राह अवश्य पढ़ें



I love guru ji....";Uttar Pradesh, India;1716;1830;0;8925;9597;False;2017-10-12T12:04:54;True;False;1;2018-06-14T11:03:53;2018-06-14T11:03:53;1,0664;39,33;0;0,0;RT @daas_pawan: #ZeroCelebratesEid  #WorldCup  #FOLLOWME  #कबीरपरमात्मा_के_चमत्कार  संकट मोचन कष्ट हरण मंगल करण कबीर कि आ गये शरण तेरी।।…;0;
419910721;druzdail;Chibuku Guy;Lover of life;Roodepoort, South Africa;5708;5609;18;0;92634;False;2011-11-23T23:19:01;True;False;4;2018-06-15T17:00:12;2018-06-17T10:32:33;0,9827;38,65;1;4,0;RT @ThamKhaiMeng: Astonishing. Unreal. Extraordinary. What a talent!! #canneslions #ogilvycannes #worldcup https://t.co/cYZXxEY9UQ ||| RT @WCGoalz: GOAL! ICELAND SCORE THEIR FIRST EVER GOAL AT A #WorldCup https://t.co/qkIjcTJ3F2 ||| RT @WCGoalz: GOAL! Aguero scores his first ever goal at a #WorldCup and what a goal it was! https://t.co/WEteMCnf89 ||| RT @Acemashudu: South Africans lets gain! Retweet, Follow Me, @Aey_dear @DelphyWaterson @MolepoLarry @Collen_Sambo2 @ayasbeja @Menkhas @Emm…;0;
1648604791;kaycee1017;RIP John Meadows;#CelticsNation;Palm Springs, CA;1117;789;8;3916;68358;False;2013-08-05T20:11:00;True;False;1;2018-06-16T05:52:05;2018-06-16T05:52:05;0,7064;38,51;0;0,0;RT @ChivaZ71: a whole lotta Mexico Jerseys for a country who hates Mexico https://t.co/piXip0hs5R;0;
415418186;AmyraRudzuan;myra;blessed ✨;;930;637;9;27523;87314;False;2011-11-18T09:30:21;True;False;3;2018-06-14T17:13:06;2018-06-16T12:11:01;0,6849;36,35;1;3,0;RT @BBSemasa: Perlawanan #WorldCup⁠ ⁠hari ini  ⏱ 6PM 🇫🇷 France vs. Australia 🇦🇺  ⏱ 9PM 🇦🇷 Argentina vs. Iceland 🇮🇸   ⏱ 12AM (Ahad) 🇵🇪 Peru… ||| RT @JeckoJosue: La première journée de la coupe du monde 2018 s'annonce déjà bien avec une sublime victoire pour le pays organisateur.  #CM… ||| RT @yohanroblin: L'homme du match #RUSKSA (5-0) : Aleksandr Golovin. Il a été dans tous les bons coups russes. Buteur et passeur décisif (à…;0;
3292253273;Lumarcel8489l;Luz Rivera  🇵🇷;lover of the Lord,Sincere people, Nature, Astronomy, Butterflies. Remember who showed up for you 2000 years ago. Psalm 91, 23 and 37.;;1974;1346;30;25296;40453;False;2015-05-21T01:18:44;True;False;1;2018-06-16T11:09:09;2018-06-16T11:09:09;0,6819;36,05;0;0,0;RT @BiologistDan: Reports are that Iceland has killed their first endangered Fin #Whale of the Season. After a two year halt they have resu…;0;
3247548367;Nay_452;†┏┛しばしば┗┓†@nextラックライフ;"WEAVER、NICO Touches the Walls、ラックライフ、tacicaなどなど

就活、実習、国試でネガティブになると思います

マ　ニ　ア　ッ　ク　っ　て　素　敵";そば県からエビフライ県;335;312;18;50044;38963;False;2015-06-17T05:09:52;True;False;1;2018-06-15T21:40:32;2018-06-15T21:40:32;0,9313;35,62;0;0,0;RT @kamiumach: クリスティアーノ・ロナウドがハットトリック達成！   ポルトガル対スペインは右頬と左頬を差し出す打ち合いの末、3-3のドロー！⚽️  #WorldCup    https://t.co/XCQrWUrf32;0;
919694538024906752;reevesg55;🏴󠁧󠁢󠁥󠁮󠁧󠁿Reeves Guytoñ🇳🇬;Zone 6 @TheScoutAcademy student! Writing @bloggingdirty, @bitter_and_blue, @ATLBeatBlog, and @ATLSportsHQ. #CTID;Georgia, USA;546;695;6;25053;8535;False;2017-10-15T22:40:39;True;False;4;2018-06-14T13:25:25;2018-06-16T22:59:54;1,2729;34,98;2;2,0;RT @ATLSportsHQ: 2018 FIFA World Cup Group A Recap And Preview On What Is Next To Come By: @Dino_ATL #WorldCup #2018FIFAWorldCup #ATLSports… ||| For my first article for @Bitter_and_Blue, I took a look at 5 Manchester City players that need a good performance… https://t.co/92mQyerRPm ||| As an American resident and dual citizen of England, I think I speak for everyone when I say “Fuck this. Let’s get this over with” #WorldCup ||| For my first piece for @Bitter_and_Blue I took a look at 5 players in need of a good #WorldCup2018 performance. Che… https://t.co/7YPcl1CKFE;0;
907612583095549952;iamkrizzzzz;Big Krishnan;A Proud Indian! Anyone questioning my patriotism is unpatriotic!;;35;108;0;1842;9587;False;2017-09-12T14:31:17;True;False;1;2018-06-16T17:37:36;2018-06-16T17:37:36;3,0857;34,61;0;0,0;"RT @SanjeevaniPage: Namasthe 🚩 All sangh mitron must suport the Saffron Army #Holland in 2018 #WorldCup. Safforon is the color of hindus &amp;…";1;
951171023122022400;Shubham_Gupta05;Shubham Gupta;;Delhi, India;149;490;0;24292;5280;False;2018-01-10T19:16:58;True;False;8;2018-06-14T14:27:14;2018-06-16T15:23:25;3,2886;33,85;2;4,0;RT @SirSchweini: The best part about today's #ARGISL result: @chetrisunil11's record stays intact. #Worldcup #ISL ||| @SirSchweini @DelhiDynamos @dynamos_ultras @deepeshsalhotra @MrRohanSharma Let's hear it from the man himself. Sir… https://t.co/B2OSMcOIcP ||| RT @SirSchweini: What a huge dilemma it must've been for @DelhiDynamos former manager Mr. Miguel Angel Portugal today. He hails from Spain,… ||| @DelhiDynamos Diego Costa of Spain will be the first one to score. #WorldCup #PORESP  #RoarWithTheLions ||| RT @ShayneDias_: I hate being the guy who'll bring up the plight of #IndianFootball now.  But #KSA are one of Asia's top sides and they're…;0;
798808906180898817;UWuSFIWraoJu3Lg;じゅん;T-SQUARE、角松敏生、CASIOPEA3rd、青木智仁、本田雅人、玉田豊夢、DEZOLVE、プロ野球、J1浦和レッズ、栃煌山、埼玉ネタ、どうぶつの森(とびだせ、ポケットC)【毒吐き派の為ミュート推奨】;イオンまで80キロ;149;199;0;28937;18384;False;2016-11-16T08:44:19;True;False;3;2018-06-16T11:27:08;2018-06-17T03:06:52;1,3356;31,86;0;0,0;RT @REDSOFFICIAL: 本日6/17 21:50からのNHKサンデースポーツ2020に、浦和レッズの阿部勇樹が生出演いたします。開幕しているワールドカップについてお話しさせていただきます。ぜひご覧ください。 #阿部勇樹 #urawareds #nhk  #World… ||| ぎゃあ〜〜〜〜〜っ！ #WorldCup  #Russia2018 ||| ナバウトお疲れさま！  #WhereverReds  #urawareds  #wearereds #WorldCup  #Russia2018;0;
754203642832445440;utenko01;大雨予報;何事もほどほどにを目指す。雨好き。ぼちぼちいろんなことに挑戦していきたい。ぼちぼち火山の本をよむ。;東京23区;427;3818;7;32;22196;False;2016-07-16T06:38:55;True;False;1;2018-06-14T12:59:37;2018-06-14T12:59:37;8,9415;31,8;0;0,0;RT @FootballTribeJP: 【🌍W杯プレゼント企画第5弾🎁】  ✔️フォロー 🔄リツイート 👕ユニフォームが当たる！  🇯🇵今回は「岡ちゃん」こと日本代表の岡崎慎司（Lサイズ）！  締め切りは19日(火)。発表は当選者にDMにてご連絡します。たくさんのご応募お待ち…;0;
918122491133988864;Eduardodezuniga;Eduardo de Zúñiga;Real Valladolid;España;171;995;1;80;7756;False;2017-10-11T14:33:54;True;False;1;2018-06-16T07:33:53;2018-06-16T07:33:53;5,8187;31,4;0;0,0;Fútbol. https://t.co/rATNnaEhVp;0;
1006181533143580673;PutraAM_;🔰عَامٌ™;"A Peminjam Nikmat Tuhan,

~Heartness,Hurtless ~

#alwayspositive
#PeminjamNikmat";SYARQĀWIY 🇲🇾;19;268;0;65;124;False;2018-06-11T14:29:06;True;False;1;2018-06-16T13:12:47;2018-06-16T13:12:47;14,1053;31,0;0;0,0;McD bhaii .. https://t.co/TGLEsAKxh9;1;
823306747;SDM2099;J;;;66;504;1;25502;64721;False;2012-09-14T13:29:56;True;False;1;2018-06-17T06:33:16;2018-06-17T06:33:16;7,6364;30,8;0;0,0;RT @Nannii_Park: ใครจำคุณลุงกองเชียร์ #BRA ฝั่งซ้ายนี่ได้บ้างเมื่อบอลโลกครั้งก่อน มาปีนี้ลูกชายทั้ง 2 ของลุงมาทำหน้าที่แทน เพราะลุงเสียชีวิ…;0;
1002945675057946624;Elpida06487139;Elpida;;;22;32;0;559;396;False;2018-06-02T16:10:57;True;False;2;2018-06-16T06:10:55;2018-06-16T06:12:25;1,4545;30,46;0;0,0;RT @MitriSirin: Das ist übrigens keine Flagge der afd! Gehört uns allen! Wünsche eine schöne WM! #WM18 #WorldCup #fan #publicviewing #Fussb… ||| Portugal-Spanien:Pass, Pass, Pass, Pass, Pass, Ronaldo, Pass, Pass https://t.co/3XiPrHRD64;0;
2329658700;SecRecon;ReconSecureComputing;24/7, Risk-Based, Real-Time, Multi-Layer, Intuitive & Encrypted #CyberSecurity & Secure App Development. NIST & HIPAA Compliance. #Military #Infosec #LEOs;Greater Nashville ;3400;4988;1093;7121;46684;False;2014-02-06T02:21:36;True;False;3;2018-06-15T03:21:42;2018-06-17T01:34:36;1,4671;29,34;1;3,0;World Cup 2018: What’s Tech Got To Do With It? #WorldCup @SecRecon  https://t.co/SbvCM1Esrl ||| Russia May Hack Any World Cup Traveler's Electronics, Top U.S. Spy Says 👀 #CyberSecurity #WorldCup  @SecRecon  https://t.co/7BYbZGA5Uy ||| As FIFA World Cup kicks off, Australia’s technological readiness could be its biggest weakness. #WorldCup … https://t.co/36qd9cEiY5;0;
101089210;Bigjunior5;BiGJ5┃OAP;BADDESTOAP® :: LovePromotinG Good Music......entertainmenT is Me. °̩ Never GaveUp:::murdeR Am mixtapE...the illesTDopesT Mc/OaP eveR...HigH Rating 😍😍;NeaR YoU... @Raypower1025fm;4199;1303;23;8609;88048;False;2010-01-02T00:00:55;True;False;5;2018-06-16T14:32:34;2018-06-16T21:05:55;0,3103;28,52;0;0,0;RT @937RhythmFm: NP: Jogodo - @edezzy2 @Bigjunior5 cc @Thebigtyme @bosunshads @blakksparkle @thequeenima #MorningAfterShow #HangoversLeftov… ||| RT @937RhythmFm: NP: Chop Knuckle - @DRealFreakyP ft @Airboy_Rado @Bigjunior5 cc @Thebigtyme @bosunshads @blakksparkle @thequeenima #Mornin… ||| RT @937RhythmFm: NP: Weekend -@stix_sound @donescadaent @Bigjunior5 cc @Thebigtyme @bosunshads @blakksparkle @thequeenima #MorningAfterShow… ||| RT @937RhythmFm: NP: Jaye - @iam_codest @Bigjunior5 cc @Thebigtyme @bosunshads @blakksparkle @thequeenima #MorningAfterShow #HangoversLefto… ||| @edezzy2 🎧🎧 https://t.co/TUOSwvlJsi;0;
877476893770915840;Hemantku428;Hemant Kumar;#जीने_की_राह यह अद्भुत अनमोल पुस्तक है जिसमें आदर्श मानव जीवन के मानक बताए गए हैं ।अवश्य पढ़िये।;Rajasthan, India;473;1260;0;8354;9888;False;2017-06-21T10:42:48;True;False;1;2018-06-17T16:47:44;2018-06-17T16:47:44;2,6638;27,39;0;0,0;RT @JayaYad71989056: #WorldCup #28जून_कबीरप्रकटदिवस   To make history 620or world brotherhood, to make allthe nations united, do not forget…;1;
743279521286152192;Eagles4Life27;RT Pinned Pls;"#FlyEaglesFly #BirdGang I Bleed Green !!!!!!

  Philadelphia Eagles  💯 💯 💯 💯 FINALLY GOT MY ACCOUNT BACK CARSON WENTZ IS THE GOAT !!!!! 🐐🐐🐐🐐🦅🦅🦅🦅🦅";;774;589;11;18526;19562;False;2016-06-16T03:10:22;True;False;1;2018-06-17T01:50:40;2018-06-17T01:50:40;0,761;26,8;0;0,0;"RT @BattleRoyaleEN: OMEN + ORACLE AXE GIVEAWAY!   TO WIN:  1) RETWEET  2) FOLLOW ME &amp; @iqdy_ (Will Check!)  3) FOLLOW ON https://t.co/vGJcv…";0;
816274728319156225;zavier_pk;Preeth Xavier;Penguins are not found in the sahara..neither were several examples of jesus, einstein or hitler born;;450;248;1;5532;14035;False;2017-01-03T13:27:15;True;False;3;2018-06-16T11:58:23;2018-06-17T06:39:21;0,5511;26,53;0;0,0;RT @jn_shine: Nigeria trying to beat Croatia. 😂😂😂😂 #CRONGA #WorldCup https://t.co/yC7iOe5okt ||| RT @jn_shine: Egypt 0-1 Uruguay  Morocco 0-1 Iran Nigeria 0-2 Croatia  These African teams are set to embarrass us one by one. Maybe we sho… ||| RT @ItsMutai: I expect all BLACK Africa to support Uruguay in the next match and let Egypt get their support from Syria, Iran and the rest…;0;
4822147114;claudiamiki231;👑LosTop👑;"🇲🇽🇲🇽🇲🇽🇲🇽MEXICO🇲🇽🇲🇽🇲🇽🇲🇽
⚽🏆⚽🏆⚽🏆MEXICO🏆⚽🏆⚽🏆⚽
HOY GANA MI #TRI🇲🇽🏆⚽🇲🇽🏆⚽🇲🇽💥💥💥☘☘☘☘☘";;217;301;2;14362;23117;False;2016-01-17T20:26:31;True;False;5;2018-06-17T07:24:30;2018-06-17T08:07:02;1,3871;26,24;0;0,0;Hay amigo!!!! Me decepcionas!!!!! Yo tengo fe y le doy psra delsnte hasta el fin!!! O tu NO ERES???🇲🇽!!! LOS CHICOS… https://t.co/HU3IXZ5OUV ||| RT @BaezLeyvaJ: #PorSiNoLoViste    Así termino el último partido del #GrupoD y tras el empate del #ARGvICE #Croacia queda a la cabeza del g… ||| RT @BaezLeyvaJ: Termina el último partido del día de hoy del Grupo D.   #CRO 2 - 0 #NGA   #Rusia2018 #WorldCup ||| RT @BaezLeyvaJ: #AunSiendoPeloteros  El jugador Mexico - Americano @Adrian_ElTitan le desea mucha suerte a @miseleccionmx en partido debut… ||| RT @BaezLeyvaJ: Mis pronósticos para el día de mañana en el 4 día de #Rusia2018    #CRC 1 - 1 #SRB   #GER  1 - 2 #MEX  #BRA  2 -…;0;
2761194178;Momo_Laye;Balotelli 🇸🇳;Ne parle pas pour plaire. #TeamOM  #Barça. #Alhamdoulilah ❤ #AkhlouLahi ❤ .;Senegal;744;383;3;4405;36253;False;2014-09-04T11:41:15;True;False;7;2018-06-14T03:31:17;2018-06-17T16:47:50;0,5148;26,23;3;2,33;RT @brfootball: Rafa Marquez makes #WorldCup history 🙌🇲🇽 https://t.co/Y6iyTOOWYV ||| RT @DFB_Team_EN: 👀 Senegal 🇸🇳 ⚽ Group H 🇨🇴🇵🇱🇯🇵  ⭐ Sadio #Mané⭐ @LFC's prolific winger  ✨  Can he fire Senegal into the knockouts? 🤔  #DieMa… ||| RT @DFB_Team_EN: Bonjour amis sénégalais ! 👋🇸🇳  Nous sommes désolés que vous ayez à attendre aussi longtemps avant de disputer votre premie… ||| RT @LeroySane19: Viel Glück gegen Mexiko, Jungs! 🙏🏾 Ich drücke euch die Daumen. 🇩🇪 #goodluck #Worldcup #inSané #LS19 @DFB_Team https://t.co… ||| RT @FreddhyKoula: Le gardien sénégalais, Khadim Ndiaye est déjà, pour le moi, le mec (cool) à suivre lors cette #CDM2018 😉... Si atypique.…;0;
965760487777546241;Isah_g25;•Isah•🔥.🖤•;•”She’ll always be Madame Mayor to me”• •” Emma and Regina made a diference”• •”...make a pretty hot couple”•Daydreamer•;No porão das @‘s ;95;314;1;1419;3045;False;2018-02-20T01:30:18;True;False;1;2018-06-17T15:37:41;2018-06-17T15:37:41;3,3053;26,03;0;0,0;RT @annyglaucii: Motivos pra torcer pelo México hoje  #WorldCup2018  #Copa2018 #DomingoDeGanarSeguidores #DomingoEliteDoSDV  #DomingoDetrem…;0;
2480548935;75Ddr;Nikolya;;Украина;103;69;4;8707;39231;False;2014-04-13T04:15:52;True;False;2;2018-06-14T08:07:41;2018-06-14T17:18:18;0,6699;25,76;0;0,0;RT @veraizmaylova41: #WorldCup #War https://t.co/5lErVMoYPM ||| RT @mefimus: Нужна наша помощь. Не поленитесь, пожалуйста, то правда важно. Сегодня открытие #WorldCup в России, где в тюрьмах продолжают с…;0;
1005516327417729025;Fifa20188176215;Fifa 2018;;;16;675;0;0;101;False;2018-06-09T18:25:48;True;False;51;2018-06-14T09:46:28;2018-06-14T09:56:37;42,1875;25,25;0;0,0;RT @FIFAMuseum: 🇷🇺 Russia's top goal scorer, Aleksandr Kerzhakov, will be joining us  tomorrow night for our very first Legend Talk Show at… ||| RT @FIFAWorldCup: The opening Day 2 match at the 2018 #WorldCup looms in Ekaterinburg on Friday  Get the lowdown on Egypt 🇪🇬 🆚 Uruguay 🇺🇾,… ||| RT @FIFAWorldCup: Where are you watching #RUSKSA?   #WorldCup https://t.co/6fcZAHM8JF ||| RT @FIFAWorldCup: It is a big day for #RUS  But how have host nations performed in previous #WorldCup editions?   Our Visual Story explains… ||| RT @FIFAWorldCup: The 2018 FIFA #WorldCup is finally here!  Match #1 | #RUSKSA   @TeamRussia @SaudiNT_EN #RUS #KSA https://t.co/AK3w6JzeV7;1;
1003599723046096897;Hseyin17172;Hüseyin1717;;;12;34;0;255;249;False;2018-06-04T11:29:54;True;False;1;2018-06-14T22:05:02;2018-06-14T22:05:02;2,8333;24,9;0;0,0;RT @mr_maviruh: Alman milli takımı büyük yavşaktır. Favori olmasa da gönlümüz İspanyadan yana #WorldCupRussia #WorldCup2018 @orknarik;1;
2286870018;ensfillah2;Pangeran Ensfillah;Ordinary Man ~ The Power of Sincerity ~ Dreamer and Doer;Tasikmalaya - Batam;2279;370;11;8374;39111;False;2014-01-11T16:19:59;True;False;1;2018-06-14T11:02:22;2018-06-14T11:02:22;0,1624;24,23;0;0,0;RT @sanjaya_biz: ✨Polling Seminggu✨  Menurut anda, manakah BINATANG yang PALING BERBAHAYA ?   #2019GantiPresiden #MenghindariSuspend #2019P…;0;
787930623604355076;acmilan_com_pl;ACMilan.com.pl;Codziennie świeża dawka informacji o Milanie. Wywiady, plotki transferowe, aktualności. Z nami nie przegapisz żadnej ważnej wiadomości! Forza Milan!;Polska;1559;104;14;2198;14371;False;2016-10-17T08:17:54;True;False;1;2018-06-14T16:50:35;2018-06-14T16:50:35;0,0667;23,75;0;0,0;RT @OptaPaolo: 1:29 - Artem Dzyuba ha segnato 1 minuto e 29 secondi dopo essere entrato, il sostituto più veloce a riuscirci nei Mondiali d…;0;
2354864915;Hs1Rinad;Silhouette;i’ll treat you like a gentleman |fan account;OT4;460;399;14;9561;37305;False;2014-02-20T17:40:55;True;False;1;2018-06-14T16:46:01;2018-06-14T16:46:01;0,8674;23,7;0;0,0;Saudi Arabic will lose, mark my words #WorldCup;0;
770443045733015553;mazzen_mohammed;@mazzen mohammed;لغات...ناشط اعلامي ..احب وطني  ضد العدوان ..محب للسلام;;417;60;7;9072;15401;False;2016-08-30T02:08:31;True;False;1;2018-06-17T03:22:24;2018-06-17T03:22:24;0,1439;23,48;0;0,0;RT @ajazkarari2: Should #Yemen Live in this fear! Is this justice? Stop #YememGenocide #saveYemen  #Yemencan'twait  #HumanRights #Eid  #Wor…;0;
3306158950;olatejumola1;Ola.;.....under construction.🚧;Where Nobody belives in Us;2345;2533;2;29514;25386;False;2015-06-01T23:06:41;True;False;16;2018-06-14T13:13:23;2018-06-17T13:30:06;1,0802;22,85;3;5,33;RT @bensonedo_: Make una shut up abeg. This is not the time. https://t.co/6p8tvVmZTq ||| RT @MeetMrAhmed: Even if Nigeria plays with Nigeria, they won't still win   #WorldCup #CRONGA https://t.co/G87Sw1litF ||| RT @eromzy: As Nigerians we have to adopt AS Roma as our 2nd club irrespective of who we support. We have to pay back all the love shown. F… ||| RT @mac_nels: This is Nigeria  Look how we playing now  Look how we losing now  Everybody be crying now 😂😂😭  #CRONGA #worldcup ||| RT @omoissy: #CRONGA #WORLDCUP   This is Nigeria!  Moses be falling now Players be clueless now Ghanaians be laughing now;0;
908496964035022849;AnelAlonsoC1;Di;;Monterrey, Nuevo León;72;63;0;976;6126;False;2017-09-15T01:05:30;True;False;1;2018-06-16T23:44:53;2018-06-16T23:44:53;0,875;22,36;0;0,0;RT @oxminaox: VIVA MEXICO PUTOSSSSSSS https://t.co/YmqsCiKZb7;0;
794079684745105409;manavjoshi18;Manav Joshi;free education to children who can't afford fees;Mumbai, India;47805;241;4;6214;12964;False;2016-11-03T07:32:04;True;False;4;2018-06-15T16:56:16;2018-06-15T17:59:12;0,005;22,01;0;0,0;#WorldCup #EidulFitr https://t.co/kjBa9Fnfi2 ||| #WorldCup https://t.co/bycFdAc3W1 ||| #MARIRN Iran win their first World Cup match  since 1998 with a late victory over Morocco! 👏 #MARIRN #WorldCup https://t.co/x1rqaZuJCz ||| #MARIRN Big crowd at the Saint Petersburg Stadium today 👏#WorldCup https://t.co/gKRjylx0G9;0;
278312335;Cemiko_;Cemiko;If the word has the potency to revive and make us free, it has also the power to blind, imprison, and destroy. / R.Ellison;Gotham;258;239;19;20527;55893;False;2011-04-07T01:25:54;True;False;1;2018-06-16T20:48:21;2018-06-16T20:48:21;0,9264;21,28;0;0,0;RT @simonkjaer1989: Winning feels great👊  3 points + clean sheet = perfect start for us in the #WorldCup #DEN @FIFAWorldCup https://t.co/Sx…;0;
4892889639;Reakoh;Reakoh #UliOut;FC Bayern - #MiaSanMia //Carolina Panthers - #KeepPounding //FC Porto - Filho do Dragão 😎 #koanKovac #UliOut — Pro Nagelsmann!;Baden-Württemberg, Deutschland;270;198;1;61185;18160;False;2016-02-09T20:13:42;True;False;1;2018-06-17T09:22:20;2018-06-17T09:22:20;0,7333;21,17;0;0,0;RT @TrollFootball: The updated #WorldCup pool https://t.co/RqRXADZAMe;0;
211459056;tama_nyaa;たま@にゃあ;アイコンは野良の黒白さん。本人はニューヨーク出稼ぎ中。;moonstone号;322;431;29;3563;57144;False;2010-11-03T09:41:21;True;False;2;2018-06-16T23:04:05;2018-06-16T23:31:37;1,3385;20,54;0;0,0;RT @GameOfThronesJP: エルベ・ルナール監督のこの写真、若かりし頃のチャールズ・ダンスにも似てますね。顎のラインの辺りが特に。要はラニスター顔なのでしょう。俄然モロッコチームを応援したくなってきました🇲🇦🦁#TywinLannister #GameOfThro… ||| RT @GameOfThronesJP: ワールドカップサッカーのモロッコ代表エルベ・ルナール監督が #ゲームオブスローンズ のジェイミー・ラニスターに似ていると話題に #WorldCup #Morocco🇲🇦🦁#JaimeLannister #GameOfThrones #N…;0;
1646381888;AbdullS_;عبدالله;لا يليق اليأس بأرواح المؤمنين.;;910;99;10;60;36300;False;2013-08-04T23:34:50;True;False;1;2018-06-15T01:05:22;2018-06-15T01:05:22;0,1088;20,45;0;0,0;مرارة الخمسة كل مالها تزيد 💔 https://t.co/B5dtVtMeeR;0;
729008668394590208;rafael_zucoloto;🔚;bodyboard, capixaba, 16, minha alma é feita de sonhos, luto por isso, sem isso não vivo, só quem é  louco;na sua;1680;2142;1;10454;15595;False;2016-05-07T18:03:05;True;False;1;2018-06-14T19:35:16;2018-06-14T19:35:16;1,275;20,31;0;0,0;RT @legendarychld: AH MEU DEUS OS FILHOS DELE LEVARAM A TAÇA E O CHAPEU DELE #Russia2018 https://t.co/4mGgMIYU32;0;
957206752323362816;hmoodi_bz1;Mohammed binZager;اللهم أجعل أبي في ضمانك وأمانك وإحسانك;جدة, المملكة العربية السعودية;33;63;0;1386;2782;False;2018-01-27T11:00:48;True;False;1;2018-06-15T16:59:08;2018-06-15T16:59:08;1,9091;20,01;0;0,0;RT @TheRealParslow: How the goalkeeper catches the ball with closed eyes 😂😂😂No wonder Russia scored 5 goals.... #RUSKSA #WorldCup #SSFootba…;0;
18094704;angelquevedoj;Ángel Quevedo Jiménez;Periodista.;Caracas;931;5002;45;38122;68048;False;2008-12-13T06:04:32;True;False;10;2018-06-14T06:38:02;2018-06-16T20:27:40;5,3727;19,6;2;5,0;RT @RoyNemer: Positives for Argentina: Otamendi was everywhere, Pavon miles ahead of Di Maria, Aguero sharp.  This was a complicated match… ||| España. #ESP #WorldCup https://t.co/8xEaNlGU7U ||| RT @motherboard: This AI pretty much knows who is going to win the World Cup https://t.co/mBMITQP0eR #WorldCup2018 https://t.co/VQs3UHb7ls ||| RT @Squawka: Lionel Messi's #WorldCup game by vs. #ISL:  115 touches 84.5% pass accuracy  71 passes 60 passes completed 11 shots 9 take-ons… ||| RT @WeAreMessi: Lionel Messi's #WorldCup game by vs. #ISL:    115 touches  84.5% pass accuracy   71 passes  60 passes completed  11 shots…;0;
2667048127;_Jennafurr_21;Jennaphónoodles;A Broke College Student 🤷🏽‍♀️;;210;107;0;7736;27144;False;2014-07-21T20:15:32;True;False;1;2018-06-15T05:27:59;2018-06-15T05:27:59;0,5095;19,06;0;0,0;RT @ChivaZ71: a whole lotta Mexico Jerseys for a country who hates Mexico https://t.co/piXip0hs5R;0;
961965530658861058;GlendyJuarez77;Glendy Juárez;;Tuxtla Gutiérrez, Chiapas;51;62;0;2264;2317;False;2018-02-09T14:10:29;True;False;1;2018-06-14T03:25:51;2018-06-14T03:25:51;1,2157;18,69;0;0,0;RT @Losdeenmedios: Juntos construyamos el México que queremos, juntos hagamos alianza con la educación 📚 ¡Unidos somos más fuertes! #NuevaA…;0;
866309347143450624;cadesia_debruin;Cadesia de Bruin;"♋/ aspiring journalist / blogger /  #PitoriFollowTrain driver/
Honourable member at #TwarCover /





cadesiadebruyn@gmail.com";South Africa;2654;4567;0;6197;7072;False;2017-05-21T15:06:58;True;False;3;2018-06-16T09:58:18;2018-06-16T11:35:15;1,7208;18,13;0;0,0;"Its winter don't describe anything as ""ice cold"" we are already ice cold  Now is the perfect time to advertise coff… https://t.co/j7Gz73won3 ||| RT @_wangwe: Their wives. https://t.co/EtokCdHal2 ||| RT @LesibanaMakgai: Madea Goes To Russia https://t.co/kLR78IuQtn";1;
316710115;matthieugrelaud;Matthieu Grelaud;Supporter, ex-arbitre foot et ex-joueur Futsal du @ChamoisNiortais /Editeur @EA_FIFA_France /Co-créateur du @79footballclub / Chef d'agence @AuditTelecom64 #Bdx;Parempuyre, France;778;929;42;9462;46259;False;2011-06-13T21:13:16;True;False;1;2018-06-15T20:45:33;2018-06-15T20:45:33;1,1941;18,08;0;0,0;RT @Minoskovic: Ce stade est quand même ultra chelou #EGYURU #WorldCup https://t.co/PzTBROWUue;0;
3168202903;soapoperanurse3;sandy;;;322;146;5;5293;20670;False;2015-04-23T03:18:30;True;False;4;2018-06-16T14:09:36;2018-06-16T15:11:52;0,4534;17,97;0;0,0;they have to help Messi, he cant play as the whole team, and this could be his last World Cup.who will step up then? https://t.co/gJvq4w1BFk ||| so weird, I am not a Renaldo fan, but he came through for Portugal yesterday, Messi, who I believe Argentina depend… https://t.co/iluyqTn0Tf ||| their goalie is kind of weak right now too https://t.co/NeeoknNwL2 ||| I am watching the game and wondering the same thing. It's like they are taking a stroll instead of playing in the W… https://t.co/wimXk3NL1f;0;
2819226537;AvsarEno;eno avşar;;İstanbul, Türkiye;573;1233;47;20705;24043;False;2014-10-09T11:11:25;True;False;1;2018-06-15T07:45:45;2018-06-15T07:45:45;2,1518;17,89;0;0,0;RT @russian_market: Thank you, Dubai! #Rus #WorldCup https://t.co/3SwzyjoYiz;0;
752126704265617408;Tomas050803;тöмäѕ 🐉;Gaia | FCP;Porto, Portugal;124;124;10;2889;12507;False;2016-07-10T13:05:54;True;False;2;2018-06-15T22:44:22;2018-06-15T22:46:47;1,0;17,74;0;0,0;RT @FCPorto: Força @selecaoportugal 🇵🇹 #FCPorto #POR #WorldCup #mundialazulebranco https://t.co/EpeFiQ9lGl ||| RT @B24PT: Ronaldo é o mais velho de sempre a marcar um hat-trick no #WorldCup https://t.co/OJpIZ66I6m;0;
896019960677318656;Jagdish47067577;Jagdish Kumar Savita;;;178;52;0;10558;5407;False;2017-08-11T14:46:20;True;False;4;2018-06-15T03:19:22;2018-06-16T08:14:43;0,2921;17,56;1;4,0;RT @BabitaSolanki1: #ThursdayThoughts #कबीरपरमात्मा_के_चमत्कार  4युगों में इतने है अगर धरती का कागज़ और सभी पेड़ो की कलम(pen) और समुन्दर की… ||| RT @RamjiVe02121148: #WorldCup  #EidUlFitr_Special  अवश्य जानिए अल्लाह कौन है?  कहाँ रहता है?  किसने देखा है? इन प्रश्नों के उत्तर जानने के… ||| RT @bhgatmity: #ZeroCelebratesEid  #WorldCup  #FOLLOWME  #कबीरपरमात्मा_के_चमत्कार  संकट मोचन कष्ट हरण मंगल करण कबीर कि आ गये शरण तेरी।।  पा… ||| RT @daas_pawan: #ZeroCelebratesEid  #WorldCup  #FOLLOWME  #कबीरपरमात्मा_के_चमत्कार  संकट मोचन कष्ट हरण मंगल करण कबीर कि आ गये शरण तेरी।।…;1;
4522814716;Lodia_Thando;♎Ntando Ka Babakhe♎;Libra|| Law Student || HC in law bagged;Pretoria, South Africa;1213;1000;4;6650;15954;False;2015-12-18T08:24:16;True;False;2;2018-06-15T07:38:53;2018-06-17T16:34:38;0,8244;17,49;2;1,0;RT @Sibu_MrAuthor: Dear Men #YouthDay #WorldCup https://t.co/BzObDWjjDE ||| RT @Am_Blujay: It has begun #WorldCup https://t.co/LyOPtK8BRh;0;
246489988;NeilDrysdale;Neil Drysdale;I'm an Aberdeen-based journalist, interested in every aspect of life in the north and north east of Scotland. Email: neil694@btinternet.com;Scotland;16240;14856;172;63625;46643;False;2011-02-02T21:53:25;True;False;3;2018-06-15T12:32:06;2018-06-16T21:43:26;0,9148;17,34;1;3,0;RT @BBCSport: And that's that!  An OG and a Modric penalty seal it for Croatia.  #CRO 2-0 #NGA   Live reaction: https://t.co/xEcwi5GYi0   #… ||| I like John Motson, but once you start wondering why “goals” have been disallowed when they hit the side netting, p… https://t.co/PmOBz2TYhT ||| RT @Pharaohs: KICK OFF @Pharaohs VS @Uruguay  #WorldCup #ThePharaohs https://t.co/8Gh7l7qog9;0;
984602276923891712;2metros_;Vitor;"+41
16y
Insta: 2metros_
Vôlei ❤

Insta: 2metros_";;86;84;0;856;1117;False;2018-04-13T01:20:50;True;False;1;2018-06-17T15:20:29;2018-06-17T15:20:29;0,9767;17,18;0;0,0;RT @twittzendo: o hino do méxico pisa #MEX #Copa2018 #WorldCup https://t.co/xY8bQ0Vams;0;
727096377784832003;EniSports;EniSports;African Sports news, Nigerian sports news , Football News, International sports news, headlines, 24/7 Update and rumours | Enisports #Africanfootballnews;Africa:Lagos, CapeTown, London;11941;1;0;462;13218;False;2016-05-02T11:24:20;True;False;2;2018-06-14T15:24:44;2018-06-17T10:33:05;0,0001;17,06;2;1,0;😂😂😂Is he wrong or right on #FIFA #WorldCup… https://t.co/ZBTP3eACDx ||| #WorldCup2018 - #LIVE: #Latestnews and #updates… https://t.co/NcQo3UTiJE;0;
3017788404;Evagonzalesss;Eva🌼;William🧡;San Antonio, TX;511;302;4;6303;20778;False;2015-02-12T23:17:41;True;False;1;2018-06-15T11:49:10;2018-06-15T11:49:10;0,591;17,06;0;0,0;RT @ChivaZ71: a whole lotta Mexico Jerseys for a country who hates Mexico https://t.co/piXip0hs5R;0;
1005925237626626048;TheDiceman5;The Dice man;Here to point out the obvious;United States;7;128;0;90;85;False;2018-06-10T21:30:40;True;False;3;2018-06-14T20:00:48;2018-06-16T18:44:45;18,2857;17,0;1;3,0;"RT @TaylorTwellman: Amazing to me how many are “surprised” by what 🇮🇸 is doing because they were extremely unlucky to not be in 🇧🇷 in 2014… ||| RT @TaylorTwellman: Empty seats @ the #WorldCup is both comical &amp; pathetic 🇷🇺. Clean your s**t up my word. ||| RT @IronLionFirm: Who would win a game between Orlando City and Saudi Arabia? #WorldCup";1;
770751077612294144;GOTTlED;Gottied;x o ㅤㅤㅤ ㅤㅤㅤ ㅤㅤㅤ 💔//🖤++;;173;884;1;9363;10983;False;2016-08-30T22:32:31;True;False;1;2018-06-15T15:26:58;2018-06-15T15:26:58;5,1098;16,82;0;0,0;RT @KishoreGSundar: 2014 World Cup: Germany vs Portugal.    Portugal get a free-kick. Germany think a 1-man wall is enough to stop Cristian…;0;
2998748626;magalhaestuga;Magalhaes;18y|| C.C.R.D.S.V IRIVO⚽|| Insta:miguel.magalhaess||;Penafiel, Portugal;1178;665;2;14711;20532;False;2015-01-25T22:01:31;True;False;2;2018-06-15T20:54:55;2018-06-16T10:46:44;0,5645;16,6;0;0,0;RT @B24PT: OBRIGADO, @Cristiano 👑   #ConquistaOSonho #WorldCup https://t.co/T9buo5LQ7n ||| RT @insoniascarvao: ❤️ #PORESP #WorldCup #CristianoRonaldo https://t.co/fywgK6hwEy;0;
3009670492;verkabah;Vera Bahounkova;;;597;4954;111;12063;20377;False;2015-02-01T08:14:13;True;False;1;2018-06-15T14:42:49;2018-06-15T14:42:49;8,2982;16,57;0;0,0;RT @_Creat1ve: #FreebieFriday  To celebrate the #WorldCup we have a sports bundle which includes an Aqua Flavour water bottle, Stretch Pock…;0;
2933076651;NamasteLit;Taty Feriná;Cali.☀️ GoodVibes✨💕Kai’s Mommy💕 CanonT5📸Ig:namastelit (dm for inquiries);BayArea;453;405;4;30754;20981;False;2014-12-20T04:41:34;True;False;1;2018-06-16T17:25:54;2018-06-16T17:25:54;0,894;16,47;0;0,0;RT @ChivaZ71: a whole lotta Mexico Jerseys for a country who hates Mexico https://t.co/piXip0hs5R;0;
857997958519902208;nedayumm;nedz 👑;you don't matter. just give up. ✨;🇾🇪;72;181;0;21249;6648;False;2017-04-28T16:40:28;True;False;1;2018-06-15T06:50:29;2018-06-15T06:50:29;2,5139;16,14;0;0,0;RT @ChivaZ71: a whole lotta Mexico Jerseys for a country who hates Mexico https://t.co/piXip0hs5R;0;
23061112;HeraldPE;HeraldLIVE;Nelson Mandela Bay's leading newspapers The Herald and Weekend Post -  bringing you the best in local, national and international news. http://t.co/W114K5xKTo;Port Elizabeth;40247;322;306;247;54617;False;2009-03-06T13:12:27;True;False;2;2018-06-15T03:54:37;2018-06-15T04:01:03;0,008;16,13;0;0,0;Today in The Herald. Get the news in your inbox, subscribe here:  https://t.co/J4D4dxOIEO  #NelsonMandelaBay… https://t.co/cpfND5MwJ5 ||| Today in The Herald. Get the news in your inbox, subscribe here:  https://t.co/J4D4dxOIEO #NelsonMandelaBay… https://t.co/tUGxzOVUBi;0;
460245909;iAm_abbatee;Abbatee;#FactsOnly ▲ the rules are different on this level...;;494;238;3;248;37559;False;2012-01-10T15:05:48;True;False;1;2018-06-15T02:20:42;2018-06-15T02:20:42;0,4818;16,0;0;0,0;RT @ASRomaEN: #ASRoma fans voted these two Nike kits the best home and away shirts of the #WorldCup - but which is the one winner to rule t…;0;
1001407473440436224;Geminikid8;Gemini_kid;"Im A rapper
Trend Analyst💰💹💹
Nasty c's fan";Kwa-Mhlanga;55;126;0;2281;283;False;2018-05-29T10:18:41;True;False;1;2018-06-16T19:30:10;2018-06-16T19:30:10;2,2909;15,72;0;0,0;RT @WomenInForex: Your thought on this situation? #WorldCup https://t.co/DPcgz32FpW;0;
309630539;Angry_Beardii;Uchiha🎭🎭;Tic-Tac-Toe. YNWA. Software Engineer- JavaScript developer. wannabe model 🤪;Reality. ;2466;2315;3;546;38750;False;2011-06-02T12:06:52;True;False;2;2018-06-14T12:17:31;2018-06-15T08:37:05;0,9388;15,08;0;0,0;There’s only one Mo. 👆🏿#lfc https://t.co/1cYjYoEsEh ||| RT @ASRomaEN: #ASRoma fans voted these two Nike kits the best home and away shirts of the #WorldCup - but which is the one winner to rule t…;0;
2922434051;alexandreia__;a;;columbus, ga;623;496;2;4556;19232;False;2014-12-15T04:48:34;True;False;1;2018-06-15T14:41:43;2018-06-15T14:41:43;0,7961;15,05;0;0,0;RT @ChivaZ71: a whole lotta Mexico Jerseys for a country who hates Mexico https://t.co/piXip0hs5R;0;
797161473382502400;scrmblnscholar;Oshito 🐻;My life is a play. living in a state of dreaming.;;46;243;0;1212;8334;False;2016-11-11T19:38:00;True;False;3;2018-06-15T18:01:35;2018-06-17T16:48:57;5,2826;14,32;1;3,0;Three minutes. Inhale. Exhale. #WorldCup #MexicoVsAlemania ||| Great game! #WorldCup ||| Portugal/España Is just under way. It's my day off and don't have any plans but wait for the UPS truck to deliver a… https://t.co/UmiH85tJjz;0;
540500776;hlo300;H.;S💙🤞🏽.;Acres Homes 4️⃣4️⃣, HTX;747;625;2;38626;31088;False;2012-03-30T03:46:00;True;False;4;2018-06-14T20:06:49;2018-06-15T18:09:09;0,8367;13,71;0;0,0;RT @BleacherReport: RONALDO IN LESS THAN FOUR MINUTES. #WorldCup https://t.co/v0nhJMvgkm ||| RT @ChivaZ71: a whole lotta Mexico Jerseys for a country who hates Mexico https://t.co/piXip0hs5R ||| RT @DiskiStyle: #WorldCup Tomorrow:  Egypt 🇪🇬 vs 🇺🇾 Uruguay 14:00  Morocco 🇲🇦 vs 🇮🇷 Iran 17:00   Portugal 🇵🇹 vs 🇪🇸 Spain 20:00 https://t.co… ||| RT @HoustonRockets: The #WorldCup starts today! https://t.co/XNcaKiiC4R;0;
622936846;i_h_q1;أبونورة;هُنا أكتب خاطري أحياناً ، هُنا اختلاف لا خِلاف ، هُنا أتمنى أن تُحسن الظن ، ذكر الله راحة لا يعلمها إلا من أدام قول أستغفر الله العظيم وأتوب إليه ،،;باريس نجد;582;349;1;1739;29630;False;2012-06-30T16:10:35;True;False;2;2018-06-14T13:46:47;2018-06-14T14:27:11;0,5997;13,63;0;0,0;RT @Squawka: Best goals-per-game ratio among players at the 2018 #WorldCup with 20+ goals:  🇸🇦 Mohammad Al Sahlawi (0.70) 🇮🇷 Sardar Azmoun… ||| RT @SaudiNT: 📹 | أسطورة منتخبنا ماجد عبدالله بين جماهير الأخضر، قادمون من أجلكم يا صقورنا.. 😍  #معاك_يالأخضر 🇸🇦💚 #WorldCup2018 #Green_falco…;0;
254829874;papamadrid07;Matthew Madrid;I like to talk about sports... husband, father;;398;345;4;876;36199;False;2011-02-20T03:04:28;True;False;1;2018-06-15T18:06:07;2018-06-15T18:06:07;0,8668;13,55;0;0,0;RT @ESPNFC: GOAL, Portugal!   Cristiano Ronaldo puts Portugal in front from the penalty spot! 1-0! #WorldCup https://t.co/jqOHLOyT1n;0;
2272565912;DaleshaR1424;Dalesha’s Life;working to become a boss lady👑🦋 aspiring to be a model📷💎 SC Dalesha24, IG Gemini__524, Tumblr Dalesha524, oh yeah and I’m a YouTuber👇🏾;Illinois, USA;358;395;43;6058;21915;False;2014-01-02T06:04:02;True;False;1;2018-06-16T13:38:19;2018-06-16T13:38:19;1,1034;13,48;0;0,0;🇦🇷 come on #Argentina 🇦🇷⚽️🇦🇷⚽️🇦🇷⚽️🏆#SaturdayMorning #WorldCupRussia #sports  ##WorldCup2018 ⚽️📺 #DaleshasLife… https://t.co/oVC2QKRcAM;0;
751136162;sep_john;john sep;;;54;158;24;440;28306;False;2012-08-11T11:37:21;True;False;1;2018-06-16T18:40:04;2018-06-16T18:40:04;2,9259;13,26;0;0,0;RT @DreigingNL: #BREAKING VIDEO: Taxichauffeur rijdt in op voetbalsupporters van #WorldCup in Moskou. Vervolgens vlucht hij weg.  Acht gewo…;0;
955115296427331585;migueljuarez981;Miguel Jn 💀;No basta con ser el más fuerte, tambien hay que ser el más inteligente.;Estados Unidos;66;197;0;310;1907;False;2018-01-21T16:30:06;True;False;2;2018-06-14T13:54:21;2018-06-15T17:56:25;2,9848;13,15;1;2,0;RT @realmadriden: Our captain @SergioRamos is all set for the #WorldCup - are YOU? 👊  #HalaMadrid https://t.co/WUNquaHwLt ||| RT @InvictosSomos: Todo cambia el día que inicia el Mundial de Rusia 2018. #WorldCup https://t.co/vbPOHLBeI7;0;
770701471591563264;raeygabrielle;🛸;❥sc : rey_ann                                                         ♡IG: reyannbrielle;;245;186;0;30776;8489;False;2016-08-30T19:15:24;True;False;1;2018-06-15T15:25:59;2018-06-15T15:25:59;0,7592;13,0;0;0,0;RT @ChivaZ71: a whole lotta Mexico Jerseys for a country who hates Mexico https://t.co/piXip0hs5R;0;
3134170247;Cabeza_Balon;Cabeza de Balón ⚽;Cabeza de Balón por excelencia, Opinologo, podria ver hasta un partido de la liga de Kuwait, pero no me alcanza el tiempo ⚽️;;352;1182;2;590;14750;False;2015-04-04T15:43:00;True;False;1;2018-06-14T23:48:49;2018-06-14T23:48:49;3,358;12,64;0;0,0;los defensas uruguayos van a hacer cagar a salah,  se los firmo! #Rusia2018 #WorldCup https://t.co/tCGxNsAVe0;0;
925392270521749504;R_m_7842;Romain Mrt;insta: R_m_7842;78579;29;104;0;2082;2851;False;2017-10-31T16:01:25;True;False;2;2018-06-17T00:09:15;2018-06-17T12:15:17;3,5862;12,5;0;0,0;RT @MesutOzil1088: M A T C H D A Y ! ⚽️💥🇩🇪 #M1Ö #Worldcup2018 #GERMEX #DieMannschaft #Predator https://t.co/cRSMZNgFal ||| RT @ThomMills: Bonne chance aux copains du @PSG_inside et aux français dans l'ensemble 😁 De tout coeur avec vous... jusqu'à un certain stad…;0;
787348597;DruceBen;-;Ox;Kidlington, Oxford;1134;842;10;14442;26064;False;2012-08-28T16:21:07;True;False;1;2018-06-14T12:03:15;2018-06-14T12:03:15;0,7425;12,32;0;0,0;RT @GotNoFans3: 🏴󠁧󠁢󠁥󠁮󠁧󠁿 England vs Costa Rica 🇨🇷  Alternative Commentary 🎤 🎧 🔊😂#alternativecommentary #alternatecomms #russia2018 #threelio…;0;
4801957520;SyyedAaftab;Krrish 4 Indian Avenger;"Hrithik Is God Of Acting 💕
Johnny Depp Is Inpiration 💞
Jackie Chan Is Entertainer 💗
Sachin Tendulkar Is Angel 💖
Michael Jackson Is Legend 💝";New Delhi, India;753;1342;8;30351;10668;False;2016-01-23T08:01:44;True;False;8;2018-06-16T05:03:12;2018-06-17T02:18:53;1,7822;12,19;0;0,0;RT @SyyedAaftab: 33y 130d - Cristiano Ronaldo is the oldest ever player to score a World Cup hat-trick. History. #PORESP #POR #ESP #WorldCu… ||| RT @SyyedAaftab: Watch this Cristiano Ronaldo's third goal against Spain. Portuguese commentary is Amazing. GOAL GOAL GOAL #Portugal @Crist… ||| RT @SyyedAaftab: 33y 130d - Cristiano Ronaldo is the oldest ever player to score a World Cup hat-trick. History. #PORESP #POR #ESP #WorldCu… ||| RT @SyyedAaftab: 33y 130d - Cristiano Ronaldo is the oldest ever player to score a World Cup hat-trick. History. #PORESP #POR #ESP #WorldCu… ||| RT @SyyedAaftab: Watch this Cristiano Ronaldo's third goal against Spain. Portuguese commentary is Amazing. GOAL GOAL GOAL #Portugal @Crist…;0;
2882864073;srobbins174;$cott.B;Boxing Fan ,BCFC fan,life is what you make it !!;England, United Kingdom;558;1203;15;13047;15810;False;2014-11-18T17:41:26;True;False;3;2018-06-16T14:32:13;2018-06-17T15:59:33;2,1559;12,11;1;3,0;As the England game gets nearer the more nervous I'm getting #WorldCup2018 ||| RT @Stokietony: ALL FOOTBALL FANS RETWEET THIS AND FOLLOW EACHOTHER, FOR MORE #TWITTER92  FOLLOWERS. #WORLDCUP  ⚽️⚽️⚽️⚽️⚽️⚽️⚽️⚽️⚽️⚽️ https:… ||| RT @AndyP792: #WorldCup https://t.co/gzP82xbtX3;0;
970664625208410114;tora15719;虎;高校野球、MLB、阪神🐯ロッテ、サッカー 、モータースポーツ.etc 🙏あと無言フォローすみません🙏 😅野球、サッカーファンの方のフォロバは100%です！宜しくお願いします、;;154;210;0;2338;1257;False;2018-03-05T14:17:35;True;False;3;2018-06-14T16:34:11;2018-06-17T15:04:38;1,3636;12,09;2;1,5;RT @SoccerKingJP: 🇷🇺#WorldCup グループF第1戦🏆  🇩🇪ドイツ代表 ▼GK 1 ノイアー ▼DF 2 プラッテンハルト 3 フンメルス 17 ボアテング 18 キミッヒ ▼MF 6 ケディラ 7 ドラクスラー 8 トニ・クロース 10 エジル ▼F… ||| RT @J_League: オープニングゲームは 開催国ロシアが5-0と見事な快勝🇷🇺  ✔ 試合終了 🏆 ワールドカップ　グループステージ　 🆚 ロシア vs サウジアラビア 🔢 5-0 #WorldCup   試合データはこちら👇 https://t.co/sXHSkqOE… ||| RT @J_League: 開催国ロシア強し！３点目を決める🇷🇺  ✔ ゴール！！ 🏆 ワールドカップ　グループステージ　 🆚 ロシア vs サウジアラビア 🔢 3-0 ⌚️ 71分 ⚽️ アルテム　ジュバ（ロシア） #WorldCup  試合速報はこちら👇 https://t…;0;
1006683301627748352;victoriawinche;Kübra;Kendimi imha etmeliyim ya da uzağa gitmeliyim.;;92;115;0;10;24;False;2018-06-12T23:42:57;True;False;1;2018-06-15T16:56:49;2018-06-15T16:56:49;1,25;12,0;0;0,0;#WorldCup 90+5 te kendi kalesine gol atan faslı futbolcu seni o kadar iyi anlıyorum ki 😀 😀 😀;0;
867696690064740353;Leslie412819862;the big red 1;Liverpool supporter follow back ,all Liverpool supporters, don’t buy the sun , no DMS please ALLEZ ALLEZ ALLEZ and ufologist;watford ;2193;2198;2;8749;4642;False;2017-05-25T10:59:46;True;False;2;2018-06-14T17:39:24;2018-06-16T13:23:58;1,0023;11,99;1;2,0;RT @SamanthaQuek: To the Kirby Estate in Bermondsey... I salute you!   🏴󠁧󠁢󠁥󠁮󠁧󠁿🏴󠁧󠁢󠁥󠁮󠁧󠁿🏴󠁧󠁢󠁥󠁮󠁧󠁿  Top support this! #WorldCup #ThreeLions https… ||| RT @shotongoal247: Who had a better #WorldCup performance? 🤔  🔄 - RT Shakira  ❤️ - Like Robbie https://t.co/Qk8gykYK4v;0;
238897233;laurensd1;Enid Did It!;"-""Speak softly and carry a big rolling pin""-   If all people were goldens and calicos, we wouldn't be in this damn pickle.";MN Confusion Center;2719;5001;2;75400;32321;False;2011-01-16T08:37:44;True;False;1;2018-06-16T16:31:56;2018-06-16T16:31:56;1,8393;11,94;0;0,0;RT @MollyMcKew: Did anyone think it would be different? This isn't a controlled, locked-down environment like Sochi. https://t.co/IULGTFM9Mc;0;
472208804;katarcem;TC ayyaşcapulcu;;;375;298;1;14736;27668;False;2012-01-23T18:22:40;True;False;1;2018-06-14T18:45:32;2018-06-14T18:45:32;0,7947;11,85;0;0,0;RT @yaziIif_: Bir tek kendisiyle kavga etmemişti... O da tamam😂😂😂  #WorldCup  #DünyaKupası https://t.co/k1fzSKSShb;0;
974135000;iTWIT_SENSES;Grand_Royalty👑;#WebGeek #ArsenalFC #InternetFreak | Grafiks Designer | #RequestForAFollowBack | Tech Blogger | +2348149948401 | 7B3B3A7F #PremiumFamilia;Lagos | New York | Dubai ;1094;1094;23;596;23520;False;2012-11-27T15:47:47;True;False;5;2018-06-16T15:20:56;2018-06-16T21:58:26;1,0;11,6;0;0,0;"RT @ASRomaEN: [THREAD] #WorldCup Concept Kit Special: #ASRoma x Nigeria  After Nigeria’s new Nike kit was overwhelmingly voted the best shi… ||| RT @Iamveinzell_: Others were training, Nigeria players were busy taking measurement😂 #CRONGA #WorldCup https://t.co/CjGGXARzVr ||| RT @jn_shine: The way Victor Moses is going down, he will soon discover Oil. 😂😂 Davido should just replace him and give Nigeria assurance😂😂… ||| RT @umpireline: I just entered twitter and I see people dragging goat, ""my goat this"",""your goat that"" when did Ewure become this important… ||| RT @eromzy: As Nigerians we have to adopt AS Roma as our 2nd club irrespective of who we support. We have to pay back all the love shown. F…";0;
718466165199253508;tracker1878;Phil Orme;Recovered Bearded depressive, bookaholic (Sport,Music,Thrillers and Travel) dog lover and black belt in sudoku. COYB and LCCC. Real Ale.;Liverpool;1509;3762;6;21988;9036;False;2016-04-08T15:50:57;True;False;1;2018-06-15T09:58:25;2018-06-15T09:58:25;2,493;11,34;0;0,0;RT @deCoubertin: To celebrate the #WorldCup (and remember Graeme Sharp's 1986 World Cup exploits) we're giving away a copy of Here We Go, s…;0;
948941803235041281;tebancastro7;Esteban!!!;"Atlético Junior Barranquilla
Club Atlético River Plate
Fútbol Club Barcelona!";Barranquilla, Colombia;23;166;0;5386;1805;False;2018-01-04T15:38:51;True;False;1;2018-06-14T14:20:50;2018-06-14T14:20:50;7,2174;11,28;0;0,0;RT @FIFAWorldCup: The teams for #RUSKSA are in... 👀  #WorldCup https://t.co/rjPSQQWUQ5;0;
3439111827;DiegoMott100;Diego Motta;Bullis '19;;303;399;1;15233;11443;False;2015-08-25T13:42:46;True;False;1;2018-06-16T01:16:28;2018-06-16T01:16:28;1,3168;11,16;0;0,0;RT @ChivaZ71: a whole lotta Mexico Jerseys for a country who hates Mexico https://t.co/piXip0hs5R;0;
2868296573;brgiacomelli72;Bruno Giacomelli;Amo compartilhar momentos especiais nos programas com minhas amigas acompanhantes.;Santo André, São Paulo;2108;4458;6;47096;14571;False;2014-11-09T01:52:12;True;False;2;2018-06-14T12:05:48;2018-06-17T14:21:36;2,1148;11,07;3;0,67;RT @PretaVip: Eu patriota 🇧🇷 #mostratuaforça  #WorldCup https://t.co/GXMUFkGD5V ||| RT @deyseloira: 🔴 ONLINE 🔴 Retweet Please 💖  ⚽️Em ritmo de Copa ⚽️ #Russia2018 #WorldCup #BRA #Copa2018  ➡️https://t.co/CZwHFDv9Pg  ⬅️  @Tu…;0;
870820568211349509;fawazi55;فواز                                       🇸🇦;اللهم اني اعوذ بك من زوال نعمتك وتحول عافيتك وفجاءة نقمتك وجميع سخطك .;;182;226;0;2123;4162;False;2017-06-03T01:52:57;True;False;1;2018-06-14T17:57:19;2018-06-14T17:57:19;1,2418;11,07;0;0,0;RT @IndyFootball: Salem Al-Dawsari is wearing his Saudi Arabia shirt against Russia.  The 8 has been printed upside down 🙃 #WorldCup https:…;0;
2457547050;exilebakam;たつや🐲;ONE OK ROCK ONE PIECE 三代目JSB EXILE サッカー フットサル とか好きな人絡も？ よろしくね！ 三代目JSBのNAOTOさんファンの人友達なりましょう！！ あと、フットサル,サッカーやってる人も友達なりましょう！無言フォローは即ブロします！;;149;407;2;20521;16540;False;2014-04-22T03:43:54;True;False;2;2018-06-16T01:51:11;2018-06-17T04:50:21;2,7315;10,9;1;2,0;RT @DugoutJP: 【動画】🇧🇷 ネイマールのベストプレー集 ➡️ https://t.co/GjCSfIxqxI  #WorldCup #BRA https://t.co/KrCyDuCoTz ||| RT @NHK_soccer: 【2分でわかる #ロシアW杯】 歴史に残る名勝負。スペインのエース、コスタ2点、ポルトガルの怪物 #クリスチアーノ #ロナウド は3点！怒涛のゴールラッシュとなった注目の試合は両雄一歩も譲らず。 #ワールドカップ #WorldCup #サッカーみ…;0;
2530685578;umarnasid01;Pharouq Abdallah;If you tickle my feet, I am not responsible for what happens to your face.;Kano Nigeria;228;219;7;1243;16299;False;2014-05-05T10:16:46;True;False;1;2018-06-14T14:57:31;2018-06-14T14:57:31;0,9605;10,86;0;0,0;RT @photosofootball: “My precious!” #WorldCup https://t.co/5QqUuYMfM4;0;
1723723634;SpursEeyore;Spurs Eeyore;It's always the hope that gets you. Spurs fan of 35 years and counting. In Poch we trust;the ether;741;777;16;8668;18887;False;2013-09-02T23:10:57;True;False;1;2018-06-15T14:36:31;2018-06-15T14:36:31;1,0486;10,82;0;0,0;RT @TheTotallyShow: 🏆 COMPETITION 🏆  The #WorldCup kicks off today! To celebrate we're giving away 50 packets of FIFA World Cup @OfficialPa…;0;
958487817239318528;ABritperspect;The British Perspective;The British Perspective has one goal to expose the untold truth of a story the Fake News Media will not.“The truth will always prevail” #Brexit #MAGA #POTUS;England, United Kingdom;445;504;1;5025;1439;False;2018-01-30T23:51:18;True;False;1;2018-06-16T19:29:31;2018-06-16T19:29:31;1,1326;10,58;0;0,0;RT @BreakingNLive: BREAKING: Taxi ploughs into several #WorldCup fans in central Moscow, then flees the scene. Eight people were injured. P…;0;
241370610;wingheartnet;show-nishi;プロ野球&サッカー&あにめ！！ Tweetは、RTが多めです！！※アニメ二次元絵のRT(艦これ&FGO)が多いので、注意！！ ☆東京ヤクルトスワローズ/FC東京/Key/艦これ/型月/4コマ/とらドラ！/化物語/デレステ/ラブライブ/the brillant green;えどがわ基地;202;1323;1;24859;28420;False;2011-01-22T03:05:55;True;False;1;2018-06-14T17:06:32;2018-06-14T17:06:32;6,5495;10,53;0;0,0;RT @FIFAWorldCup: The 2018 FIFA #WorldCup is currently averaging five goals per game!   The perfect start for @TeamRussia!  #RUSKSA  #RUS #…;;
729772925490958336;Elainenbella;Elaine&bella;Love my life my family is everything  ..I live for my daughter  and our wee dog;Greenock, Scotland;288;1716;30;15079;7967;False;2016-05-09T20:39:58;True;False;2;2018-06-14T21:25:54;2018-06-15T14:44:14;5,9583;10,4;0;0,0;RT @Gripping_Stuff: Alright, we’re feeling generous… To celebrate the World Cup, we're giving away a Dry-Erase Monthly Planner worth £17.99… ||| RT @bmstores: ⚽ #Competition Time ⚽  We're celebrating the start of the #WorldCup by giving away huge bundles of @PepsiMaxUK , @walkers_cri…;;
69099394;SoupLicker;SoupLicker;There is no spoon.;Spirited Away.;1176;142;26;202;33129;False;2009-08-26T21:22:03;True;False;1;2018-06-14T08:34:26;2018-06-14T08:34:26;0,1207;10,31;0;0,0;😂😂😂😂 RT @DejiMD: This is nice 😁 #WorldCup https://t.co/IutUgSX0Bb;;
970255609516974080;Ana11610843;Ana;Ufff;Almería, España;32;15;0;987;1072;False;2018-03-04T11:12:18;True;False;1;2018-06-16T21:49:40;2018-06-16T21:49:40;0,4688;10,31;0;0,0;RT @olivelvet: Veo todas las ceremonias del Mundial de Fútbol por envidia sana de ver a todos los paises cantando sus himnos, mientras noso…;;
3254500503;ErmanStinson_;Erman.;#Bundesliga @BVB @FCAugsburg @LFC;;285;170;18;647;11554;False;2015-05-14T19:17:08;True;False;1;2018-06-15T18:05:33;2018-06-15T18:05:33;0,5965;10,25;0;0,0;RT @alperocal: Ronaldo'nun Real Madrid'den bütün takım arkadaşlarının hakeme itiraz etmesi büyük keyif #WorldCup;;
994126876191883264;hamhaj7;HajHamid;روسونری...;;338;394;1;3678;376;False;2018-05-09T08:08:12;True;False;2;2018-06-15T11:07:52;2018-06-15T17:02:20;1,1657;10,16;0;0,0;ديدين دسته خرابه بالاخره كار دستشون داد😂😂😂 زنده باد فوتبال ✌🏻 زنده باد ايران ✌🏻 زنده باد #اميدابراهيمى ✌🏻 https://t.co/qZCJcqsLux ||| آقا ما با pes شبيه سازي كرديم بازيو اگه دسته خرابه رو بديم دست مراكشيا 3 - 1 ميبريمشون✌🏻😅 #جام_جهاني #ايران_مراكش #WorldCup;0;auto: 0/6 signals
2206699845;BabyacuAcuna;David Acuna;;;376;316;2;34794;16690;False;2013-12-04T01:14:06;True;False;1;2018-06-15T14:43:14;2018-06-15T14:43:14;0,8404;10,09;0;0,0;RT @ChivaZ71: a whole lotta Mexico Jerseys for a country who hates Mexico https://t.co/piXip0hs5R;;
3099102330;mike_salloum;MIKE ;Not religious , against the islamic terrorism and Dictatorships.Retweet is not an endorsement and Verisimilitude is an endorsement . New York City 🗽USA🇺🇸;;99;70;2;5111;11713;False;2015-03-20T07:58:23;True;False;1;2018-06-16T06:14:28;2018-06-16T06:14:28;0,7071;9,9;0;0,0;RT @ojo_shevexy01: Best meme ever created for Ronaldo and Messi 😂😂😂 #WorldCup https://t.co/7D3D3K9igf;;
630346760;ben_smith1987;Ben Smith;Proud Dad, Yorkshireman, Hull City AFC fanatic, Campervan owner, Runner, Cyclist. #notohulltigers, #allamout;Leeds, Yorkshire, UK;756;2234;27;11962;21364;False;2012-07-08T16:44:22;True;False;3;2018-06-14T18:56:44;2018-06-17T08:35:50;2,955;9,85;2;1,5;RT @brian_bilston: Here’s a new poem entitled ‘Fixtures’.  #WorldCup2018 https://t.co/PKXyJrRt0E ||| My #worldcup watching buddy! C’mon Portugal 🇵🇹… https://t.co/ymLLWMhe65 ||| RT @HelenBunker: 4 yrs ago my husband was dying of cancer so he flew to the World Cup in Brazil. Thanks to some incredible friends he got a…;0;auto: 0/6 signals
749118655879716865;Marcoss_Ramos;Marcos🖤🏴🏳;A sabedoria é melhor do que o dinheiro. A vantagem da sabedoria é que ela conserva a vida da gente. (Eclesiastes 7:12)💜;São Bernardo do Campo, Brasil;186;603;0;13968;6906;False;2016-07-02T05:53:00;True;False;4;2018-06-16T15:51:20;2018-06-16T19:34:15;3,2419;9,67;0;0,0;A Croácia achou esse gol!   #WorldCup2018 ||| RT @gustavorluiz_: Expectativa: Acabou o câo, o Guerrero chegou, o Guerrero chegou...🎵   Realidade: Guerrero é reserva  #Copa2018 #WorldCup… ||| RT @CBF_Futebol: - Também sei fazer, Zabivaka!  #Canarinho dando show de habilidade e simpatia na Rússia! 🤙🐥🇧🇷 #GigantesPorNatureza #WorldC… ||| RT @gustavorluiz_: Hoje sou Islândia!!! #Isl  #Copa2018 #WorldCup https://t.co/QF0baHiwNb;0;
901058443276111873;Fulham_Focus;Fulham Focus;"Website created by @Fulhamfc fans for  supporters of all ages. Featuring a blog, podcast & Q&A series.




#FFC #COYW";;3177;4969;21;3181;2830;False;2017-08-25T12:27:28;True;False;2;2018-06-16T07:12:55;2018-06-16T12:39:30;1,5641;9,59;0;0,0;Here's another challenge for ya.  Pick 1 player from each of these Euros/World Cup winning teams and make the best… https://t.co/8MKeGDVnwv ||| Yesterday we witnessed something truly special. The World Cup has finally sparked into life!  2 teams playing Footb… https://t.co/eQlWoKw9oy;0;auto: 0/6 signals
4858018845;steve_nicodemo;Steve Nicodemo;participant à l'Euro 2016 #Flames #Falcons #A's #ASRoma #Steve des Falcons à LaraqueGonzalez 91,9  #jhaislesfafans respect,savoir-vivre HSL;Montréal, Québec;499;1738;1;4354;8184;False;2016-01-28T18:26:25;True;False;1;2018-06-15T20:53:54;2018-06-15T20:53:54;3,483;9,42;0;0,0;#WorldCup #por when i thing of Ronaldo the song something like a phenenom comes to my head;0;auto: 0/6 signals
2467117869;7_imadrid;خويلد 🇵🇹🇸🇦;;الرياض, المملكة العربية السعودية;19475;257;18;120;14177;False;2014-04-07T10:58:39;True;False;3;2018-06-15T22:28:13;2018-06-16T17:11:44;0,0132;9,26;0;0,0;RT @i7modi: #ARGISL , First half #Headers #Messi #Aguero #Arg #Russia2018 https://t.co/CYUxvQN3Y1 ||| RT @i7modi: Last one 3-3 .. #Russia2018 #Por https://t.co/NClaZgFbl3 ||| RT @i7modi: تصميمي لمجوعة هيدرات للتورنادو رونالدو . #Por #Worldcup #Russia2018 #Headers @Cristiano https://t.co/a4WI50WBQs;;
497236095;danatkin5;Dan Atkin;Husband, father, Blade, boxing, #marvel #starwars fanboy. Ex fatso turned exercise fanatic. #autismparent Fluctuat nec mergitur. #runnerblades;Monks cafe.;1467;1234;22;10943;21236;False;2012-02-19T19:26:48;True;False;3;2018-06-15T05:34:14;2018-06-17T11:32:07;0,8412;9,2;2;1,5;Never trust anyone who doesn’t like football, they’re just wrong on a cellular level. https://t.co/xJgsNoTZUk ||| RT @IanWright0: Messi 😱😱😱😱 #Worldcup https://t.co/DOvuBeb8c6 ||| “Simmonsen’s come but hasn’t got there...” who knew at the time the shivers that phrase would send down our collect… https://t.co/VqcRqOe1oH;0;auto: 0/6 signals
3098948615;Jackok13O;Jack O'keeffe;Testing testing....;;268;258;2;15529;10825;False;2015-03-20T10:47:16;True;False;1;2018-06-14T11:27:20;2018-06-14T11:27:20;0,9627;9,16;0;0,0;RT @sportbible: 4 HOURS TO GO! #WorldCup https://t.co/muJioSgugI;;
1604506434;alexboy7361;Alexxx;18 | sc: alexboy06;Cuxpala, Zacatecas;1438;935;3;8426;16413;False;2013-07-18T22:57:39;True;False;2;2018-06-14T17:02:35;2018-06-17T16:02:42;0,6502;9,15;2;1,0;RT @BleacherReport: 🇲🇽  #WorldCup https://t.co/UPJzm9CIfY ||| Mexico* https://t.co/0QObHlNIvE;0;auto: 0/6 signals
3091744691;AntoniaAlcaideL;Toñi Alcaide Lastre;;;280;514;9;80262;10846;False;2015-03-14T18:10:24;True;False;1;2018-06-14T20:14:22;2018-06-14T20:14:22;1,8357;9,13;0;0,0;RT @AmnistiaCLM: YA tenemos la alineación para el partido de #fútbol ⚽️ solidario POLÍTIC@S VS PERIODISTAS de esta tarde en apoyo de las y…;;
3320577130;acces;ACCeS;L'ACCeS fédère des chaînes thématiques de télévision payantes du câble, du satellite et de l'ADSL autour leurs intérêts communs et valorise leurs spécificités.;Paris, Ile-de-France;430;452;82;1203;10009;False;2015-06-12T08:24:33;True;False;1;2018-06-14T15:27:08;2018-06-14T15:27:08;1,0512;9,12;0;0,0;RT @Sports_gouv: Ce soir, la ministre des Sports @FlesselLaura sera, à partir de 20h, dans l'émission Bons baisers du mondial sur @Europe1…;;
618995329;rickyevans14;ricky evans;Try and be better than you were yesterday;wickford, essex ;651;439;6;4175;19813;False;2012-06-26T11:37:57;True;False;2;2018-06-14T07:26:05;2018-06-14T18:13:09;0,6743;9,09;0;0,0;Absolute disgrace. How are they not diving about like fucking lunatics. https://t.co/ce7ckOQfiY ||| Imagine having the whole World Cup off work 😅 #plottingup #worldcup2018;0;auto: 0/6 signals
799425312;sanambna;Sanam Naraghi Anderlini;Mother of twins, fan of Atticus Finch style diplomacy, peace activist, ICAN Co-founder, author:Women Building Peace, what they do, why it matters;;3671;587;105;11422;19165;False;2012-09-03T02:05:32;True;False;8;2018-06-14T16:37:51;2018-06-17T12:39:10;0,1599;9,07;2;4,0;"Another great song by the  great @Abjeez - the lyrics simple &amp; catchy  - strange thing in #Iran  men &amp; women can si… https://t.co/JDx7pZGVnM ||| RT @SanamF24: “Let our boys play football. They are just football players. They are not against anybody... The main value of FIFA is to put… ||| Dear #TeamMaroc thank you for giving 80M Iranians around world joy &amp; much needed respite from relentless stupidity… https://t.co/IhqA53XX66 ||| .@AliVaez figure this  from @MazJobrani will make you chortle too :-) https://t.co/hIniZxFxP3 ||| RT @SanamF24: Circulating on social media. #WorldCup 🇮🇷 cc: @Nike https://t.co/VzforqpZou";0;auto: 0/6 signals
2186800852;DanSpace77;DanSpace77;Space & astronomy intended to inspire, educate and keep you informed on the latest in the universe & space industry. Follow on Instagram & Facebook @DanSpace77.;1AU - Earth - U.S. - NH;4563;2095;227;85796;14916;False;2013-11-19T02:19:00;True;False;3;2018-06-14T20:57:58;2018-06-15T02:29:28;0,4591;8,94;0;0,0;"Watching @FIFAWorldCup? The ⚽️ being used is called the #Telstar18 &amp; it’s a tribute to @adidasfootball 1st World Cu… https://t.co/WSOFZcEb9e ||| Watching @FIFAWorldCup? The ⚽️ being used is called the #Telstar18 &amp; it’s a tribute to @adidasfootball 1st World Cu… https://t.co/h34KAnKK96 ||| RT @tweetsoutloud: I’m 100% ok with space subtely infiltrating sports because we’re one step closer to my dream of low gravity sports (or s…";0;auto: 0/6 signals
954853898963046400;JayProYouTube;FCROdBM1997;Jeux vidéo, Musique, Youtubeur #TeamJayPro #TeamFCROdBM1997 n'hésitez pas à me poser des questions avec le #JayProVousEcoute je répondrais à tout le monde;;151;1606;1;1128;1271;False;2018-01-20T23:11:24;True;False;1;2018-06-14T15:48:41;2018-06-14T15:48:41;10,6358;8,83;0;0,0;Qui regarde #RUSKSA #Rus #KSA #WorldCup #WorldCupRussia2018;;
926211061497434112;mclendon_ramon;Ramon Mclendon;;;0;1;0;0;1983;False;2017-11-02T22:15:00;True;False;1;2018-06-16T08:10:10;2018-06-16T08:10:10;0,0;8,81;0;0,0;CNN: Cristiano Ronaldo's hattrick earns Portugal a thrilling draw against Spain https://t.co/Vdi6uE2LMa #WorldCup https://t.co/tVnGwZLUcE;;
4165411162;marino_pinto;MÅRĮÑØ PĮÑTØ;;Porto, Portugal;419;365;1;3935;8344;False;2015-11-11T17:35:29;True;False;1;2018-06-16T12:40:30;2018-06-16T12:40:30;0,8711;8,81;0;0,0;RT @B24PT: Times Square parou para ver o livre de Ronaldo contra Espanha. #WorldCup https://t.co/Yq4VQ1tSSI;;
3066334431;ChairmanHuntJnr;Stephen Hunt;Former Chairman of @westhamladies Now just a fan...;;2961;3449;18;10237;10410;False;2015-03-02T23:58:06;True;False;3;2018-06-16T10:49:33;2018-06-17T15:10:06;1,1648;8,66;1;3,0;RT @iambiancafh: @HashtagHarry__ All together now: football knowledge is not impeded or even affected by the possession of an actual vagina… ||| RT @HashtagHarry__: LOOOOOOOOL PATRICE EVRA HAS NEVER EVEN CONTEMPLATED TALKING ABOUT FOOTBALL TO A GIRL 😭😭 #WorldCup https://t.co/XBqqrtaP… ||| RT @NeverWriteOff: Brazil are playing tomorrow. Some people are getting more excited than others. #BRA #Brazil #WorldCup #Russia2018 https:…;;
119551201;MacRie;Rie;"アカウント移行中です。
新アカウントは @iRH19 です。
フォローよろしくお願いします。

神奈川の大学に通っている大学生。趣味はApple、音楽、写真、車、英語、ゴルフ、旅行ななんか。#miwaann";Japan;536;597;23;217;26159;False;2010-03-04T00:15:33;True;False;4;2018-06-14T12:40:26;2018-06-17T12:40:26;1,1138;8,64;3;1,33;The latest Rie News! https://t.co/Fg0tLiJ5yf #worldcup #incredibles2 ||| The latest Rie News! https://t.co/vQCjUxwXZK #worldcup #worldcup2018 ||| The latest Rie News! https://t.co/11Fr1Xkakl #worldcuprussia2018 #worldcup ||| The latest Rie News! https://t.co/3eyMccUTDV #worldcup #worldcuprussia2018;0;auto: 0/6 signals
545221623;_3lawy17;#MUFC;#MANCHESTER UNITED 🔴 #ALWAHDA 🇱🇻;United Arab Emirates;378;144;3;1090;19335;False;2012-04-04T13:44:26;True;False;2;2018-06-14T14:24:57;2018-06-16T12:37:08;0,381;8,54;1;2,0;RT @premierleague: 🇫🇷 When you need a spark, @paulpogba can provide it  #WorldCup #PL https://t.co/oMV54ehThR ||| كل التوفيق لمنتخبنا الثاني 🇸🇦🇦🇪❤️ #Green_Falcons https://t.co/WeJWF69Zwm;0;auto: 0/6 signals
948961009192103936;AgrifoodchemixE;Agrifoodchemix E. A;"Agrifoodchemix http://E.A.ltd:-Farming, Foods and Chemical:
A liberal and a free thinker.not to be colonized by tribe,religion or tradition.";Nakuru, Kenya;210;505;1;3940;1375;False;2018-01-04T16:55:10;True;False;1;2018-06-14T18:07:05;2018-06-14T18:07:05;2,4048;8,54;0;0,0;RT @Gracie_oguns: Now that the Eagles are in Russia, they should use style to  locate the house of Sergei Mavrodi, Founder of MMM and ask h…;;
4077556827;negroprimero71;Marcel Sierra;La vida es una sola ...;Distrito Capital, Venezuela;109;123;0;19;8060;False;2015-10-30T20:21:52;True;False;4;2018-06-14T21:11:39;2018-06-16T02:45:35;1,1284;8,4;1;4,0;RT @diariodecuba: En #Cuba esperan ansiosos el comienzo de la Copa Mundial de #Fútol en #Rusia2018. El plan castrista de borrar el #béisbol… ||| RT @NatoRojoRebeld_: #WorldCup Y empezó el combate mundial por la gran copa del fútbol!! Todos a dar lo mejor de sí hasta conquistarla para… ||| RT @NatoRojoRebeld_: #15Jun | #UnNuevoComienzo Todo el planeta se paraliza para disfrutar del evento deportivo que goza de mayor popularida… ||| RT @Yusepprodrigue6: #WorldCup Поздравляем президента @PutinRF_Eng за отличную работу на Кубке мира в России, поздравления с Венесуэлыи пра…;;
838479388828123136;ElizaLopez707;Elizabeth Lopez;"No elijas a la persona mas bonita del Mundo,elije
a la  persona  que haga  mas bonito tu mundo..
Marilyn Monroe   #Football #HalaMadrid #CR7 ⚽
#Travel 🌏#Food";Honduras;86;445;0;5207;3905;False;2017-03-05T20:00:39;True;False;10;2018-06-14T14:55:51;2018-06-17T06:10:31;5,1744;8,34;2;5,0;"RT @omomani: Modric 🇭🇷  مودريتش #modric #croatia #WorldCup #OmarMomani https://t.co/9wnDD9xeQQ ||| RT @OrchidsDark: Mi Tweet más retwitteado https://t.co/DogU8g0aYy 2 RTs [últimas 24h] #TuitUtil https://t.co/cLEX2EtOXl ||| RT @OrchidsDark: Mi Tweet más retwitteado https://t.co/DogU8g0aYy 2 RTs [últimas 24h] #TuitUtil https://t.co/cLEX2EtOXl ||| RT @52fe2588ad4c42e: Good morning  to all🌎 ! Buenos dias a tod@s!  #WorldCup  Last night  Portugal 3 - Spain 3 ! Amazing Cristiano' s  perf… ||| @OrchidsDark @52fe2588ad4c42e This is my time! I'm here"" #WorldCup  #Rusia2018  #Cristiano  #CR7  #Legend  #BDO https://t.co/JiKztRQQ8o";;
4883463223;apiphihi;pp;next station.;Parit Buntar, Perak;214;242;0;4766;7038;False;2016-02-09T14:39:41;True;False;1;2018-06-17T09:59:12;2018-06-17T09:59:12;1,1308;8,2;0;0,0;RT @EricPaulsen101: Can the new Sport Minister study how Iceland, population 330,000, got to #worldcup2018?   The national coach still work…;;
3065833264;GeckoRhombus;diamond dog;pen15;Southern Indiana;167;386;3;15513;9780;False;2015-03-01T19:49:59;True;False;1;2018-06-15T18:31:03;2018-06-15T18:31:03;2,3114;8,14;0;0,0;RT @soccerdotcom: Our top selling #WorldCup jerseys by 🇺🇸 state. Which country is #1 where you live? https://t.co/woaBiydVJM;;
3333748900;francescaalexg;Francesca;🥀;Illinois, USA;187;306;0;17980;8878;False;2015-06-19T00:24:21;True;False;1;2018-06-15T17:26:03;2018-06-15T17:26:03;1,6364;8,13;0;0,0;RT @ChivaZ71: a whole lotta Mexico Jerseys for a country who hates Mexico https://t.co/piXip0hs5R;;
941829939950702592;NikkiBe88731863;Nikki Bella 😎😎😎;;;39;42;0;1093;1459;False;2017-12-16T00:38:50;True;False;1;2018-06-14T19:46:45;2018-06-14T19:46:45;1,0769;8,11;0;0,0;RT @XollyMnyandu: Must watch #Parliament #TrapaDrive #TouchMyBlood #WorldCup #eNCA #ThursdayMotivation #ThursdayThoughts #ThumaMina #Isibay…;;
888487280465371138;LouisMeliaEFC;Louis Melia EFC;Everton 🔵⚪️⚽️         Up the toffees!!!!;Liverpool, England;164;702;0;9541;2584;False;2017-07-21T19:54:09;True;False;4;2018-06-14T17:50:15;2018-06-16T12:34:52;4,2805;7,85;1;4,0;RT @Everton: 👍 | Wishing Gylfi Sigurdsson all the best ahead of his #WorldCup debut with @footballiceland 🇮🇸  🤞it's as memorable as his fir… ||| RT @EPLBible: Iceland have arrived at the #WorldCup https://t.co/SEeuNPvIUV ||| Fucking disgusting celebrations https://t.co/QArv9G5PUK ||| RT @soccerdotcom: 🚨 GIVEAWAY 🚨  For every goal scored in today's #WorldCup opening match, we'll give away an adidas #Telstar ⚽. Follow and…;0;auto: 0/6 signals
1639101836;PatsNation_96;Pat;Snapchat - patrick_alves IG - patalves96;Secret City, MA;615;456;1;6984;13935;False;2013-08-01T23:21:23;True;False;1;2018-06-14T17:07:00;2018-06-14T17:07:00;0,7415;7,84;0;0,0;😭😭😭😭 https://t.co/mLZpYJBtWg;0;auto: 0/6 signals
998224087204982784;RickartPhoto;Richard Rickart Photography;~ Freelance Photographer ~ Artist ~The Eddie Adams Workshop IV~ Former Staff Photographer New York Times Regional Newspapers ~ AP Stringer ~;Fairhope, AL;132;593;0;1238;217;False;2018-05-20T15:29:03;True;False;2;2018-06-14T18:47:21;2018-06-17T16:13:46;4,4924;7,75;2;1,0;RT @Pele: Today Brazil's #WorldCup begins against 🇨🇭. Shaqiri is dangerous but the Brazil squad is strong. What is your prediction? // Hoje… ||| RT @ReutersSports: How many times was the original World Cup trophy stolen? Find out in the outsiders guide to the FIFA 2018 #WorldCup: htt…;;
707206789868052480;ayasumo2;ラミパスラミパスてるるるる;"「照ノ富士が一番好きです」
相撲はニワカ　ネットオタク(パソコン)
スマホ初心者

子供の頃は出羽の花 北天祐 千代の富士

若貴ブームの頃は安芸乃島(相撲より野球にハマってた)

最近は正代 英乃海も気になります
魁聖はぜひトーク番組に出てほしい‼";北海道;207;89;4;4979;6337;False;2016-03-08T14:10:12;True;False;1;2018-06-17T15:04:46;2018-06-17T15:04:46;0,43;7,63;0;0,0;RT @satoshi551: おめでとう、セルビア‼️🇷🇸  コスタリカ 0:1 セルビア  #чм2018 #CRC  #SRB #Fifa2018 #WorldCup2018 #WorldCupRussia2018 https://t.co/qGYYE0bwyk;;
318578036;73_paul;David Paul;"West Ham Utd #COYI ; Boxing 👊; NFL #NYG";;1195;1399;27;15657;19497;False;2011-06-16T18:14:34;True;False;2;2018-06-15T18:07:16;2018-06-15T19:17:24;1,1707;7,63;0;0,0;"Hahahaha Fuck off Ronaldo&amp;Portugal ! 😂 #WorldCup ||| RT @Sporf: 🎤 Celebrities &amp; Sportsmen around the world give opinions on the #WorldCup:   🗣 Eddie Murphy 🗣 Robert Di Niro 🗣 Joe Pesci 🗣 Gordo…";0;auto: 0/6 signals
2949719129;bimmeraziz;aziz;powerlifter // 18 // rest when you’re dead // ADTR;;202;56;4;3511;9594;False;2014-12-29T18:23:16;True;False;1;2018-06-14T18:42:45;2018-06-14T18:42:45;0,2772;7,6;0;0,0;RT @SOMEXlCAN: Saudi Arabia when they see a Russia Jersey  #WorldCup https://t.co/HJDLDrdQKf;;
907502608272719873;JoannaR51734503;LOVE not hate #FBPE #WATON;Fighting brexit nonsense. The choice is simple: Brexit or to save NHS. Let's choose better future for all #Bresistance #FinalSayForAll;Caerphilly, Wales;617;1512;3;5797;2091;False;2017-09-12T07:14:17;True;False;1;2018-06-15T18:31:28;2018-06-15T18:31:28;2,4506;7,58;0;0,0;RT @YouGov: In other #WorldCup related news, 35% of Scots actively want the England football team to lose... https://t.co/jd21gPMdkq https:…;;
888739800752304129;auwalNature4;Dr Auwal;Artist by nature|Medical doctor|Football fan-Hala Madrid.| Highly controversial| I love hate speeches | Islamadina°;Lagos, Nigeria;48;99;0;292;2440;False;2017-07-22T12:37:35;True;False;2;2018-06-16T06:29:59;2018-06-17T06:08:32;2,0625;7,42;0;0,0;Future impossible tense for Nigeria. https://t.co/lWqLnYk6XN ||| RT @EPLBible: RETWEET if you think Cristiano Ronaldo is the best player in the world.  #WorldCup https://t.co/9x83eUVdjx;;
1237436862;diegomello_14;Diego Mello 🇧🇷🇫🇷;Chelsea FC | Olimpia;San Miguel/ Paraguay;1234;525;3;12240;14271;False;2013-03-03T02:38:15;True;False;1;2018-06-15T15:06:26;2018-06-15T15:06:26;0,4254;7,39;0;0,0;RT @ECavaniOfficial: #EGY 0-1 #URU   #worldcup #EGYURU https://t.co/afQaE0yYVq;;
823314241201512448;tohid_shad;توحیـــــدشـــــاد ™;"وَأَعِدُّوا لَهُم مَّا اسْتَطَعْتُم مِّن قُوَّة💪جنگ‌طلب:)
⭐دِکارتیسیٓن
⭐کارشناسی علوم سیاسی⭐گرایش امنیت ملی";somewhere you dont know;1627;1201;3;19455;3727;False;2017-01-22T23:39:46;True;False;1;2018-06-16T03:40:31;2018-06-16T03:40:31;0,7382;7,32;0;0,0;ترس ما از #اسپانیا و #پرتقال حباب است و جنبه روانی دارد. #تیم_ملی #جام_جهانی۲۰۱۸  #worldcup;0;auto: 0/6 signals
2431691653;_BriannaLaShea;JUDY🍑;Alis volat propriis | Free Spirit | Imperfection is Beauty | OU Alumni;IG and SnapChat: briannalashea;369;292;1;12096;11172;False;2014-04-07T07:59:51;True;False;1;2018-06-15T06:56:06;2018-06-15T06:56:06;0,7913;7,31;0;0,0;RT @ChivaZ71: a whole lotta Mexico Jerseys for a country who hates Mexico https://t.co/piXip0hs5R;;
382440753;SecondServe_Ace;VamosRafa14;"Proud Snowflake.
Winter is coming";Baltimore, MD;228;889;14;1517;17724;False;2011-09-30T02:27:00;True;False;2;2018-06-15T23:06:03;2018-06-16T16:17:22;3,8991;7,23;0;0,0;RT @IcelandTravelTO: We are incredibly proud of #TeamIceland #ISL What a fantastic performance against #ARG in the #WorldCup #ARGISL ||| RT @IcelandNatural: It’s a big weekend for #Iceland! The country makes its #WorldCup debut tomorrow and celebrates its National Day on Sund…;;
1411895712;KevinBolt89;Kevin Holt Jr.;MHS #44 DWU #89 #NTFB #OVO #XO;South Dakota, USA;998;806;0;9382;13367;False;2013-05-08T04:16:09;True;False;2;2018-06-15T17:15:39;2018-06-16T22:44:45;0,8076;7,17;1;2,0;RT @BradyLeeViles: Greatest of all time?  😂😂 https://t.co/y4PP1aEsLj ||| RT @brfootball: Wish you were here. #WorldCup https://t.co/vAUE1wuNKp;;
138697342;BlaqMagiqCom;Maseko_The_One;SEO | ORM | Digital DNA Strategy | Analytics | SM Management  muzi.maseko@gmail.com;ÜT: -26.3391314,28.1776771;583;765;82;1189;21232;False;2010-04-30T09:17:12;True;False;1;2018-06-14T06:10:07;2018-06-14T06:10:07;1,3122;7,16;0;0,0;Thanks @BudweiserSA for lighting up my profile pic. I'm behind Brazil all the way, they're going to #LightUpTheWorld this FIFA #WorldCup;0;auto: 0/6 signals
16240646;kikiahmadi;kikiahmadi;Strategy and Operations @amarthaid | Innovation Management and Entrepreneurship @mbsnews | PK-63 @lpdp_ri | Write occasionally on startup, telco and innovation;Jakarta Capital Region;932;815;20;270;24813;False;2008-09-11T14:12:05;True;False;1;2018-06-14T15:09:30;2018-06-14T15:09:30;0,8745;6,96;0;0,0;my thoughts exactly https://t.co/NyouXkf1V2;0;auto: 0/6 signals
954613303548022784;Syanda64258023;NDASIYA;;;82;354;0;2736;1030;False;2018-01-20T07:15:22;True;False;1;2018-06-17T08:31:53;2018-06-17T08:31:53;4,3171;6,96;0;0,0;RT @WorIdCupUpdates: Iceland have arrived at the #WorldCup  https://t.co/tdYUzxjQnh;;
409763601;iloohy_z1;د.نكّش الزهراني;"طبيب قيد الانشاء 💉 ، "" #ابتسم.";Madridanos, España;361;170;0;1357;16642;False;2011-11-11T05:47:07;True;False;1;2018-06-16T00:42:49;2018-06-16T00:42:49;0,4709;6,91;0;0,0;"RT @RM4Arab: اليساندرو ديلبيرو (اسطورة يوفنتوس) :  ""عيون كريستيانو قبل تنفيذ الركلة الحرة التي تخص الـ 3-3 ومن ثم ذلك المسار السحري للكرة ا…";;
1004910607;jeffrey30778152;JmoneyXKillaz;I cant you know because the way my bank account set up. mixin my lean w cream soda. DGS;In them guts;301;428;6;13253;13813;False;2012-12-11T21:13:22;True;False;1;2018-06-15T08:23:02;2018-06-15T08:23:02;1,4219;6,87;0;0,0;RT @soccerdotcom: Our top selling #WorldCup jerseys by 🇺🇸 state. Which country is #1 where you live? https://t.co/woaBiydVJM;;
2800831845;Kondrat_Mazaev;Кондратий Мазаев;Carthago delenda est, Carthaginem delendam esse;;43;39;8;878;9264;False;2014-10-02T21:18:13;True;False;5;2018-06-14T08:23:52;2018-06-17T08:48:27;0,907;6,85;3;1,67;RT @InformNapalm: While you are watching #football, Russian regime keeps wrecking people. #WorldCup  https://t.co/XqZuTluXMX https://t.co/9… ||| RT @i_army_org: #StopRussianAgression #WC2018 #worldcup #worldcup2018 #ЧМ2018 #Russia #Moscow #football #FifaWorldCup2018 #fifa https://t.c… ||| RT @russiahandsoff: #Boycott_Russia #Boycott_FIFA2018 #boycottWorldCup2018 #MH17 #FIFA2018 #WorldCup2018 https://t.co/YvbGdg3rB3 ||| RT @i_army_org: Stepan Chubenko, a Ukrainian football player, was killed by russian invaders. #worldcup #worldcup2018 #WC2018 #russia #terr… ||| RT @SaveSentsov: Today we’ll score the first goal to Mr. Putin. On the opening of #WorldCup, we are starting our world championship. And we…;;
374657531;Dingas4;Coach Donnelly;"Walk by Faith, Not by Sight
Father of 7
#RaiderNation
#RollTide
#GoHabsGo
#SFB7 Scrooge Division Champ
#SFB8 hopeful
@Dynastyvipers writer/ranker";On The 'Boni;517;576;11;848;16636;False;2011-09-16T18:03:23;True;False;1;2018-06-15T03:28:14;2018-06-15T03:28:14;1,1141;6,75;0;0,0;I know which team I'm cheering for #FifaWorldCup2018 https://t.co/QXwEqOHFRb;0;auto: 0/6 signals
755703639474376704;Massiliano_;GUSTAVINHO 🇧🇷;je n’aime que toi @OM_Officiel #MarseillaisAJamais;Saint-Brieuc, France;97;265;3;877;4668;False;2016-07-20T09:59:22;True;False;1;2018-06-14T14:43:58;2018-06-14T14:43:58;2,732;6,73;0;0,0;Sur ce match, je vois la Russie gagner ! #RUSARA #Russia2018;0;auto: 0/6 signals
793075115990941697;gold_cat01;David;#Forzaitalia #Novip #TeamOM #TeamParieur #Teamblackcats;Bâgé-la-Ville, France;184;260;2;8570;3949;False;2016-10-31T13:00:17;True;False;2;2018-06-15T19:58:08;2018-06-15T21:33:14;1,413;6,67;0;0,0;RT @Drefherder: Hey #TeamParieur ! Pour les 4 matchs de #WorldCup2018 demain les listes sont en cours de 🖊 ! On va encore beaucoup 😅 Public… ||| RT @om0505: #WorldCup2018   Espagne-Portugal  Match nul@3.30💥0.75%  Match à 20h🕗   #ParionsSport  #Raise☘️;;
471369561;PiotrSobociski;Piotr Sobociński;"Fan Czerczesowa , Kucharczyka ;)";Warszawa, Polska;1009;4887;1;12036;15518;False;2012-01-22T19:50:34;True;False;13;2018-06-14T08:05:42;2018-06-16T16:10:57;4,8434;6,64;2;6,5;RT @Krotka_Pilka_: Ostro 😎😎  #WorldCup #ARGISL https://t.co/0Tc2Mg0hMK ||| RT @Ola_Kalinowska: Nemanja #Nikolic @LegiaWarszawa wspiera Team Poland 🇵🇱💪😅😅😅😅 #Legia #ChicagoFire #POL #WorldCup https://t.co/tiLG0xXqGz ||| RT @LegiaWarszawa: Dziś czekają nas aż 4️⃣ spotkania #WorldCup! Zobaczcie, na kogo stawia Antolić ⬇ Zapraszamy do wspólnej zabawy z @eFortu… ||| RT @LegiaWarszawa: 📯📦📫 Paczka dla trenera Czerczesowa gotowa do odlotu na #WorldCup! https://t.co/wW75MVKaHo ||| RT @sportradiopl: Rozkład lotów 🦅🇵🇱 na #WorldCup #POL https://t.co/sgKdsyrNfi;;
375402041;IsaMubii;Imhotep ቶ;"S0N OF A SEAMSTRESS.
Writer. 🖋
Public Speaker.
Content Developer.
Social Commentator.
Pan African.
Ebira.
Book Drunkard.
07068263593. isamubarak66@yahoo";Nigeria;1321;206;9;648;16259;False;2011-09-18T02:25:19;True;False;6;2018-06-15T20:08:49;2018-06-16T21:09:32;0,1559;6,6;1;6,0;Whatever this guys do, they have to score at least a goal before leaving Russia. We have to do the Shaku Shaku cele… https://t.co/F3kFV9XaGS ||| RT @Diddy: Good luck to the @NGSuperEagles today in the #WorldCup 🇳🇬🇳🇬🇳🇬 ||| RT @AHayatu: BREAKING: Arrest has been made of that useless pig that predicted Nigeria to win #WorldCup.  Will be slaughtered 6am Nigerian… ||| If you do not like watching Ronaldo play...  Go and start your own sport. #WorldCup ||| RT @Omojuwa: Cristiano Ronaldo has nothing to prove to anyone ever again. No matter what happens from here #WorldCup;0;auto: 0/6 signals
1163892193;cullerealbert;Albert Culleré ll*ll 🎗;ll*ll;República de Catalunya;246;1672;1;10127;12795;False;2013-02-09T19:43:15;True;False;1;2018-06-14T16:44:14;2018-06-14T16:44:14;6,7967;6,56;0;0,0;RT @alfons_godall: No és pas veritat que molts indepes passem de la roja. Ens fa molta ilussió que perdi! #Russia2018;;
2872756295;jaseleehorsley;Jason Horsley;;;1216;2447;16;50929;8464;False;2014-11-11T19:43:47;True;False;4;2018-06-15T17:45:43;2018-06-17T12:34:24;2,0123;6,45;1;4,0;Ian Dowie would talk a glass eye to sleep #Worldcup ||| The World Cup is Alive Wow #WorldCup #Iceland 🙂⚽️⚽️⚽️ ||| What a great game of football #PORESP #WorldCup 4 games tmor. Roll on that's me sorted 🙂👍⚽️⚽️⚽️ ||| Going for a 3-2 Win for Spain tonite #WorldCup;0;auto: 0/6 signals
783391370614628353;Digital_Resim;Okeanos;;;181;109;0;1546;3967;False;2016-10-04T19:40:32;True;False;2;2018-06-15T11:55:37;2018-06-15T14:08:52;0,6022;6,42;0;0,0;RT @Galatasaray: Nando Muslera plays full 90 minutes as @Uruguay 🇺🇾 wins in a late-game-drama fashion against @Pharaohs 🇪🇬 in its first mat… ||| RT @Galatasaray: BUSINESS TIME, @1_Muslera_25!  #ElEquipoQueNosUne #WorldCup2018   Good luck, @Uruguay! 🇺🇾 https://t.co/tw1bZjg2ep;;
3695858303;EHDELAETIQUETA;ElHombredelaEtiqueta;;;87;474;1;526;6259;False;2015-09-18T11:09:18;True;False;1;2018-06-16T19:42:15;2018-06-16T19:42:15;5,4483;6,25;0;0,0;RT @myteks: Hasta ahora  #Russia2018  El mejor pase de #Argentina... 😂😂 https://t.co/Ol3TsQERRw;;
908039530741104641;ultravi0lance;lisazop;stupid genius kid 🤧;;126;331;0;4072;1689;False;2017-09-13T18:47:49;True;False;1;2018-06-16T16:19:38;2018-06-16T16:19:38;2,627;6,14;0;0,0;RT @ChivaZ71: a whole lotta Mexico Jerseys for a country who hates Mexico https://t.co/piXip0hs5R;;
1327859984;1_paulbennett;Paul Bennett;.;Stevenston, Scotland;594;967;1;19421;11611;False;2013-04-04T21:36:19;True;False;1;2018-06-15T21:09:32;2018-06-15T21:09:32;1,6279;6,12;0;0,0;RT @SkySportsNews: Is Ronaldo the greatest player of all time? #PORESP #WorldCup;;
40004064;parklake907;CandisB77;citizen;;91;177;5;222;20166;False;2009-05-14T14:29:05;True;False;1;2018-06-14T16:18:43;2018-06-14T16:18:43;1,9451;6,08;0;0,0;RT @Billbrowder: British human rights activist @PeterTatchell arrested in Moscow for protesting Putin’s human rights atrocities during the…;;
708609039995936768;Thysmatoile;Mathys;🧞‍♂️;Saint Palais / Bordeaux;188;808;2;9284;4935;False;2016-03-12T11:02:15;True;False;1;2018-06-16T12:28:52;2018-06-16T12:28:52;4,2979;5,97;0;0,0;RT @EA_FIFA_France: RT = victoire de l'#ARG LIKE = victoire de l'#ISL #WorldCup #ARGISL https://t.co/CQdLGUHMBd;;
2726698674;jacekmiedlar;Jacek Międlar;"Polak, katolik, narodowiec, autor bloga jacekmiedlar.pl. Założyciel i red. naczelny wPrawo.pl.
Wsparcie: https://t.co/kKoPEVWAWw
https://t.co/pUmlhDTAwH";Wrocław, Dolnośląskie;14816;319;39;10774;8357;False;2014-08-12T17:17:47;True;False;3;2018-06-16T12:57:56;2018-06-16T13:30:43;0,0215;5,96;0;0,0;Jak sądzisz, która reprezentacja zdobędzie Puchar Mistrzostw Świata? #worldcup ||| Goooool ⚽ Argentyna - Islandia 1:1 #WorldCup ||| Szabas 🤣 Nareszcie siedzę w fotelu, zajadam się macami i oglądam pierwszy mecz na mundialu 😎 /Argentyna-Islandia/ J… https://t.co/VQ4fpGpOpR;0;auto: 0/6 signals
990676532082376704;BestMavropanos;Konstantinos Mavropanos;Not even Messi and Ronaldo scored against the Greek God.  @Arsenal #COYG;London, England;225;207;0;248;285;False;2018-04-29T19:37:45;True;False;6;2018-06-14T16:32:43;2018-06-17T07:45:34;0,92;5,94;2;3,0;RT @BreakingNLive: BREAKING: Taxi ploughs into several #WorldCup fans in central Moscow, then flees the scene. Eight people were injured. P… ||| 0-1 Uruguay  Goal Uruguay in #WorldCup :1 https://t.co/67FfpEWjtu ||| As expected Torreira not starting.  #WorldCup #EGY #URU   #AFC ||| 4-0   Goals Russia in the #WorldCup:4 https://t.co/X7LyGGi8Ff ||| This referee is a spastic twat  #WorldCup https://t.co/xjVWyGsXaQ;0;auto: 0/6 signals
957362976943759360;duaslan0;Dua reyiz;Galatasaray|SK SİVASLIYIM;Sivas;72;41;0;1017;830;False;2018-01-27T21:21:35;True;False;5;2018-06-15T14:48:39;2018-06-17T14:35:17;0,5694;5,93;1;5,0;RT @GalatasaraySK: “Çok güzeaeall” bir turnuva dileğiyle 2018 Dünya Kupası’nda sana ve ülkene (🇧🇷 @CBF_Futebol) başarılar Tafo! #WorldCup h… ||| RT @Galatasaray: Younès Belhanda starts in the XI for @EnMaroc 🇲🇦 in a couple. They are facing @TeamMelliIran 🇮🇷 in their first #WorldCup 2… ||| RT @Galatasaray: Nando Muslera plays full 90 minutes as @Uruguay 🇺🇾 wins in a late-game-drama fashion against @Pharaohs 🇪🇬 in its first mat… ||| RT @GalatasaraySK: Güzel başlangıç @Uruguay  Tebrikler @1_Muslera_25 🧤   #WorldCup https://t.co/CDjxWQrzcR ||| RT @GalatasaraySK: Güzel goller bekliyoruz 🔟 @ynsbelhanda, 2018 Dünya Kupası’nda sana ve ülkene (🇲🇦 @FRMFOFFICIEL) başarılar! #WorldCup htt…;;
1046707700;J3R3M1AH10;jeremiah sanchez;;;348;260;3;4391;11822;False;2012-12-30T03:34:47;True;False;1;2018-06-15T12:02:03;2018-06-15T12:02:03;0,7471;5,93;0;0,0;RT @ChivaZ71: a whole lotta Mexico Jerseys for a country who hates Mexico https://t.co/piXip0hs5R;;
379133825;nooufalansari;Nouf.;TwentySeventhOfNovember.;Al Adailiya, Kuwait;388;190;1;414;14458;False;2011-09-24T12:37:05;True;False;1;2018-06-15T13:55:18;2018-06-15T13:55:18;0,4897;5,89;0;0,0;RT @JJ_8: أنا أشهد إنكم رجال في الملعب مهما كانت النتيجة اليوم يامصر! 🇪🇬  #كأس_العالم_2018  #اوروغواي_مصر  #EGYURU  #WorldCup2018;;
888370007830351876;AzubuikeTobi;Onónigw'eze;Virgo. The best of my kind. Industrial Chemist. Manchester United FC ♍;Enugu;94;95;0;1166;1924;False;2017-07-21T12:08:09;True;False;1;2018-06-15T09:46:09;2018-06-15T09:46:09;1,0106;5,87;0;0,0;RT @dilichi_: When Saudi Arabia saw Russia 😂😂😂 #WorldCup #WorldCupRussia2018 https://t.co/JasP10SHUb;;
816369208187584512;d00m777;Edgar H.😎;A self-employed builder. I love music🎶(metal, rock'n'roll), travelling, nature, sports ⚽️ I usually #followback 🌶 #unfollowback 👻;;1484;1301;7;6965;3093;False;2017-01-03T19:42:41;True;False;7;2018-06-14T07:38:17;2018-06-17T07:37:24;0,8767;5,85;2;3,5;RT @FIFAWorldCup: Moment of the Day 👀    When @A_Finnbogason drew #ISL level against #ARG on their #WorldCup debut ️⚽️  🎥 Highlights 👉 http… ||| RT @FIFAWorldCup: Hello!   Your #WorldCup schedule for today:  #EGYURU 15:00* #MARIRN 18:00 #PORESP 21:00  *All kick-offs displayed in GMT+… ||| RT @FIFAWorldCup: #RUS 5-0 #KSA The hosts kicked off the #WorldCup in style! #RUSKSA #WorldCup  🎥 Highlights 👉 https://t.co/45RI1wVGal 👀 TV… ||| RT @FIFAWorldCup: #RUS fans will enjoy the look of Group A, too!   #EGYURU is on tomorrow.   #WorldCup https://t.co/oeipuQt0iE ||| RT @FIFAWorldCup: The 2018 FIFA #WorldCup is currently averaging five goals per game!   The perfect start for @TeamRussia!  #RUSKSA  #RUS #…;;
773608377712803840;spfcast;SPFCast;"O Podcast da torcida Tricolor. 🔴⚪⚫

contato: contato@spfcast.com";;3582;1854;19;3773;3730;False;2016-09-07T19:46:25;True;False;1;2018-06-16T15:38:59;2018-06-16T15:38:59;0,5176;5,77;0;0,0;"RT @bebendo: Enquanto isso ;) =&gt; PocketCast PapoDelas #05 – Copa do Mundo 2018! #WorldCup   #Copa2018 https://t.co/xLhrhXooS9";;
1295718600;iiSS__;SAFINAZ;اكتب اللي بخاطري مو اللي يعجبك.;;2379;122;8;2096;10979;False;2013-03-24T15:56:51;True;False;1;2018-06-15T04:13:14;2018-06-15T04:13:14;0,0513;5,75;0;0,0;RT @Avrileow: #WorldCup2018 #Spain 🇪🇸   👩🏻‍🎨  @iiSS__   . https://t.co/cWXy0WTMXr;;
2927189792;kyhanna7;ky;‘18;dmi;812;712;1;14450;7263;False;2014-12-11T20:58:25;True;False;1;2018-06-15T19:01:41;2018-06-15T19:01:41;0,8768;5,67;0;0,0;RT @ChivaZ71: a whole lotta Mexico Jerseys for a country who hates Mexico https://t.co/piXip0hs5R;;
2853002409;TekzaSA;The Dreamer;"I'm an artist🙌
 student at UJ
An actor
For features contact :Tekzasa@gmail.com
Im available for features for any genre, Hip-Hop, House, pop, rock etc";Johannesburg, South Africa;23306;24291;8;6607;7479;False;2014-10-31T04:04:45;True;False;1;2018-06-16T21:36:26;2018-06-16T21:36:26;1,0423;5,65;0;0,0;But @Shane_Eagle will never fall https://t.co/SVsJGz4u7M;0;auto: 0/6 signals
307015349;Saleh_Fahad;Saleh Fahad;Love football, Big man utd fan, Favorite player: Cr7! oh forgot to tell u where I'm from well it is Saudi Arabia ..Don't ask about religion: Muslim and proud :);Kingdom of Saudi Arabia;242;432;9;2409;14460;False;2011-05-28T21:27:38;True;False;19;2018-06-14T08:12:03;2018-06-17T15:10:09;1,7851;5,61;3;6,33;Proper #WorldCup game this. Fast tempo and non stop chances 😍  #GERMEX ||| #MEX fans lighting up the stadium 🔥  #WorldCup #GERMEX ||| #MEX look like they are gonna do something today!  I still think #GER will win #DieMannschaft  #WorldCup ||| It's all VAR today at the #WorldCup  This time it's a #PER penalty ||| #ISL score and it's 1 all #ARG defence is terrible though  #WorldCup;0;auto: 0/6 signals
2923543080;azruelnizam97;LONGG;cucur adabi yang enak;;290;215;0;5485;7100;False;2014-12-09T07:44:43;True;False;4;2018-06-15T19:55:22;2018-06-15T22:41:09;0,7414;5,53;0;0,0;RT @EPLBible: RETWEET if you think Cristiano Ronaldo is the best player in the world.  #WorldCup https://t.co/9x83eUVdjx ||| RT @BBSemasa: Perlawanan #WorldCup hari ini  ⏱ 6PM 🇫🇷 France vs. Australia 🇦🇺  ⏱ 9PM 🇦🇷 Argentina vs. Iceland 🇮🇸   ⏱ 12AM (Ahad) 🇵🇪 Peru… ||| RT @8Fact_Footballl: Only 3 players have scored a hat-trick for #POR at the #WorldCup:  Eusebio (1966) Pauleta (2002) Cristiano Ronaldo (20… ||| RT @BBSemasa: FT - #WorldCup 2018   Portugal 🇵🇹 3-3 Spain 🇪🇸   - Ronaldo - Ronaldo - Ronaldo  - Costa - Costa - Nacho https://t.co/bBonr672…;;
2342671838;yenuam;จงอินคือไค;;;60;492;0;417;8752;False;2014-02-13T22:42:06;True;False;1;2018-06-15T19:02:35;2018-06-15T19:02:35;8,2;5,53;0;0,0;RT @thehippoth: “อคิลลิส” แมวทายผลบอลสุดแม่น!!!  “อคิลลิส” แมวรัสเซียหูหนวก สัตว์ทำนายผลบอลประจำการแข่งขันฟุตบอลโลก 2018 ประเดิมทำนายผลฟุตบ…;1;auto: 3/6 signals
2322918493;fathoeseat;someone;⚜️ STT✈️ATL #KSU20 🇻🇮 JG 👼🏿 Amber 👼🏽;Utopia ;331;232;1;4396;8807;False;2014-02-01T21:48:32;True;False;1;2018-06-16T21:27:34;2018-06-16T21:27:34;0,7009;5,52;0;0,0;RT @ChivaZ71: a whole lotta Mexico Jerseys for a country who hates Mexico https://t.co/piXip0hs5R;;
812969013634400260;martin__m_;👀 Martin;ASU '19 | You only live one life. Make the best of it.;Arizona, USA;181;244;0;24513;2946;False;2016-12-25T10:31:31;True;False;2;2018-06-17T15:36:16;2018-06-17T16:51:40;1,3481;5,47;0;0,0;FUCKKKKKKKK YEAH. GG Germany Lets go Mexico #WorldCup #MEX #MexicoVsAlemania ||| Hell yeah Mexicoooooooooo 1-0 #Worldcup #MexicoVsAlemania;0;auto: 0/6 signals
2742074830;vickymendezpe;Vicky Mendez;;;603;569;0;3548;7644;False;2014-08-13T20:34:20;True;False;1;2018-06-14T05:36:00;2018-06-14T05:36:00;0,9436;5,46;0;0,0;RT @ManuVeigaaa: Me acabo de programar en modo [NO MOLESTAR]. ¡¡¡¡¡¡Hoy arranca lo lindo, ARRANCA EL MUNDIAL!!!!!! #WorldCup;;
791023195449126916;henriqueovic;Henrique Guimarães;Nasci, vivi e quase tô morreno;Santa Izabel, Viamão;158;150;0;3806;3156;False;2016-10-25T21:06:41;True;False;1;2018-06-14T17:03:45;2018-06-14T17:03:45;0,9494;5,3;0;0,0;RT @legendarychld: AH MEU DEUS OS FILHOS DELE LEVARAM A TAÇA E O CHAPEU DELE #Russia2018 https://t.co/4mGgMIYU32;;
4754684845;patolozanof02;Pat;:v;;352;458;0;5970;4674;False;2016-01-13T19:58:53;True;False;3;2018-06-14T05:10:22;2018-06-14T15:41:06;1,3011;5,3;0;0,0;RT @FIFAWorldCup: 🏆😁 Who else is excited? #WorldCup https://t.co/Y9pWqJWvQv ||| RT @InvictosSomos: Oí nomás ese rolón. Angels cantada por Aida Garifullina y Robbie Williams. #WorldCup ||| RT @InvictosSomos: #WorldCup https://t.co/tYj8Zh99nF;;
19291428;oldpeculiar;ianL;No to the EU dictatorship! time to leave controlled immigration is good MASS immigration is wrong!;uk;172;52;5;21097;18020;False;2009-01-21T15:27:42;True;False;2;2018-06-14T11:54:39;2018-06-16T08:23:28;0,3023;5,25;1;2,0;RT @oflynnmep: Imagine the level of community spirit it took to organise this. 👍👍👍 https://t.co/bjR3TVOFn3 ||| RT @KTHopkins: Taxpayers in Canning Town threatened by rental company if they fail to remove their English flags. (*temporary for #WorldCup…;;
863467974887440386;calvin_mdue;Calvin;virgo;ZW;1299;1231;0;172;2081;False;2017-05-13T18:56:22;True;False;8;2018-06-15T11:51:36;2018-06-15T20:46:07;0,9477;5,23;0;0,0;"RT @Mandylisous12__: Gain 1000+ followers in 1hour  Retweet this tweet  Like this tweet  Follow spree with matic  Follow whoever likes and… ||| RT @Mandylisous12__: It’s time for heat wave 3🔥🔥🔥  Gain 301+ followers in 35mins  Retweet this tweet  Like this tweet Follow Spree With Mat… ||| RT @JpMorgix: 🎊 Retweet this✔️ 🎊 Like this✔️ 🎊 Follow all that Like &amp; Retweet✔️ 🎊 Follow back all that follow you✔️ 🎊 Turn my notifications… ||| RT @Mandylisous12__: It’s time for heat wave 1🔥 Gain 189+ followers in 10mins  Retweet this tweet  Like this tweet Follow Spree With Matic… ||| RT @MandyIisous12_: Gain 1000+ followers in 1hour  Retweet this tweet  Like this tweet  Follow spree with matic  Follow whoever likes and r…";;
285049924;A_Benz3;Abenz;NY📍|| SUNY Brockport Grad || Future Millionaire;;641;353;0;5849;13614;False;2011-04-20T12:55:28;True;False;1;2018-06-15T15:11:36;2018-06-15T15:11:36;0,5507;5,21;0;0,0;RT @soccermaster: Volume Up!! 🗣 Love the passion from @TelemundoSports. #WorldCup #URUvEGY #EGYURG https://t.co/CjQFlC0Zxs;;
873822324394348546;Sarnai62419209;Sarnai;Hi all;Mongolia;97;107;0;499;1908;False;2017-06-11T08:40:51;True;False;1;2018-06-16T10:02:23;2018-06-16T10:02:23;1,1031;5,16;0;0,0;RT @hero_bbaatar: GOAL!!!Cristiano Ronaldo #WorldCup https://t.co/cwotPzOTtH;;
792697140049051648;ItxasoSea;Mar;;;50;107;0;8339;3046;False;2016-10-30T11:58:20;True;False;1;2018-06-14T18:00:48;2018-06-14T18:00:48;2,14;5,15;0;0,0;"RT @sergipinkman: Proclames unionistes per anar armats a veure la Roja a la pantalla gegant de Barcelona  ""Id armados, porqué comenzará el…";;
2377760430;DennyAngelso;Denny Angelsø;IBM Country Manager Denmark, Small & Medium business. Views are my own!;;107;29;357;0;7954;False;2014-03-07T22:59:52;True;False;1;2018-06-14T11:20:36;2018-06-14T11:20:36;0,271;5,1;0;0,0;RT @TheIBMMSPTeam: The 2018 #FIFAWorldCup is just around the corner, and #FOXSports has partnered with the #IBM iX team to build the ultima…;;
1239139663;gavinwillacy;Gavin Willacy;Hertford. Preston North End. Latin & Ballroom. Indie. Ale. Travel. London Broncos. Lancashire CCC. League. Football. Education. Writer. Reporter. Reader. Fan.;Herts;1000;391;22;10249;9835;False;2013-03-03T15:10:45;True;False;3;2018-06-14T21:25:39;2018-06-15T16:45:49;0,391;5,1;0;0,0;There is a worse advert than the Zlatan one. Mamma Mia! No wonder Pirlo looks like he is thinking what to do to who… https://t.co/TgknJadOkP ||| RT @guardian_sport: Brazil's 11 reds and Nigeria's 3 million greens: the #WorldCup in numbers. By @campbellwpaul + @MartinBelam https://t.c… ||| Celebration hasn’t changed! https://t.co/wvhe8MMly4;0;auto: 0/6 signals
993614572996186118;sinemacimumtaz;Mümtaz;Sinema sektörünün yıkık bir emekçisi;Kadıköy, İstanbul;18;33;0;117;186;False;2018-05-07T22:12:29;True;False;1;2018-06-14T17:50:54;2018-06-14T17:50:54;1,8333;5,03;0;0,0;RT @TrendFutbolnet: İkinci golden önce futbol literatürüne “Yallah Arabistan’a” olarak geçecek hareket.. #RUSKSA #WorldCup https://t.co/sJW…;;
728062980324122625;ooh_brandy;brandi🖤;living life😛||big 19😋;Drinking my life away ;115;136;0;1652;3862;False;2016-05-05T03:25:16;True;False;1;2018-06-14T15:05:56;2018-06-14T15:05:56;1,1826;5,02;0;0,0;RT @soccerdotcom: 🚨 GIVEAWAY 🚨  For every goal scored in today's #WorldCup opening match, we'll give away an adidas #Telstar ⚽. Follow and…;;
18118858;loobilou;heathermayfield;Heather Mayfield, museum professional, science communicator, fierce sewist, feminist and dilettante gardener. All views mine and mine alone.;Newark, Notts;552;410;37;29540;17392;False;2008-12-14T16:59:29;True;False;1;2018-06-14T06:56:47;2018-06-14T06:56:47;0,7428;5,01;0;0,0;RT @prodnose: Born in '57 so don't remember '62 but tomorrow begins the 14th World Cup of my life that have engaged with and could NOT be m…;;
997167026589388800;danica_hjd;Dana 🌸;"5th year medical Student at JUST.
“ No beauty shines brighter than that of a good heart” 💕🇭🇷🇯🇴";Hashemite Kingdom of Jordan;111;116;0;262;148;False;2018-05-17T17:28:40;True;False;1;2018-06-16T21:00:09;2018-06-16T21:00:09;1,045;4,93;0;0,0;RT @HNS_CFF: 🇭🇷🆚🇳🇬 👏Congratulations! ✅Victory over @NGSuperEagles takes #CRO to the top of Group D #BeProud #FlamingPride #Family #CRONGA #…;;
925027042059522050;SiraSira29;Sira29Sira;;;9;24;0;1465;1122;False;2017-10-30T15:50:07;True;False;9;2018-06-15T07:07:47;2018-06-17T12:50:58;2,6667;4,9;2;4,5;"RT @juventusfcen: 🗞 A full round-up of Day 2 of the #JuveWorldCup ⚪⚫️🌍🏆  👉 https://t.co/pj9iazEZ9s   #WorldCup #ForzaJuve https://t.co/Awge… ||| RT @juventusfcen: 🇦🇷 Buena suerte @PauDybala_JR &amp; @G_Higuain as #TeamArgentina start their #WorldCup against Iceland 💎🔥⚪️⚫️  #JuveWorldCup… ||| RT @Cuadrado: Un sueño llamado #Russia. Salmos 37:5  Encomienda a  Dios tu camino, Y confía en él; y él hará  Nuestro camino y nuestra conf… ||| RT @juventusfc: Per il #TeamMorocco è la prima #WorldCup dopo 20 anni.  Bonne chance @MedhiBenatia!   🇲🇦-🇮🇷 #MARIRN | 🕔 17:00 CEST | 🏟 San… ||| RT @juventusfcen: 🇺🇾 @RodriiBentancur prepares to become our first 🏳🏴 to take part in #WorldCup 2018 as #TeamUruguay face Egypt, buena suer…";;
1398191924;Tanyalopeeez;T$L;;;750;341;1;14469;9152;False;2013-05-02T21:00:52;True;False;1;2018-06-15T05:07:02;2018-06-15T05:07:02;0,4547;4,9;0;0,0;RT @ChivaZ71: a whole lotta Mexico Jerseys for a country who hates Mexico https://t.co/piXip0hs5R;;
1241473796;HaziqRazif_;drex;435km from mi chubs;Manhattan, NY;273;270;3;7395;9179;False;2013-03-04T14:26:29;True;False;13;2018-06-15T06:52:35;2018-06-17T06:22:14;0,989;4,76;1;13,0;RT @9GAG: Not even Wi-Fi passes through them! #icelandvsargentina #WorldCup  https://t.co/n05sMTXVow https://t.co/lTR9ufxNXa ||| RT @iSheikhAbdullah: Those who are criticising Messi for a Penalty miss must remember that he is the reason why Argentina is playing the #W… ||| RT @BleacherReport: Peru's first #WorldCup in 36 years 🇵🇪 https://t.co/6Ch2x4URca ||| RT @brfootball: The #ISL thunderclap has made it to the #WorldCup. This is how it started ❄️ https://t.co/wTumv2CZL9 ||| RT @ChelseaFC: Our third game of the day! Andreas Christensen will make his #WorldCup debut as Denmark take on Peru!   Good luck, Andreas!…;;
870416651757404160;Stevejo37597068;Skippy;;Sydney Australia ;122;140;0;4462;1756;False;2017-06-01T23:07:56;True;False;2;2018-06-14T09:12:45;2018-06-15T07:53:17;1,1475;4,65;0;0,0;"I'm starting to like this guy https://t.co/CebblsItIB ||| RT @DanColasimone: Cahill on his dreams of scoring at a 4th #WorldCup: ""I’ll be so excited and so happy just to be able to step on the pitc…";0;auto: 0/6 signals
773284616778252288;CaroCostilla;Caro♡;Primero River, después también |Acuariana♒|20;Buenos Aires, Argentina;309;271;6;6007;2904;False;2016-09-06T22:19:54;True;False;1;2018-06-14T22:01:54;2018-06-14T22:01:54;0,877;4,5;0;0,0;Lo amo con toda mi alma. Es el amor de mi vida desde que nací aprox https://t.co/HxLu6abbWw;0;auto: 0/6 signals
40703450;james_brickman;James Brickman;🦁🦁🦁;;568;504;2;3880;14918;False;2009-05-17T17:59:42;True;False;1;2018-06-14T15:21:14;2018-06-14T15:21:14;0,8873;4,5;0;0,0;RT @lolzathon: Saudi Arabia will beheading home after three games #WorldCup;;
158584917;dreaMORENO;Andrea Moreno;25 yearr oldddd CSUF alumini. B.S in Biology.;California (:;264;207;2;2715;12829;False;2010-06-23T02:42:19;True;False;1;2018-06-16T02:05:37;2018-06-16T02:05:37;0,7841;4,4;0;0,0;RT @ChivaZ71: a whole lotta Mexico Jerseys for a country who hates Mexico https://t.co/piXip0hs5R;;
2319512176;asifgulmalik;asifali;weak in bio:);;345;911;6;18669;6956;False;2014-02-02T07:06:53;True;False;1;2018-06-17T14:35:37;2018-06-17T14:35:37;2,6406;4,36;0;0,0;RT @FIFAWorldCup: Will #MEX be the first team to beat Germany in a #WorldCup match since Spain in 2010?   #NadaNosDetiene https://t.co/GD3F…;;
301812128;MaraInda1;María Inda;Filosofía.Estudio Francés. Japonés. Me gusta Literatura, amo leer.Buen cine. Amo la vida!!!;Argentina;196;515;16;3549;11207;False;2011-05-20T03:16:11;True;False;1;2018-06-16T14:27:48;2018-06-16T14:27:48;2,6276;4,34;0;0,0;RT @lulopilato: VAMOS ARGENTINA!! #russia #worldcup #argentina https://t.co/igArVQPQ7m;;
1678973929;OmoChelsea;9jaMyCountry;"#Hustle_Gang. A Political Analyst.
I analyze & invest in highly risk business with possibilities of high returns, deal with Int'l investment of o1.5, DC etc";City Of Refuge;3111;3027;4;2602;7517;False;2013-08-17T19:11:24;True;False;1;2018-06-14T21:25:06;2018-06-14T21:25:06;0,973;4,27;0;0,0;RT @KingAbsolute_: Sorry Saudi Arabia, this is what happen when you decide to wear old Nigeria's jersey 😭 #WorldCup https://t.co/E15xODGTXc;;
705786318891184128;sirlekipo69;LEKIPO WONDER;God fearing, down to earth with everybody, love to make people happy. The best guy any lady can wish for.. .. A sport man. Call me CHAMPION LEKIPO;Lagos, Nigeria;593;1398;1;309;3507;False;2016-03-04T16:05:46;True;False;5;2018-06-15T07:02:26;2018-06-16T22:17:59;2,3575;4,21;1;5,0;RT @realFemiOtedoIa: You that I'm still sending pocket money. How much do you have sef 😂😂😛 #NaijaAllTheWay #WorldCup https://t.co/yECjxDB4lL ||| RT @akajoebass: It was the first time in football history that they also doubled the goalkeeper for a penalty. Double FC 😂 https://t.co/4oH… ||| RT @karenfelizlive: When you meet #Ronaldo ⚽️⚽️⚽️ #CristianoRonaldo #Cristiano #PortugalVsSpain #PortugalEspana #Portugal #MARIRN #Spain #E… ||| RT @TVCconnect: Heard about the mystic pig that predicted Nigeria, Argentina for Semi-final? Hear what @Sean_RMW had to say about it on #Wa… ||| RT @ASRomaEN: #ASRoma fans voted these two Nike kits the best home and away shirts of the #WorldCup - but which is the one winner to rule t…;;
880120464567394304;Isrvelhernandez;israel;sc-israelh12;Tyler, TX;132;120;0;7449;1475;False;2017-06-28T17:47:25;True;False;1;2018-06-14T16:50:22;2018-06-14T16:50:22;0,9091;4,21;0;0,0;RT @HoustonRockets: The #WorldCup starts today! https://t.co/XNcaKiiC4R;;
991706016650792960;Es_sebase;Sebastian Escalona;Solo nosotros mismos somos capaces de mejorar nuetsro futuro esforzandonos al maximo dia tras dia.  ✌🏼;Panamá;45;53;0;197;188;False;2018-05-02T15:48:34;True;False;5;2018-06-16T17:24:21;2018-06-17T02:59:18;1,1778;4,18;0;0,0;RT @BleacherReport: Nigeria's famous #WorldCup outfits in action for the first time 🇳🇬 https://t.co/LnKmfvYJkb ||| RT @BleacherReport: Yikes 😬 #WorldCup (via @FOXSports) https://t.co/dO8FrRkhEa ||| RT @BleacherReport: Yesterday vs. today   #WorldCup https://t.co/zOnfMhXG6j ||| RT @BleacherReport: An unbelievable first #WorldCup result for Iceland 🙌 https://t.co/vDMIbWvsPa ||| RT @okcthunder: When legends met.  That day in Madrid 2016. #WorldCup https://t.co/M7p3pcx3Je;;
957957703;AbdelNabill;Nabil 🇪🇸;"#RealMadrid hasta la muerte!

 #Snap : Soukale91";République du Bénin;536;363;10;11389;8425;False;2012-11-19T17:29:40;True;False;2;2018-06-16T16:02:13;2018-06-16T16:59:18;0,6772;4,14;0;0,0;RT @paulpogba: Papa c’étais por toi 🇫🇷 Dad this one was for you. @equipedefrance #allezlesbleus #fiersdetrebleus #weliveforfootball #WorldC… ||| Pour que dalle, un record aussi. https://t.co/lT53Vr08Jp;0;auto: 0/6 signals
824779252113534976;AdryFreitas_07;Drii 🇵🇹;Nursing Student | 1904 ❤️;Portugal;66;82;1;2549;2085;False;2017-01-27T00:41:12;True;False;4;2018-06-15T18:45:27;2018-06-17T16:23:21;1,2424;4,12;1;4,0;"Raúl!!! ❤️❤️❤️ #MEX #WorldCup ||| Entra Raúl!! #WorldCup #MEX ||| ""É só um jogo..."" #WorldCup https://t.co/w6ohi29l8K ||| RT @selecaoportugal: GOOOOOOOOOOOOOOOOOOOOOOOOOOOOOOOOOOOOOOOOOOOOOOOOOOOOOOOOLLLLLLLLLLOOOOOOOOOOOOOOOOOOOOOOOOOOOOOOOOOOOOOOOOOOOOOOOOOOO…";0;auto: 0/6 signals
349775024;JezzStace;Jezz;;LFC;315;268;1;9763;10129;False;2011-08-06T17:35:30;True;False;2;2018-06-15T12:38:37;2018-06-16T08:08:08;0,8508;4,04;0;0,0;RT @Krowd9: This is the best video you’ll see today. School kids in Uruguay reacting to their late winner. More than a game. 😍🇺🇾 #WorldCup… ||| RT @Sporf: 🇧🇷 Clovis Fernandes followed Brazil for 7 consecutive World Cups from 1990 to 2014, but passed away from cancer in 2015 😢  🇷🇺 Hi…;;
793494705757650948;alline_holter;Alline Oliveira❤🧛;"@ClaudiaLeitte 😻❤
@LittleMix 👭👭❤
@ClaireHolt ❤🧛😍
 @Paolla❤😻
@CWOriginals ❤🧛
@SofiaCarson 😍💙
@PLLtvseries❤";New Orleans, LA;294;914;0;6613;2369;False;2016-11-01T16:47:35;True;False;2;2018-06-14T15:43:45;2018-06-14T15:43:50;3,1088;4,02;0;0,0;RT @MundoLeitte: Passarão 4, 8, 1000 anos... mas nada, ABSOLUTAMENTE NADA, conseguirá desfazer um feito. @ClaudiaLeitte, a ÚNICA cantora br… ||| RT @anaclaudia_rs6: Passarão 4, 8, 1000 anos... mas nada, ABSOLUTAMENTE NADA, conseguirá desfazer um feito. Claudia Leitte, a ÚNICA cantora…;;
1006501367349960704;Official_Josaco;Josaco;Producer // 24 // 🇬🇧🇦🇺🇺🇸;;6;52;0;4;16;False;2018-06-12T11:40:00;True;False;6;2018-06-16T11:21:03;2018-06-16T20:57:35;8,6667;4,0;0;0,0;Well played #CRO  sailed through to a nice victory, bring on the next day of the #WorldCup ||| #DEN take the lead, all i can say is that #Per failed to take there chances #WorldCup ||| The icelandic fans must be some of the best, no matter the score line, I'm sure they wont stop shouting #ARGISL #worldcup ||| Although the loss, the Aussies can still look forward after playing well, France by far are the top team of that group #worldcup ||| RT @GoalUK: Pogba puts France back in front! 🇫🇷  [2-1] #FRAAUS #WorldCup https://t.co/EinLMiqU1T;1;auto: 3/6 signals
932780012520001537;Titus_Langa;Programmer;"hacker and programmer💻™
Find me at| iamsbusisolanga98@gmail.com";Kwandengezi, South Africa;440;886;0;1241;818;False;2017-11-21T01:17:40;True;False;1;2018-06-15T21:06:02;2018-06-15T21:06:02;2,0136;3,97;0;0,0;RT @XollyMnyandu: #FlashbackFriday  #EidMubarak  #friyay #TouchMyBlood #Durban #Abangani #YouthDay2018 #datemyfamily #xollymnyandu #xollysp…;;
1279917523;EckoBlade;Nick M;Husband, father, friend, bad golfer. Not always in that order....;Somewhere;230;252;10;13103;7540;False;2013-03-19T08:44:59;True;False;1;2018-06-16T06:42:21;2018-06-16T06:42:21;1,0957;3,94;0;0,0;RT @robboma24: Ronaldo carrying Portugal like... https://t.co/SBzipuiwDU #WorldCup2018;;
187049913;_vicksgarcia;Victoria Garcia;Love & Cheetos;Long Beach, CA;161;111;0;2651;11124;False;2010-09-05T03:27:10;True;False;1;2018-06-15T06:38:01;2018-06-15T06:38:01;0,6894;3,92;0;0,0;RT @ChivaZ71: a whole lotta Mexico Jerseys for a country who hates Mexico https://t.co/piXip0hs5R;;
250066409;kelvinlegod;🏴󠁧󠁢󠁥󠁮󠁧󠁿 WeMarchOn ™ 🏴󠁧󠁢󠁥󠁮󠁧󠁿;#WeMarchOn #SaintsFC;;693;673;12;11773;10445;False;2011-02-10T10:38:12;True;False;1;2018-06-14T21:11:14;2018-06-14T21:11:14;0,9711;3,9;0;0,0;Cheering Spain on tomoz 🇪🇸   #WorldCup;0;auto: 0/6 signals
764608010542981120;adam_lee44;🍇;;;129;110;0;2629;2605;False;2016-08-13T23:42:10;True;False;1;2018-06-14T14:21:45;2018-06-14T14:21:45;0,8527;3,89;0;0,0;RT @FIFAWorldCup: 🏆😁 Who else is excited? #WorldCup https://t.co/Y9pWqJWvQv;;
975034579483484160;ISRAA_SIMEH;اسراء;ليس أحقر من احترام مبني على الخوف.;;2;13;0;233;353;False;2018-03-17T15:42:13;True;False;6;2018-06-17T01:17:46;2018-06-17T15:44:45;6,5;3,84;0;0,0;RT @AdelAliBinAli: بوووووووووووووم #المكسيك يضرب #المانيا بطل العالم بالهدف الاول  #WorldCup #روسيا2018 #الارجنتين_ايسلندا #المانيا_المكسيك ||| RT @AdelAliBinAli: معلومة لمحبي كرة القدم ..  هدف كرستيانو الثالث ، جميع اللاعبين ركضوا خلف كريستيانو  #رونالدو للإحتفال معه ، لاعب واحد فق… ||| RT @AdelAliBinAli: وضع المنتخبات العربية في #كاس_العالم 🤭  : #WorldCup   #كاس_العالم  #روسيا2108  #كاس_العالم_روسيا_2018 https://t.co/8y8… ||| RT @AdelAliBinAli: #محمد_الشناوي حارس منتخب #مصر ضمن التشكيل الأفضل في #كاس_العالم : #WorldCup   #كاس_العالم  #روسيا2108  #كاس_العالم_روس… ||| RT @AdelAliBinAli: ملاحظة مهمة جداً لم ينتبه لها أحد في #مصر_الأوروغواي  حصل حارس المنتخب المصري محمد الشناوي على لقب رجل المباراة، لكن الش…;1;auto: 3/6 signals
127898936;Olivera111281;ED;#TeamCap #MaximumEffort #MARVEL;In your heart, miss;1218;897;13;9774;11392;False;2010-03-30T15:26:29;True;False;1;2018-06-16T18:12:10;2018-06-16T18:12:10;0,7365;3,8;0;0,0;Lastima por la @SeleccionPeru merecía ganar  #WorldCup2018;0;auto: 0/6 signals
177697954;neibamireya;neiba mireya bravo;;;79;581;0;155;10819;False;2010-08-12T21:04:53;True;False;2;2018-06-14T22:31:56;2018-06-14T22:46:39;7,3544;3,78;0;0,0;RT @Reuters: British pop star @robbiewilliams and Russian soprano @a_garifullina perform at #WorldCup opening ceremony. @Jacob_Greaves repo… ||| RT @FIFAWorldCup: The 2018 FIFA #WorldCup is currently averaging five goals per game!   The perfect start for @TeamRussia!  #RUSKSA  #RUS #…;1;auto: 3/6 signals
862132219334320129;CFSOLOKING;CF SOLOKING🇳🇬;"👑👑👑
[Snapchat] Cfsoloking, [Facebook] Cf soloking,
[Instagram] soloranking1..
😘😘Da dream chaser🔥🔥🔥";Lagos, Nigeria;86;379;1;3041;1478;False;2017-05-10T02:28:33;True;False;1;2018-06-16T09:55:57;2018-06-16T09:55:57;4,407;3,68;0;0,0;RT @papilokanu: Hello my country people.nigeria vs croatia we are supporting the Super Eagles to win so do what ever you know will help the…;;
959088418495004673;Shawnboswell83;Boswell⚒;West Ham United⚒passionate about football⚽also like's Boxing🥊COME ON YOU IRONS !!!!⚒;South West, England;92;134;0;1288;479;False;2018-02-01T15:37:52;True;False;1;2018-06-14T11:30:20;2018-06-14T11:30:20;1,4565;3,63;0;0,0;RT @ryanarcher84: What a Fu*king joke 😡!!! Stay strong canning town fly your flags with pride #ThreeLions #WorldCup2018 #ProudNation https:…;;
632288590;DeportivoAnguil;Deportivo Anguilense;Twitter  OFICIAL del Centro Social y Deportivo  Anguilense, Campeón de La Liga Cultural 2014 🏆;Anguil-La Pampa;1175;766;8;496;7675;False;2012-07-10T20:23:03;True;False;1;2018-06-16T13:49:25;2018-06-16T13:49:25;0,6519;3,54;0;0,0;#Rusia2018   #SomosArgentina   Final del primer tiempo #Argentina 🇦🇷 1⃣ - 1⃣ 🇮🇸 #Islandia    #ARG   -… https://t.co/ZYuxoOAQE7;0;auto: 0/6 signals
394997046;joflo_23;Jonathan . ⚡;Houston is where home is 🤘🏻Tamuk18 / ΣΧ-ΖΠ;;421;501;0;2791;8601;False;2011-10-20T23:39:24;True;False;1;2018-06-15T04:06:50;2018-06-15T04:06:50;1,19;3,54;0;0,0;RT @ChivaZ71: a whole lotta Mexico Jerseys for a country who hates Mexico https://t.co/piXip0hs5R;;
871129402612088833;alooshhhr;Aliyah R.🍒;❣️ Pray For The World ❣️;Brooklyn, NY;64;91;0;1010;1331;False;2017-06-03T22:20:09;True;False;1;2018-06-16T22:22:29;2018-06-16T22:22:29;1,4219;3,52;0;0,0;RT @ahmedhijazi96: Palestinian soccer players in #Gaza who lost a leg to Israeli sniper fire or bombardment played a simulated World Cup ma…;;
930419793684987904;teosert1907;Teosert1907@gmail.com;;;7;31;0;8;738;False;2017-11-14T12:58:59;True;False;1;2018-06-14T14:52:40;2018-06-14T14:52:40;4,4286;3,48;0;0,0;RT @mulanbu: #DünyaKupası  En büyük favori:🇧🇷  En iyi kadro: 🇫🇷  Duygusal favori: 🇦🇷  Süprizciler: 🇧🇪  Plaseciler : 🇪🇸 Romantikler: 🇭🇷 🇺🇾…;;
520884415;lainezch;David Lainez;Lic. en publicidad y mercadeo Facso,Ex, Concejal Municipio, ex Jefe Político Cantón Santa Elena. Hincha de EMELEC.;Santa Elena - Ecuador;748;3753;5;3634;7958;False;2012-03-11T01:08:56;True;False;1;2018-06-14T11:10:09;2018-06-14T11:10:09;5,0174;3,48;0;0,0;RT @DiarioExtraEc: Ya es oficial, la ceremonia del Mundial 2018 será más corta que la de años anteriores. Apenas 15 minutos. Iniciará a las…;;
916318522418003968;SPAINCHOEY;CHOEYGITNICKBIRLEMSPAIN;CHANNEL NUMBER 5 OFICIAL😂#TEAMCHOEY💜 joey liked ×0/ Charles FOLLOW 8/12/17  ×0  ❤~God has a plan~ ❤ SPAIN🙋;;75;100;0;9280;874;False;2017-10-06T15:05:34;True;False;1;2018-06-17T08:22:06;2018-06-17T08:22:06;1,3333;3,45;0;0,0;RT @EricJJohnson79: This match was rigged from the start.   Heard the whole thing was scripted. https://t.co/7cF0jT0v9p;;
72959162;Verteyne91;Verteyne Marins;"""You know nothing!"" Snap: V10marins Instagram: Verteyne91";Carapebus, Brasil;996;1226;0;9625;10707;False;2009-09-09T21:43:40;True;False;1;2018-06-15T19:40:57;2018-06-15T19:40:57;1,2309;3,35;0;0,0;6:59* https://t.co/umafq9gf0N;0;auto: 0/6 signals
823868777158746112;faris_izlan;Faris Izlan;;Perak, Malaysia;72;156;1;1098;1703;False;2017-01-24T12:23:18;True;False;1;2018-06-16T13:15:11;2018-06-16T13:15:11;2,1667;3,35;0;0,0;RT @EPLBible: Iceland have arrived at the #WorldCup https://t.co/SEeuNPvIUV;;
1006608206179647488;LaKhamSay1;La Kham Say;;;2;134;0;7;10;False;2018-06-12T18:44:33;True;False;3;2018-06-14T19:22:12;2018-06-16T06:53:24;67,0;3,33;1;3,0;RT @Meay_TNN24: แฮททริคแรกของทัวนาเมนต์!!! โรนัลโด้ปั่นฟรีคิกสุดสวย ให้โปรตุเกสตีเสมอสเปน 3-3 สุดยอดดดดด #สวัสดีบอลโลก  #WorldCup  #WorldCu… ||| RT @FIFAWorldCup: #RUS 5-0 #KSA The hosts kicked off the #WorldCup in style! #RUSKSA #WorldCup  🎥 Highlights 👉 https://t.co/45RI1wVGal 👀 TV… ||| RT @FIFAWorldCup: #RUS 5-0 #KSA The hosts kicked off the #WorldCup in style! #RUSKSA #WorldCup  🎥 Highlights 👉 https://t.co/45RI1wVGal 👀 TV…;1;auto: 4/6 signals
259856581;Johan_Tarafdar;Johan Tarafdar;Causing problems since 1991.                       Accountant;Southampton;221;226;1;870;8785;False;2011-03-02T18:52:27;True;False;2;2018-06-14T15:22:09;2018-06-17T15:23:36;1,0226;3,3;3;0,67;Great open game this! Loving Mexico's game plan vs the Germans #GERMEX #WorldCup ||| Can't contain my excitement for the World Cup, finished work early so I could watch Russia v Saudi #WorldCup;0;auto: 0/6 signals
412652986;Park4L;Erlich Bachman;When the praises go up, the blessings come down | SC: park4l;Lubbock, TX;309;473;0;4932;7790;False;2011-11-15T00:19:12;True;False;1;2018-06-16T06:51:08;2018-06-16T06:51:08;1,5307;3,24;0;0,0;RT @ChivaZ71: a whole lotta Mexico Jerseys for a country who hates Mexico https://t.co/piXip0hs5R;;
997942830667616256;Yohplala;Yohplala;;;4;95;0;49;85;False;2018-05-19T20:51:26;True;False;1;2018-06-15T21:29:43;2018-06-15T21:29:43;23,75;3,15;0;0,0;RT @OpenBrix: 35 teams, 12 cities, 1 Champion, and you - the winner! Go to https://t.co/e8iHv1hlJi  , take your pick and seize the opportun…;1;auto: 4/6 signals
1590090440;prokontra;I'm a man;"#Apa kata AlQuran tentang Isa AS
#Apa kata AlQuran tenatang Muhammad SAW";Jakarta Capital Region;1437;1242;1;603;5623;False;2013-07-13T03:54:54;True;False;1;2018-06-14T18:42:08;2018-06-14T18:42:08;0,8643;3,13;0;0,0;RT @FIFAWorldCup: We are rivals, but we live football together!   Capture your moment with a rival fan, share it with #RivalHug and win a t…;;
327492380;Abdullah_F96;عبدالله الفريح;وَلِلَّهِ مَا فِي السَّمَاوَاتِ وَمَا فِي الأَرْضِ وَكَفَى بِاللَّهِ وَكِيلاً;Riyadh;558;471;2;352;7896;False;2011-07-01T17:15:13;True;False;2;2018-06-14T13:54:12;2018-06-14T17:38:22;0,8441;3,11;0;0,0;RT @TheRealParslow: How the goalkeeper catches the ball with closed eyes 😂😂😂No wonder Russia scored 5 goals.... #RUSKSA #WorldCup #SSFootba… ||| يالله ياكريم ياكرييييييم💚💚 https://t.co/bY16lQZtM1;0;auto: 0/6 signals
877293266026278912;AldaherFeras;Feras_aldaher;man utd Sports Sports news;North Rhine-Westphalia, German;8;83;0;1377;1117;False;2017-06-20T22:33:08;True;False;1;2018-06-16T18:32:15;2018-06-16T18:32:15;10,375;3,1;0;0,0;RT @Football__Tweet: The Icelandic fans have arrived. #WorldCup #ISL https://t.co/TwmbaUA33e;1;auto: 3/6 signals
973909579292651520;ChristianBrasso;Christian Brassington;Big fat Ossie in big fat #Poldark (#Poldarlings) Agents: @UnitedAgents and @hhushvoices Publicist: @dobbsCLD;;1167;341;8;1704;284;False;2018-03-14T13:11:52;True;False;1;2018-06-16T14:54:43;2018-06-16T14:54:43;0,2922;3,02;0;0,0;WE. ARE. HEIDA. REED. #ISL   @ReedHeida #WorldCup #Poldark https://t.co/3M45y4oYoK;0;auto: 0/6 signals
1005317691761098752;Kermit0411;Kermit;♏🔩;PISC;7;64;0;81;15;False;2018-06-09T05:16:30;True;False;1;2018-06-14T07:03:41;2018-06-14T07:03:41;9,1429;3,0;0;0,0;RT @YovanyCRestrepo: 1 día #WorldCup2018 #Rusia2018 #FIFA #WorldCupFantasy #Russia2018 #Russia at one day of #RUSKSA ⚽🏆 https://t.co/kLUNXi…;1;auto: 4/6 signals
913474572766154752;AshleyxxV98;Ashley🥀;Michael Jay Hansen😍 *4.27.17*🙏🏼💕;West Jordan, UT;43;42;0;429;774;False;2017-09-28T18:44:44;True;False;1;2018-06-15T13:06:04;2018-06-15T13:06:04;0,9767;2,99;0;0,0;RT @ChivaZ71: a whole lotta Mexico Jerseys for a country who hates Mexico https://t.co/piXip0hs5R;;
226652146;shaniefla;Shane Fla;carpenter/soccer coach . head coach of north Toronto Nitros u15 G reserve team and assistant coach to u15 girls OPDL team. clinic coach at Toronto fc . gufc;toronto/galway ;355;718;2;2946;8181;False;2010-12-14T18:30:36;True;False;1;2018-06-16T14:50:49;2018-06-16T14:50:49;2,0225;2,99;0;0,0;How is Messi still in penalties . He’s missed 25  career penalties not #worldcup #ARGvsICE;0;auto: 0/6 signals
268483688;DempoChoc;Aidan Dempsey;Massive Gooner, Big Boxing Fan, loving life. Husband to an amazing woman, father to two amazing boys and one little princess;Surrey;534;1731;6;3468;7855;False;2011-03-18T21:39:15;True;False;1;2018-06-14T14:03:45;2018-06-14T14:03:45;3,2416;2,97;0;0,0;@Dempo7981 #datguywelbz https://t.co/To4eYlhLO6;0;auto: 0/6 signals
860065309851435008;3black_love11;浦田 忠央;New フォローお願いします。;;460;366;0;1585;1188;False;2017-05-04T09:35:23;True;False;1;2018-06-16T05:40:39;2018-06-16T05:40:39;0,7957;2,92;0;0,0;RT @reinakop: W杯が始まる。  #ロシアW杯 #WorldCup https://t.co/1WXMpNpwep;;
117350639;Bethyle_Korir;KOR-RIR ™;|:| Pool addict |:| Single when bae is offline|:| #MUFC ||:| Martial Fc |:|;Kenya;4821;4899;11;562;8826;False;2010-02-25T08:51:28;True;False;3;2018-06-14T17:13:02;2018-06-16T18:05:16;1,0162;2,91;2;1,5;RT @at_hand_edwin: ''Benzema should be at World Cup, not Deschamps'' - Zlatan ibrahimović 😂😂 #WorldCup ||| RT @jn_shine: I supported Saudi Arabia, We lost.  I supported Egypt, Egypt Lost I supported Australia, they lost. I supported Spain, David… ||| RT @_wangwe: Their wives. https://t.co/EtokCdHal2;;
727112852654428160;thisisarly;OOF;I'm just a fangirl don't mind me☆ Queen of potatoes and being awkward ~ I draw and do edits;;102;104;1;10447;2242;False;2016-05-02T12:29:47;True;False;1;2018-06-15T17:16:51;2018-06-15T17:16:51;1,0196;2,9;0;0,0;RT @ChivaZ71: a whole lotta Mexico Jerseys for a country who hates Mexico https://t.co/piXip0hs5R;;
919025515872358401;sencillasteph;stephanie🧚🏽‍♀️;Love is the flower you’ve got to let grow 🌹;New Jersey, USA;25;37;0;131;701;False;2017-10-14T02:22:12;True;False;1;2018-06-15T14:39:11;2018-06-15T14:39:11;1,48;2,87;0;0,0;RT @ChivaZ71: a whole lotta Mexico Jerseys for a country who hates Mexico https://t.co/piXip0hs5R;;
221227544;MWL152;Michael;I usually tweet about sport. I play guitar in a pop punk band. I hate your team and music taste.;Melbourne, Australia;353;757;8;9921;7827;False;2010-11-30T02:30:57;True;False;1;2018-06-15T17:08:00;2018-06-15T17:08:00;2,1445;2,84;0;0,0;About to head down to a bar in San Sebastián to watch Spain vs Portugal. Life's good right now. #WorldCup;0;auto: 0/6 signals
161437176;pachegol2010;Luis Pacheco;I used to tout DFS soccer but now I just give back to the community by losing money;Atlanta, GA;784;709;50;2581;8156;False;2010-06-30T21:20:52;True;False;2;2018-06-14T11:51:45;2018-06-16T10:59:35;0,9043;2,81;1;2,0;RT @iamanch: Probably all Iceland is now in Zaryadie. #teamiceland #isl #worldcup https://t.co/K0j7CMtEmt ||| RT @mohammedali_93: On the eve of the #WorldCup let's remember the greatest individual performance in the WC this century #FRA https://t.co…;;
998216780966281222;tctctcu;スーパーたくたく;;;16;101;0;22;67;False;2018-05-20T15:00:01;True;False;1;2018-06-14T12:59:26;2018-06-14T12:59:26;6,3125;2,79;0;0,0;え、#WorldCup2018  はじまった？;1;auto: 3/6 signals
1001138517324517381;XICO02364064;XICO;;;8;16;0;8;50;False;2018-05-28T16:29:57;True;False;1;2018-06-16T00:30:34;2018-06-16T00:30:34;2,0;2,78;0;0,0;RT @DalotDiogo: Juntos, por Portugal! Em busca de fazer a nossa história 🇵🇹❤️ Força !! #ConquistaOSonho #WorldCup #POR  @selecaoportugal ht…;1;auto: 3/6 signals
111110214;Jordmccabe1;Jordan McCabe;;;395;446;4;2062;8476;False;2010-02-03T21:08:57;True;False;3;2018-06-14T07:26:16;2018-06-17T12:48:22;1,1291;2,77;3;1,0;RT @Ladbrokes: A patriotic Ladbrokes punter has put £10k on England to win the #WorldCup...  Yes, £10k!!! 😱 https://t.co/jF06fvWUF0 ||| Oioiiii #WorldCup ||| RT @ODDSbible: The #WorldCup is finally here 🙌  🎥 @BBCSport  https://t.co/KLKcK0quhy;0;auto: 0/6 signals
951207039216340992;bnt_alzyley;ho..📍;اللهُم الخيرة في أقدارك. والرّضا ثم الرّضا بكُل شيء.🕊💛;;31;56;0;251;426;False;2018-01-10T21:40:05;True;False;1;2018-06-14T14:30:37;2018-06-14T14:30:37;1,8065;2,77;0;0,0;RT @riyadiyatv: تشكيلة صُقورنا الخُضر لمواجهة منتخب روسيا في افتتاح #كأس_العالم.. دعواتنا لـ #منتخبنا_الوطني بالتوفيق #معاك_يالأخضر 🇸🇦💚 #Wo…;;
239841538;arc_tobi;teamNIGERIA;Architect 🔯Manchester United⚽ IG➡ @seeker_007 and @ekiti_finest;Uyo, Nigeria;2364;2337;0;5591;7433;False;2011-01-18T15:13:50;True;False;35;2018-06-14T07:49:15;2018-06-17T16:11:53;0,9886;2,75;3;11,67;RT @Squawka: A whirlwind couple of years for #MEX's Hirving Lozano:  🇲🇽 Top scorer for Mexico during qualifying 🇳🇱 Top scorer for PSV in 20… ||| RT @Omojuwa: Spain lost their first game at the 2010 World Cup. They went on to win that World Cup. Random  #WorldCup tweet. ||| RT @HailKayode: I don't know how I don't know why  But I know that someway, somehow, this is all Buhari's fault 😤 #NGA #WorldCup #CRONGA ht… ||| RT @_Fhavour: Nigerian Players before the Match Vs Nigerian Players  After the Match😂😂😂😂 #WorldCup https://t.co/JO1W9sUPsJ ||| Atleast we are best than Ghana #WorldCup #CRONGA;0;auto: 0/6 signals
993021630283632641;kevn_hartmann;Kevin hartmann;"Tweet
Conversation
Kevin hartmann
Kevin hartmann
@kevn_hartmann
tante / janda / mbak / bunda
 Serius WA ajh 082160125702";;0;0;0;0;109;False;2018-05-06T06:56:20;True;False;1;2018-06-16T02:08:54;2018-06-16T02:08:54;0,0;2,73;0;0,0;gmn cara pasang useetv ya? Kami udah punya jaringan internet di rumah... truss??? Mohon jawab dong... #spanyol… https://t.co/jKhAOY8oUQ;;
767473484914040832;CastilMunguia;Albcastillo;Música Noticias Deportes Entretenimiento Mundo Musical;Apizaco, Tlaxcala;62;108;1;21453;1803;False;2016-08-21T21:28:32;True;False;1;2018-06-15T23:02:15;2018-06-15T23:02:15;1,7419;2,72;0;0,0;RT @wweespanol_: #WorldCup https://t.co/Rkyt6AdCKW;;
2686349016;daziah_brown;🌻Daziah🌻;LHS SENIOR. {Psalm 91:1} #UMHB22💜💛 sc:daziahbrown;la grange, tx;508;415;0;15170;3785;False;2014-07-28T01:56:38;True;False;1;2018-06-15T22:20:51;2018-06-15T22:20:51;0,8169;2,67;0;0,0;RT @ChivaZ71: a whole lotta Mexico Jerseys for a country who hates Mexico https://t.co/piXip0hs5R;;
2991775833;rackham_charlie;Charlie Rackham;talk tonight! ❤️ WestHam ❤️;;291;650;2;10910;3206;False;2015-01-22T10:49:44;True;False;1;2018-06-14T06:43:11;2018-06-14T06:43:11;2,2337;2,59;0;0,0;It’s back #WORLDCUP #ThreeLions 🦁🦁🦁;0;auto: 0/6 signals
820481341129129986;shittaseun_art;Seun Shitta;"Architect | Artist | Sportsman
  ➡ Contact: Shittaoluwaseun@yahoo.com



                                    IG: Seunshitta_art";Lekki, Nigeria;336;303;1;2640;1306;False;2017-01-15T04:02:50;True;False;5;2018-06-14T05:58:31;2018-06-17T16:47:55;0,9018;2,52;3;1,67;RT @TWEETORACLE: #GER has has 24 shots at goal in this game but NO goal yet.  #Worldcup ||| Thanks baba🙌   Predictions 2-2 or 1-2 in favour of Nigeria. Come back to this tweet when it's over. https://t.co/T2Mg8vDtvJ ||| RT @Diddy: Good luck to the @NGSuperEagles today in the #WorldCup 🇳🇬🇳🇬🇳🇬 ||| RT @Diddy: Good luck to the @NGSuperEagles today in the #WorldCup 🇳🇬🇳🇬🇳🇬 ||| RT @Footy__Train: World Cup day! #Russia2018 #FIFAWorldCup #JoinTheFootyTrain https://t.co/QkphFzBHNE;0;auto: 0/6 signals
2790638175;_Giovvanni;GM ➰;Sam 💍/🇦🇷🌞;;336;226;0;2643;3398;False;2014-09-29T04:21:51;True;False;2;2018-06-15T23:17:56;2018-06-17T16:53:16;0,6726;2,5;1;2,0;"RT @ItsAnguiano13: And they both got 1 point. Keep it moving https://t.co/SSa1EMceHW ||| RT @GS7_89: Seriously... From the face expression to preparation &amp; to the goal by #Cristiano, he is simply amazing! #POR #PORESP #WorldCup…";;
2542946710;marcelico_rocha;Marcelo;Feira | 19 | instagram: marceloswim | Snap: f.marcelo99;;291;219;0;1059;3719;False;2014-05-12T12:48:12;True;False;1;2018-06-15T20:25:53;2018-06-15T20:25:53;0,7526;2,49;0;0,0;RT @insoniascarvao: ❤️ #PORESP #WorldCup #CristianoRonaldo https://t.co/fywgK6hwEy;;
961750371134779392;ginnerphil;Phil H;"Listener of #ManicStreetpreachers,
Watcher of films,
Supporter of #Bradfordcity,
player of games,
finder of #geocaches,
lover of #animals and #nature";Bradford, England;13;67;0;185;307;False;2018-02-08T23:55:31;True;False;1;2018-06-14T11:04:50;2018-06-14T11:04:50;5,1538;2,46;0;0,0;#WorldCup2018  #happydays https://t.co/p6dQr46z67;;
952712010667642881;russ_all;RJA;OnceUnoDieciséis 👩🏻‍🏫;Binghamton, NY;20;164;0;161;370;False;2018-01-15T01:20:18;True;False;1;2018-06-17T16:54:03;2018-06-17T16:54:03;8,2;2,42;0;0,0;If Mexico could beat Germany.. then we can beat France. Leets gooo 🇵🇪🇵🇪🇵🇪 #WorldCup2018;;
967104630105759744;Alejand09605940;Alejandra.;la libertad es libre..;;44;302;0;1840;267;False;2018-02-23T18:31:26;True;False;1;2018-06-15T16:31:14;2018-06-15T16:31:14;6,8636;2,41;0;0,0;RT @ECavaniOfficial: #EGY 0-1 #URU   #worldcup #EGYURU https://t.co/afQaE0yYVq;1;auto: 3/6 signals
279814807;Jordanandrews32;Jordan Andrews;I will never falter, I'll stand my ground;Snapchat- jordanandrews32;838;662;1;5098;6302;False;2011-04-10T02:28:38;True;False;1;2018-06-15T15:18:05;2018-06-15T15:18:05;0,79;2,4;0;0,0;RT @Jaguars: The #WorldCup might have some great celebrations, but our favorite is still this one by @JoshLambo. https://t.co/ai2majcFfJ;;
436518413;bradley_10xo;manlikeひひ;IG-manlikebrad 🔞;;522;562;1;15833;5699;False;2011-12-14T07:58:02;True;False;1;2018-06-14T19:51:29;2018-06-14T19:51:29;1,0766;2,4;0;0,0;RT @GenuineLimbs: England fans will celebrate throw-ins harder than that. https://t.co/CYNO7NRhUg;;
2820160310;maryoona8;Maryan Sameer;🇸🇾🇧🇭🏇🏀||anis'18||i can do all things through christ who strengths me~phil4:13✝️;Bahrain;263;156;0;718;3220;False;2014-09-19T16:04:29;True;False;6;2018-06-14T11:21:43;2018-06-16T14:37:10;0,5932;2,36;2;3,0;RT @BleacherReport: Yesterday vs. today   #WorldCup https://t.co/zOnfMhXG6j ||| RT @mohamed37j: HT: POR 2-1 SPA | WHAT A MATCH! 😍🔥🔥 | #WorldCup ||| RT @AHFODJ: متخيلين لمدة شهر من مباراتين لي ثلاث مباريات يوميا.. لا تطلب برنامج أحلى من جذي  #WorldCup ||| RT @__albastaki: Nothing else matters now #worldcup ||| griezman play fortnite tho😂 https://t.co/haaCBD3Hy6;0;auto: 0/6 signals
579021152;kbukicho;大西 昭也;IQ72.4です。;西新宿・神戸;373;299;1;3051;5233;False;2012-05-13T14:56:33;True;False;2;2018-06-14T15:17:30;2018-06-15T21:03:23;0,8016;2,35;1;2,0;RT @webstyleking: 【試合終了】 🏆2018 FIFA World Cup⚽️ Group B  🇵🇹 ポルトガル 3 - 3 スペイン 🇪🇸  得点⚽️ 前4分 ロナウド🇵🇹PK 前24分 ジエゴ・コスタ🇪🇸 前44分 ロナウド🇵🇹 後10分 ジエゴ・コスタ… ||| RT @FIFAWorldCup: The first pass of the 2018 FIFA #WorldCup  Let the games begin!   #RUSKSA https://t.co/l806QlNYgQ;;
903961923934240768;TNL_Update;Tamil News Live;;;52;49;0;1;675;False;2017-09-02T12:44:52;True;False;16;2018-06-14T08:05:53;2018-06-17T15:04:29;0,9423;2,34;3;5,33;Germany vs Mexico Live Streaming https://t.co/VtmvXcP1QP #GERMEX #GERvsMEX #GERvMEX #Mex #GER #MexicovsGermany… https://t.co/XdQk0iXoV8 ||| Germany vs Mexico Live Streaming https://t.co/VtmvXcP1QP #GermanyvsMexico #GERMEX #ger #germany #mexicovsgermany… https://t.co/SmH61LEEjB ||| Costa Rica vs Serbia Live Streaming https://t.co/U1bMOVCFd3 #CostaRica #CostaRicavsSerbia #costaricaserbia #CRCSRB… https://t.co/gjYsMKo80Y ||| Croatia vs Nigeria Live Streaming https://t.co/C00kl3nwLq #CRONGA #CRO #CRONGR #Crovnga #CROvsNGA #CRONIG #NIGVSCRO… https://t.co/HjQMlKqIpz ||| Peru vs Denmark Live Streaming https://t.co/7AZoqiEhAu #PERDEN #PERVSDEN #PERvDEN #Peru #PER #DEN #Denmark #DENPER… https://t.co/4hxuuzsAQQ;;
1274435155;yh7816hy_soccer;GUCCI;instagram YH7816;香川→東京;258;237;0;3191;4348;False;2013-03-17T08:37:58;True;False;1;2018-06-15T22:28:22;2018-06-15T22:28:22;0,9186;2,27;0;0,0;RT @j_sokuho2017: 【#ロシアW杯 速報！】 #ポルトガル🇵🇹 vs #スペイン🇪🇸  壮絶なゲームは引き分け！！  何から呟けば良いかわかりませんが、 とにかく凄いシーソーゲームでした😳‼️  ロナウドはハットトリック達成です。 スーパーすぎ。  #2018ロ…;;
2212718495;Harrdeydee;Faizat Adedolapo;"worry less,pray more.
Be happy for no reason.
Progress addict..Dreamer/Doer.#Godoverall
Don't follow if u will unflw later✌";Lagos.Nigeria;536;507;3;1622;3734;False;2013-12-07T19:45:31;True;False;1;2018-06-15T22:02:50;2018-06-15T22:02:50;0,9459;2,26;0;0,0;RT @Omojuwa: Africa: Played 2. Lost 2. Two late goals in each situation. I hope the likes of Nigeria, Senegal, France and Tunisia won’t mak…;;
838647380056686594;PrideTVSA;PRIDE TV;;;427;738;1;893;1053;False;2017-03-06T07:08:11;True;False;1;2018-06-15T07:08:59;2018-06-15T07:08:59;1,7283;2,26;0;0,0;RT @JhbPride: In solidarity to the LGBTQ+ community in Russia and those held captive. #Russia2018 #LGBTQsolidarity https://t.co/QlPhcn1Bt7;;
947761594104086528;ryuki_0416;山﨑隆輝;;;352;331;0;850;364;False;2018-01-01T09:29:07;True;False;3;2018-06-15T00:25:38;2018-06-16T03:43:45;0,9403;2,21;1;3,0;RT @GoalJP_Official: ＼#WorldCup プレビュー／  【グループC第1節】 レ・ブルー復活のカギは19歳の怪物。豪州はアジアの意地を見せられるか？  #フランス代表 #オーストラリア代表 #ムバッペ #ナバウト #ロシアW杯 #ワールドカップ  ✅ユー… ||| RT @j_sokuho2017: 【#ロシアW杯 速報！】 #ポルトガル🇵🇹 vs #スペイン🇪🇸  コスタのゴリゴリ個人技で、 スペインが同点ーー！  これはやばすぎ😂😂😂  #2018ロシア #ロシアワールドカップ #WorldCup     https://t.… ||| RT @NHK_soccer: 【2分でわかる #ロシアＷ杯】   ロシア #RUS ｘ #KSA サウジアラビア  開催国ロシア 5得点で好発進！！   #グループA #ワールドカップ  #WorldCup #サッカー見たいNHK   試合を見逃した方はコチラのページから↓…;;
1436677249;Baron86123;ممحون ١٨;جاري البحث عن عمة او شيميل او بنوتي أردني ساكن بقبرص أزور الاردن كل اجازة;Cyprus;930;401;10;922;4071;False;2013-05-17T20:56:25;True;False;1;2018-06-17T16:30:12;2018-06-17T16:30:12;0,4312;2,19;0;0,0;RT @shemalesXvids: For all lovers #shemales #trans  install this app #russia #worldcup #FifaWorldCup2018 #FifaWorldCup18  https://t.co/GFsj…;;
4349684241;arieltaborda8;ariel;;;259;252;0;2302;2009;False;2015-12-02T10:48:30;True;False;1;2018-06-14T11:12:35;2018-06-14T11:12:35;0,973;2,17;0;0,0;RT @VarskySports: ES HOY! Durante un mes, el Planeta Tierra será el Planeta Fútbol. El gol será el idioma, de abrazos se harán los mapas, d…;;
993775998381514752;Davron40477811;Davron;;Uzbekistan;2;10;0;50;76;False;2018-05-08T08:53:56;True;False;1;2018-06-15T02:45:22;2018-06-15T02:45:22;5,0;2,05;0;0,0;RT @FullTimeDEVILS: Jose Mourinho pictured with Vladimir Putin The #WorldCup is just getting started 🤪 https://t.co/LEnGaxi6g2;;
41030015;AdamBlackmoore;Adam 🖕🏼;up the villa;Birmingham;616;680;3;5695;6556;False;2009-05-19T02:05:02;True;False;1;2018-06-15T20:51:49;2018-06-15T20:51:49;1,1039;1,98;0;0,0;RT @domstirling12: Lets be honest, the titanic theme tune was meant for Cristiano Ronaldo  #PORESP #WorldCup https://t.co/gXfVX6WfKG;;
247211662;mzwaimbeje;mzwandile mbeje;SABC Presidential Correspondent;Johannesburg;19925;712;76;425;5284;False;2011-02-04T09:54:13;True;False;1;2018-06-14T11:15:47;2018-06-14T11:15:47;0,0357;1,97;0;0,0;The teams I’m supporting. Africa first, Senegal, Nigeria then Egypt, Tunisia, maybe Morocco. From there, Argentina,… https://t.co/pI80c2BELT;0;auto: 0/6 signals
798327672925519873;Ambuulii;ambuulii;;Hargeisa/Djibouti;196;157;0;1734;1132;False;2016-11-15T00:52:04;True;False;1;2018-06-14T20:50:21;2018-06-14T20:50:21;0,801;1,97;0;0,0;RT @FaizaEusman: My brothers @YEusman @_omaritto representing #Somaliland in the #WorldCup2018 https://t.co/VdBc02YjhM;;
948169294487023616;WobblesfrmMELB;George the Horse;"Breaking dancing on the basketball court by night and a finance and mortgage broker by day.

Dean Soldo";Melbourne, Victoria;8;87;0;442;317;False;2018-01-02T12:29:10;True;False;1;2018-06-15T07:04:38;2018-06-15T07:04:38;10,875;1,94;0;0,0;So far sooooo goood https://t.co/xFpaHlyZyz;;
405014565;_s1_qtr;سّ | المري......🇶🇦;;تميم _المجد;187;271;0;297;4584;False;2011-11-04T18:41:30;True;False;1;2018-06-14T16:21:50;2018-06-14T16:21:50;1,4492;1,9;0;0,0;RT @rqnewsroom: مونديال #قطر2022  هو مونديال كل العرب  حكاية حلم ...  #موسكو هي المحطة الأخيرة قبل انطلاق مونديال كل العرب في #قطر   #Russi…;;
1004226584453308416;Winny75386531;ActuallyDelgado🌛;;Texas, USA;9;87;0;56;19;False;2018-06-06T05:00:50;True;False;1;2018-06-16T18:56:01;2018-06-16T18:56:01;9,6667;1,9;0;0,0;@SeleccionPeru I am so proud and happy we made it this far. You guys have it all and to me you were the true winner… https://t.co/eTrQV2Il8V;1;auto: 3/6 signals
2926530304;joshuaCR77;J.óšü7;👻 cr7-flash.;Los Angeles, CA;116;91;0;3650;2413;False;2014-12-17T06:37:57;True;False;1;2018-06-14T07:13:48;2018-06-14T07:13:48;0,7845;1,89;0;0,0;RT @BleacherReport: One more sleep til #WorldCup https://t.co/0KHhltxOcM;;
2432753144;SpursFan2711;SNIPERSILVAS;i like stuff;San Antonio, TX;127;422;1;6928;2860;False;2014-04-08T00:00:47;True;False;1;2018-06-16T13:56:20;2018-06-16T13:56:20;3,3228;1,87;0;0,0;RT @ChivaZ71: a whole lotta Mexico Jerseys for a country who hates Mexico https://t.co/piXip0hs5R;;
4425726614;amina_radoncic;Amina Radoncic;Teacher and Futbol Coach @ PHS.                        My one true love is Chipotle;dallas ➡️ houston ;263;369;0;190;1728;False;2015-12-02T00:25:01;True;False;1;2018-06-16T13:31:35;2018-06-16T13:31:35;1,403;1,86;0;0,0;RT @FOXSoccer: Iceland is the smallest nation to ever qualify for a #WorldCup.  How did they do it? Hard. Work. https://t.co/zlLDyjN53N;;
4048024745;TheAnswer___;Adriano;@fcporto;Estadio do Dragão;109;161;1;859;1780;False;2015-10-26T18:42:36;True;False;2;2018-06-15T18:49:01;2018-06-15T20:50:01;1,4771;1,85;0;0,0;RT @Ronaldo_France: Match nul 3-3. Triplé de CR7 qui devient le premier joueur à inscrire 3 buts face à l’Espagne en Coupe du Monde.  #Worl… ||| RT @Ronaldo_France: GOOOOOAL : CRISTIANOOOOO ! LE DOUBLÉ !! 2-1 face à l’Espagne ! 🇵🇹  #WorldCup2018 #POR https://t.co/ir0coOmEEn;;
65019947;Mcnowell;Jon Don;I Sell Hope...;;192;266;3;1555;5753;False;2009-08-12T12:22:57;True;False;12;2018-06-14T13:58:16;2018-06-16T18:42:48;1,3854;1,78;2;6,0;RT @ASRomaEN: Grazie Sean 👋 https://t.co/J65YSVRpPd ||| RT @Diddy: Good luck to the @NGSuperEagles today in the #WorldCup 🇳🇬🇳🇬🇳🇬 ||| Send a keg of plamwine over for the Ritual of cleansing...  We dont need our ancestors raging sister...we need all… https://t.co/zxpKb6Y0qU ||| We go knack Croatia 2-1, dem just finish dis game for heaven. #Faith #SuperEagles #WorldCup https://t.co/nrN16MTdH6 ||| RT @SmithySoccerAM: Nacho is my favourite player in World Football.Quite simply because like me he‘s a Type 1 Diabetic who takes 5 insulin…;0;auto: 0/6 signals
712655030994792449;badr7471;بدر العبدالوهاب;"وطني أولا.








(عضو مجلس إدارة نادي #الفيحاء )
















 أنتم أهل المجد يا أهل #المجمعة (خالد الجبر)";المجمعة, المملكة العربية السعو;896;379;0;146;1444;False;2016-03-23T14:59:34;True;False;1;2018-06-14T16:57:43;2018-06-14T16:57:43;0,423;1,78;0;0,0;RT @Alfaihaclub: مجلس جمهور #الفيحاء @alfaihaclubfans يتواجد في موسكو لمؤازرة منتخبنا الوطني في نهائيات كأس العالم.  #معاك_يالاخضر  #Green_…;;
2894921773;m0nd0generat0r;MG;In a time of universal deceit - telling the truth is a revolutionary act.;;36;346;0;825;2314;False;2014-11-09T15:48:29;True;False;1;2018-06-16T16:02:33;2018-06-16T16:02:33;9,6111;1,76;0;0,0;RT @soccerdotcom: Our top selling #WorldCup jerseys by 🇺🇸 state. Which country is #1 where you live? https://t.co/woaBiydVJM;1;auto: 3/6 signals
758460599865081856;DavidsonLeand12;Davidson Leandro;A Deus Toda a Gloria! Cruzeirão Cabuloso! A Imagem do Cruzeiro Resplandece!;Montes Claros, Brasil;1025;1441;2;2824;1202;False;2016-07-28T00:34:33;True;False;1;2018-06-16T17:37:44;2018-06-16T17:37:44;1,4059;1,75;0;0,0;RT @Cruzeiro: #NewProfilePic #WorldCup https://t.co/gODH8Uqn7v;;
3156468247;Alkuam;Alkuam;;;11;9;7;5;1975;False;2015-04-14T14:34:20;True;False;1;2018-06-15T16:18:04;2018-06-15T16:18:04;0,8182;1,71;0;0,0;RT @GTokenOfficial: Join our #WorldCup #giveaway! #GamerToken offers gamers a #blockchain based marketplace for trading skins and earning i…;;
3785884108;Novosti_Novoros;Новости. События.;Все в этом мире взаимно. Все вернется всем. Бумерангом. #followback #follow #взаимнаяподписка #ЧитаюВзаимно;;1548;1535;2;1614;1680;False;2015-09-26T21:12:43;True;False;2;2018-06-14T15:54:55;2018-06-17T14:40:00;0,9916;1,69;2;1,0;RT @moja_Srbija: #Srbija је победила у својој првој утакмици на @FIFAWorldCup  у Русији репрезентацију Костарике резултатом 1:0, голом Кола… ||| RT @ARTEM_KLYUSHIN: Гол Черышева #WorldCup    #чм2018    #RUS    #Ф2018 https://t.co/Pro7zy99XV;;
731826716;clarisss_18;🇲🇽Clarissa🇫🇷;BHHS Graduate ‘18 | 10/5/18 ❤️💍;Baytown, TX;217;77;0;7900;3620;False;2012-08-02T01:00:39;True;False;1;2018-06-15T16:09:36;2018-06-15T16:09:36;0,3548;1,69;0;0,0;RT @ChivaZ71: a whole lotta Mexico Jerseys for a country who hates Mexico https://t.co/piXip0hs5R;;
824226421;jessss_lopes;JLo;Life is short and so am I.;NY;363;415;2;10362;3550;False;2012-09-15T00:05:56;True;False;2;2018-06-15T21:17:00;2018-06-16T00:52:32;1,1433;1,69;0;0,0;Never would’ve guessed that by the end of today’s games Iran would be at the top of group b. #Worldcup ||| RT @ChivaZ71: a whole lotta Mexico Jerseys for a country who hates Mexico https://t.co/piXip0hs5R;0;auto: 0/6 signals
2664995450;ruth_lene;Ruthlene Mugenyi;Modest and always trying to be better.;Kampala Uganda;431;387;1;2634;2394;False;2014-07-21T05:28:15;True;False;1;2018-06-17T03:00:40;2018-06-17T03:00:40;0,8979;1,68;0;0,0;RT @beewol: Some of these #WorldCup names are not for ordinary folk. 8 letters, 6 of which are consonants. How are we supposed to pronounce…;;
976617592684269568;OTopaga;Oficina Cambio Climático Tópaga;"Cuenta Oficial
Oficina Cambio Climático";Sogamoso, Colombia;21;140;0;230;142;False;2018-03-22T00:32:33;True;False;2;2018-06-14T18:22:00;2018-06-16T12:13:15;6,6667;1,65;1;2,0;RT @olga_m_m: Qué hacen las sedes mundialistas por el cambio climático? #ClimateWorldCup #ClimateChange #ClimateAction  Enterarse aquí: 👇🏼… ||| RT @inst_humboldt: En cabeza del equipo rival de este #MundialBiodiverso, se encuentra la rana toro, un técnico agresivo en cualquier canch…;1;auto: 3/6 signals
121189929;Tsmbp;O CAMPEÃO VOLTOU 🇸🇻;;;105;50;7;632;4973;False;2010-03-08T18:22:14;True;False;2;2018-06-16T14:45:47;2018-06-16T16:45:51;0,4762;1,65;0;0,0;RT @insoniascarvao: ❤️ #PORESP #WorldCup #CristianoRonaldo https://t.co/fywgK6hwEy ||| RT @iancairns01: Knew that looked familiar. 🤔 Portsmouth FK flashback. ⚽️ 🥅 #CristianoRonaldo #WorldCup #ESP #Por #PortugalVsSpain #PORESP…;;
123917585;alizaheernaqvi;Ali Zaheer;Kia batayen buss!!!;Karachi,Pakistan;120;225;0;6253;4979;False;2010-03-17T16:40:30;True;False;2;2018-06-14T19:17:21;2018-06-15T12:56:56;1,875;1,65;0;0,0;RT @_wangwe: Their wives. https://t.co/EtokCdHal2 ||| RT @BrasziI: Saudi Arabia will beheading home after three games #WorldCup ;;
193452433;Tiisetso_23;Tiisetso;;Johannesburg,South Africa ;307;789;0;5045;4662;False;2010-09-21T21:15:49;True;False;3;2018-06-15T11:58:06;2018-06-15T22:39:08;2,57;1,65;0;0,0;"RT @WorIdCupUpdates: Legends are watching 👀 #WorldCup  https://t.co/Hr2b142LSC ||| RT @SuperSportTV: We're more than happy to watch this again. And again. And again. 🔥Ronaldo 🔥 For full highlights &gt;&gt; https://t.co/Ortmv3vHz… ||| RT @_wangwe: Their wives. https://t.co/EtokCdHal2";;
847095439186972672;PatrickShiels6;Patrick Shiels;instagram: patrickshiels03                                      Snap Chat: patrickshiels03;Walton, Liverpool ;43;175;0;2357;731;False;2017-03-29T14:37:45;True;False;1;2018-06-14T23:17:06;2018-06-14T23:17:06;4,0698;1,65;0;0,0;RT @deCoubertin: To celebrate the #WorldCup (and remember Graeme Sharp's 1986 World Cup exploits) we're giving away a copy of Here We Go, s…;;
884234970658516994;kyosuke_0906;きょうすけ;SW①/1組/豊野中卒業/サッカー部/ACE/ONE OK ROCK/ワンピース;;353;290;0;2286;556;False;2017-07-10T02:17:00;True;False;1;2018-06-16T09:10:00;2018-06-16T09:10:00;0,8215;1,63;0;0,0;RT @SoccerYugobicci: クリロナの完璧なフリーキックでポルトガル同点！！  🇪🇸スペイン 3 - 3 ポルトガル🇵🇹  #WorldCup  #W杯 https://t.co/gqnNb3ujS0;;
2196704189;yusuf_patel_10;Yusuf Patel;I smak ball exe. ⚽ Ek nie verstaan afrikaans nie #teammessi;South Africa;288;1231;3;1330;2696;False;2013-11-26T10:52:42;True;False;3;2018-06-15T17:31:35;2018-06-16T22:33:50;4,2743;1,62;1;3,0;RT @YesWeCrann: Four games. Five penalties. Six hours of football. Eight goals. Nine yellow cards.  A Saturday well spent. #WorldCup https:… ||| What the fuck are you implying? https://t.co/gTqums69qi ||| RT @FutballTweets: ⚽️ #WorldCup Giveaway 🏆  Win a FREE shirt of your choice from https://t.co/NNhYVyNvpm   RT and Follow @MatchFitShirts to…;0;auto: 0/6 signals
2807508534;flmcsmt;F;💄🎬🎧🍖🍣🍘🍦;;71;70;2;3424;2133;False;2014-09-13T13:58:54;True;False;1;2018-06-15T12:14:12;2018-06-15T12:14:12;0,9859;1,56;0;0,0;RT @BradleyJames: In full support of my sweepstake team having put on my (un)official Uruguay shirt 🇺🇾🇪🇬 #WorldCup #EGYURU https://t.co/rlJ…;;
954153046380032000;stephanieloaa;stephanie 🌞;boujee on a budget || hhs ‘20 || sc: stephloaaa;Georgia, USA;32;54;0;168;227;False;2018-01-19T00:46:28;True;False;1;2018-06-15T15:56:20;2018-06-15T15:56:20;1,6875;1,54;0;0,0;RT @ChivaZ71: a whole lotta Mexico Jerseys for a country who hates Mexico https://t.co/piXip0hs5R;;
938910250568159234;a_alh6lani;عبدالله محمد الهطلاني;"ربِّـي ؛ بشرني بما يتمناه ُ قلبـي وانت خيرُ المبشرّيـن ..✨ snap ; a_alha6lani👻";;95;186;0;15;291;False;2017-12-07T23:17:02;True;False;1;2018-06-16T13:25:13;2018-06-16T13:25:13;1,9579;1,53;0;0,0;اغويرو ياكبيـر 💙.. #WORLDCUP;;
400833473;ayokunlerick;Dada Ayokunle;ChelseaFc supporter, music lover.;Lagos, Nigeria.;165;230;1;253;3684;False;2011-10-29T16:59:15;True;False;4;2018-06-15T16:01:09;2018-06-16T18:28:14;1,3939;1,52;1;4,0;RT @Diddy: Good luck to the @NGSuperEagles today in the #WorldCup 🇳🇬🇳🇬🇳🇬 ||| RT @dammiedammie35: The best place to watch Nigerian match tonight is at the Viewing Center so you can transfer aggression to people going… ||| RT @OtiAdjei: This Asamoah Gyan record in successive international tournaments oversight another example of how copy and paste journalism i… ||| RT @ASRomaEN: [THREAD] #WorldCup Concept Kit Special: #ASRoma x Nigeria  After Nigeria’s new Nike kit was overwhelmingly voted the best shi…;;
3061041569;RooshillenJ;Rooshillen;;Malaysia;239;600;0;3545;1812;False;2015-02-25T06:31:55;True;False;1;2018-06-15T19:55:53;2018-06-15T19:55:53;2,5105;1,5;0;0,0;Portugal and Spain showed just how exciting a football game can be. What a game! #WorldCup;0;auto: 0/6 signals
807043861386248192;jlacgio11;J L;segura nos concorrencia😈🤑;;90;99;0;1915;823;False;2016-12-09T02:07:05;True;False;1;2018-06-14T18:14:22;2018-06-14T18:14:22;1,1;1,49;0;0,0;RT @legendarychld: AH MEU DEUS OS FILHOS DELE LEVARAM A TAÇA E O CHAPEU DELE #Russia2018 https://t.co/4mGgMIYU32;;
545124270;Okeynet;Okeynet;интернационал правды и справедливости;;461;631;3;914;3233;False;2012-04-04T11:07:49;True;False;1;2018-06-14T13:27:00;2018-06-14T13:27:00;1,3688;1,43;0;0,0;RT @Partisangirl: Propaganda trying to attack #Russia #worldcup Using #Syria and Aleppo vs real Aleppo after Russia helped the Syrian army…;;
249611498;sleek_nigga;sleek;My Blood Is 💯🔴🔴🔴🔴 #YWNWA;SA;432;1317;7;16419;3831;False;2011-02-09T12:14:20;True;False;1;2018-06-14T09:26:22;2018-06-14T09:26:22;3,0486;1,43;0;0,0;Thanks @BudweiserSA for lighting up my profile pic. I'm behind Germany all the way, they're going to #LightUpTheWorld this FIFA #WorldCup;0;auto: 0/6 signals
4722932480;sgn15msk0126;美咲;【サッカー専用垢】専2 ￤ サガン鳥栖 #鎌田大地 〜いつもいつまでも 鳥栖が好き〜;佐賀県 鳥栖市;390;476;2;2877;1232;False;2016-01-07T10:13:31;True;False;1;2018-06-16T09:39:03;2018-06-16T09:39:03;1,2205;1,38;0;0,0;RT @NHK_soccer: #クリスチアーノ #ロナウド ハットトリックでポルトガル #POR 3-3 #ESP スペイン 同点に追いつく #WorldCup #ワールドカップ https://t.co/W0RaaWZUOQ;;
943405365244416001;AkinboyewaStep1;Akinboyewa Stephen;"Educationist
Lover of God
A Nigerian 🇳🇬";Lagos, Nigeria;89;206;0;772;242;False;2017-12-20T08:59:01;True;False;4;2018-06-15T18:55:46;2018-06-16T21:06:56;2,3146;1,36;1;4,0;Ticket and Visa to Germany for sales @ 41,000 naira. Don't waste time buying Naija jersey. Just port to the winning team #CRONGA #WorldCup ||| RT @Starlingvibes: Who's your Man of the Match?  👌RT for Cristiano Ronaldo 👌Like for Diego Costa  #WorldCup #PORvESP https://t.co/LeZJlRz0MP ||| RT @SuperSportTV: After his first-half double, Ronaldo is now the fourth player to score in four different FIFA #WorldCup tournaments along… ||| RT @NaijaVirals: Only explanation TBH 😂😂😂😂😂😂   Karius x De Gea #WorldCup  #NaijaVirals https://t.co/blOwgADo8J;;
855751060098560000;mainakdnath;Mainak Debnath🇮🇳;🇮🇳Proud INDIAN Bengali|Student of English Honours|Cricketer|Devotee of Dr. APJ Abdul Kalam & Swami Vivekananda #IAmNewIndia  RTs≠endorsements🙏;Kolkata, India;347;212;2;4127;560;False;2017-04-22T11:52:06;True;False;2;2018-06-15T13:07:11;2018-06-17T14:50:33;0,611;1,33;2;1,0;RT @SRKianMiz: My king is ready for the #WorldCup     #Neymar 👑 #BRA https://t.co/SSqmekBeGl ||| RT @faisalsheelath: craziest Argentine fans, Malappuram, Kerala India. #WorldCup #WorldCup2018 #WorldCupFantasy #Worldcup2018Russia #Argent…;;
822573703;ArgenisMalerva;A.Malerva;;Dallas, TX.;91;122;3;1080;2727;False;2012-09-14T02:47:37;True;False;3;2018-06-14T14:40:59;2018-06-17T13:26:39;1,3407;1,3;2;1,5;RT @FOXSoccer: #ElTri = Ready. 🇲🇽  🎥: @NagutchevRoman #WorldCup #GERMEX https://t.co/xcHYK1xBgU ||| RT @ChivaZ71: a whole lotta Mexico Jerseys for a country who hates Mexico https://t.co/piXip0hs5R ||| RT @ThatBoyCrodd: Where can i watch the game?! I’m stuck at work send me links 😭⚽️ #WorldCup;;
227851750;bramm86;Brian;OSU grad and fan of the Reds, Bengals, Buckeyes and Bundesliga;Columbus, Ohio;154;377;5;406;3507;False;2010-12-18T00:37:04;True;False;1;2018-06-16T03:04:03;2018-06-16T03:04:03;2,4481;1,28;0;0,0;RT @russmccuen: Safe to say Morocco’s concussion protocol needs a little work. Don’t think slapping Amrabat in the face and spraying him wi…;;
1052560122;SMckeag;Stephen Mckeag;Boring banker. Likes stand up, radiohead, QOTSA, metal. Anything funny. Not PC!;;71;417;0;2435;2550;False;2013-01-01T13:15:22;True;False;3;2018-06-16T14:31:10;2018-06-16T17:41:42;5,8732;1,28;0;0,0;RT @NorthernIreland: We all remember the last man to score a hattrick against Spain.. 👀 #GAWA #WorldCup https://t.co/qufQoLs8g4 ||| RT @IndyFootball: Iceland fans at the fan park in Russia are incredible 🇮🇸  #WorldCup https://t.co/6JeoYhwbDg ||| That’s going to best thing in the entire #WorldCup18 https://t.co/qUN2TWDhlI;;
784767775172534272;tkr__0810;☕️たから☕️;tamate34 / 3-4 / Soccer⚽/ ボランチ大阪;学校のトイレ;393;568;0;1884;782;False;2016-10-08T14:49:52;True;False;1;2018-06-16T00:37:11;2018-06-16T00:37:11;1,4453;1,27;0;0,0;RT @okura_toin: スペイン3-3ポルトガル Cロナウド 全3ゴールハイライト #WorldCup  #ワールドカップ https://t.co/thlUbOT35E;;
760896657806417920;alixiajvarez;alićia;;Sacramento, CA;170;252;0;4962;859;False;2016-08-03T17:54:35;True;False;1;2018-06-15T04:58:27;2018-06-15T04:58:27;1,4824;1,26;0;0,0;RT @ChivaZ71: a whole lotta Mexico Jerseys for a country who hates Mexico https://t.co/piXip0hs5R;;
999708446541967360;Kheh19;Khethelo;soccer player and good person;Port Shepstone, South Africa;41;145;0;34;29;False;2018-05-24T17:47:22;True;False;1;2018-06-16T20:18:20;2018-06-16T20:18:20;3,5366;1,26;0;0,0;"RT @TomHall: This could make you a Soccer &amp; #WorldCup fan!  ⚽️  🚨  ⚽️  #SaturdayMorning #ARGvISL #Iceland #Messi #AMJoy  https://t.co/Hsqmg…";1;auto: 3/6 signals
2484135226;GemmaAldam;gemma harford;mummy to 6 lovely kids. engaged to my wonderful partner Richard love my family and love living in Cornwall;cornwall uk;85;758;0;1810;1895;False;2014-04-14T13:00:24;True;False;2;2018-06-15T15:29:04;2018-06-16T10:18:12;8,9176;1,24;0;0,0;RT @_Creat1ve: Don't miss #FreebieFriday  To celebrate the #WorldCup we have a sports bundle which includes an Aqua Flavour water bottle, S… ||| RT @MeatLust: Here's our prediction for the Egypt v Uruguay game... ...IN BURGERS! 🍔 v 🍔🍔 We're going for #URU 2-1 #EGY. Let's hope Suarez…;1;auto: 3/6 signals
83829438;Kabza10;#Madiba100;We are Coming for Everything;Soweto;802;343;6;765;3875;False;2009-10-20T12:06:58;True;False;1;2018-06-14T16:07:06;2018-06-14T16:07:06;0,4277;1,23;0;0,0;RT @AdvBarryRoux: Ronaldo vs Messi #FifaWorldCup18 #WorldCup   Retweet For Messi  Like For Ronaldo https://t.co/n7b7hsqqdM;;
770255658549600257;praveensekar94;praveen sekar;;;11;126;0;1768;799;False;2016-08-29T13:43:54;True;False;9;2018-06-16T09:39:01;2018-06-17T05:04:09;11,4545;1,22;0;0,0;@acmefitness Brazil Will Win....  #Contest #WorldCup #FIFA2018  #ContestAlert  #FIFAWorldCup  #BRA  #SWI ||| RT @acmefitness: #contestalert Predict the winner of the match and get a chance to win a gift voucher worth Rs. 1000. Five winners per cont… ||| RT @acmefitness: #contestalert Predict the winner of the match and get a chance to win a gift voucher worth Rs. 1000. Five winners per cont… ||| @acmefitness GERMANY Will Win...  #Contest #WorldCup #FIFA2018  #ContestAlert  #FIFAWorldCup #MEX  #GER ||| @acmefitness COSTA RICA Will Win...  #Contest #WorldCup #FIFA2018  #ContestAlert  #FIFAWorldCup #CRC  #SRB;;
756899822;Theunis_VR;Theunis van Rensburg;Statistical business analyst. Gadget lover, tech junkie, podcaster. Head of analytics at a fintech.;Cape Town, South Africa;422;278;9;136;2570;False;2012-08-14T10:23:20;True;False;1;2018-06-14T21:02:28;2018-06-14T21:02:28;0,6588;1,21;0;0,0;Biggest disappointment of the first day of #WorldCupRussia2018 is that Putin didn't enter the stadium shirtless on… https://t.co/A5UnE3LozO;0;auto: 0/6 signals
2452049311;SXB55;S🥀;IDGAF;Dubai, United Arab Emirates;114;204;1;418;1815;False;2014-04-18T23:05:50;True;False;1;2018-06-14T16:28:28;2018-06-14T16:28:28;1,7895;1,2;0;0,0;RT @AndImLee: #WorldCup  #WorldCupRussia2018 #RUSKSA  Watching this match between Russia 🇷🇺 and Saudi Arabia 🇸🇦 Like: https://t.co/nVlQntB5…;;
718560524070428672;Hicham76634087;Hicham;;;1;2;0;22;948;False;2016-04-08T22:05:54;True;False;2;2018-06-16T13:35:46;2018-06-16T14:17:02;2,0;1,19;0;0,0;Muslims love Prophet Jesus and the other true Prophets of God (Allah)   #كأس_العالم #WorldCup  #TrophyTour  #WC2018 https://t.co/QGc8OWmN7Q ||| Muslims love Prophet Jesus and the other true Prophets of God (Allah)   #كأس_العالم #WorldCup  #TrophyTour  #WC2018 https://t.co/7oHwlxSehm;;
3003252081;JudithZiso;AfricanQueen🇿🇦;Feed yo focus & starve yo distractions👊 (A mother/wife/sister/friend/ & looking to be a grandma one day. Love what I always do. ❤️❤️❤️❤️;South Africa;174;225;0;4053;1426;False;2015-01-28T14:45:00;True;False;1;2018-06-17T16:42:40;2018-06-17T16:42:40;1,2931;1,15;0;0,0;@MphoMaboi @CocaCola_ZA My score line  BRAZIL 3 SWITZERLAND 1 #CokeScoreChallenge  #WorldCup;0;auto: 0/6 signals
878633094777057280;cubrown87;Curtis Brown;"Husband, soccer enthusiast, FIFA player,
supporter of Liverpool FC & São Paulo FC, speak Português and (some) Español.
Strive for Greatness";Lubbock, TX;19;53;0;886;410;False;2017-06-24T15:17:08;True;False;3;2018-06-15T15:56:49;2018-06-15T19:59:17;2,7895;1,15;0;0,0;Seriously, games like #PORESP are why the #WorldCup is the greatest sporting spectacle in the world. ||| Yeah, this Spanish team is exactly what I was expecting coming into this #WorldCup Very impressed so far.  #PORESP ||| Watching 🇲🇻 #MARIRN 🇮🇷 right now makes you think having 48 teams in a #WorldCup would not be the best idea if you're looking for quality.;;
901429782491037696;Inchen21424009;Inchen;;;34;365;0;208;338;False;2017-08-26T13:03:02;True;False;1;2018-06-17T06:32:23;2018-06-17T06:32:23;10,7353;1,15;0;0,0;"RT @TokenDream: Dream is an AI-powered ico listing &amp; Exchange platform Join telegram #Airdrops (@dreamsicobot) never miss any of our update…";1;auto: 3/6 signals
859467043040579584;cw2carpentry;Chris Williams;Self Employed Carpenter;England, Plymouth;101;481;0;127;466;False;2017-05-02T17:58:05;True;False;3;2018-06-14T19:51:50;2018-06-17T11:59:22;4,7624;1,14;2;1,5;RT @IanWright0: Messi 😱😱😱😱 #Worldcup https://t.co/DOvuBeb8c6 ||| RT @thedavidseaman: Love this!!!! https://t.co/g8YfMk9Kqa ||| RT @SoccerAM: A truly legendary #WorldCup selfie 🤳 https://t.co/70bFQuM41x;;
3329551930;sarishihada96;Surgeon X 🍷;;;99;176;0;1356;1220;False;2015-06-16T13:53:16;True;False;2;2018-06-14T17:02:47;2018-06-14T17:03:31;1,7778;1,12;0;0,0;RT @ProfCymoh254: The only  thing Saudi Arabia people  are is  •Voting on Twitter  polls • Mistreating  Other  People 😕  Let them face the… ||| RT @HistorySport_: The prince of Saudi Arabia is not happy with that result #WorldCup https://t.co/glZCjQBjuw;;
716749671713079297;silvergift10;Silvergift10@gmail.c;I love Manchester United.;Awka Anambra State Nigeria ;230;599;0;450;899;False;2016-04-03T22:10:13;True;False;1;2018-06-16T18:37:08;2018-06-16T18:37:08;2,6043;1,12;0;0,0;RT @Diddy: Good luck to the @NGSuperEagles today in the #WorldCup 🇳🇬🇳🇬🇳🇬;;
881131251876454400;josephchukwu007;bruno jet;Music;Nigeria abuja;22;114;0;849;390;False;2017-07-01T12:43:55;True;False;1;2018-06-16T19:35:45;2018-06-16T19:35:45;5,1818;1,11;0;0,0;RT @MobilePunch: #punchng #WorldCup #NaijaIssaGoal #supereagles #Russia2018WorldCup   Do you think Nigeria can earn the 3 points at stake t…;1;auto: 3/6 signals
3401972681;V_Fiore_28;Vincent Fiore;"New Utrecht HS Pitching/Conditioning Coach for Varisty 13- Present
New Utrecht HS P/1B/OF 03-07
Monroe College P 07-09
University of Hartford P 09-11";Rockaway, NY;42;246;4;296;1156;False;2015-08-03T23:03:25;True;False;1;2018-06-16T14:27:04;2018-06-16T14:27:04;5,8571;1,1;0;0,0;"Ronaldo &gt; Messi #WorldCup #Ronaldo #Messi";;
2773398125;ESteinfl;Emiliano Steinfl;Financial Industry Manager with international background. Tweets are personal opinion. RTS not endorsements;;193;862;3;270;1492;False;2014-09-17T11:02:42;True;False;1;2018-06-17T14:41:11;2018-06-17T14:41:11;4,4663;1,09;0;0,0;RT @Maroevic: Downtown Belgrade during the #WorldCup match #Srb v #CRC https://t.co/4KMXIsAPRO;;
1003370750991065089;Donna97082119;Donna;"tel. +393802317318
...فيلسوف
.... جندي 
...ماما";;9;114;0;408;12;False;2018-06-03T20:20:03;True;False;1;2018-06-15T07:26:10;2018-06-15T07:26:10;12,6667;1,09;0;0,0;RT @BBCMOTD: Remember Paul the Octopus who predicted results at the 2010 #WorldCup?  Introducing the official 'animal oracle' of the 2018 #…;1;auto: 4/6 signals
889284184744894465;BiagioGonzalo;gonzalo;;;4;167;0;145;350;False;2017-07-24T00:40:46;True;False;1;2018-06-15T22:11:12;2018-06-15T22:11:12;41,75;1,07;0;0,0;RT @DjPabloCobos: Hoy hemos aprendido lo que sienten los rivales del @realmadrid cuando tienen a @Cristiano delante.  Madridista desagradec…;1;auto: 3/6 signals
694827578171985922;Gabi_Matlapeng;Gaborone Matlapeng;"A fun loving guy.👑
Hate men that abuse women.😬

Chelsea and Kaizer Chiefs✌ fan.
.
@TheSoilMusic. My favourite group🎶🎤";Kimberley, South Africa;1471;2441;0;789;912;False;2016-02-03T10:19:38;True;False;1;2018-06-15T17:35:43;2018-06-15T17:35:43;1,6594;1,06;0;0,0;RT @SuperSportTV: Portugal have FIVE players over the age of 30 in the starting line up. Do you think that this will be problematic for the…;;
2703208356;humblebyworld;change;;;30;100;5;28;1455;False;2014-08-03T04:16:05;True;False;2;2018-06-14T23:03:02;2018-06-17T00:42:07;3,3333;1,03;2;1,0;RT @CRobertsID: The replacement of indigenous Europeans in their own homelands by non-European third world migrants reflected in France’s n… ||| RT @_wangwe: Their wives. https://t.co/EtokCdHal2;;
369718861;JezGriffith;Jez Griffith;;Holyhead, N.Wales;89;711;5;488;2556;False;2011-09-07T20:42:04;True;False;1;2018-06-16T12:50:24;2018-06-16T12:50:24;7,9888;1,03;0;0,0;"RT @sebastian1906: For every Argentina goal today I will give away one sign copy of my photo album "" Football Passion Buenos Aires "" Just R…";;
1256602376;sal73liALramakh;صالح الرمخ;;عنيزة, المملكة العربية السعودي;162;1452;0;2367;1991;False;2013-03-10T09:45:00;True;False;1;2018-06-17T16:30:16;2018-06-17T16:30:16;8,963;1,03;0;0,0;RT @GooolMx_: التبديل الأول لمنتخب #المانيا 📤 #سامي_خضيرة 📥 #ماركو_رويس  #GER vs #MEX  #WorldCup  #روسيا2018 #MEXGER  #قووول;;
2864717770;TXInvestMart;TXInvestMart;We provide entrepreneurs and organizations fully compliant subscription investment portals with all IT, banking and legal requirements for as little as $50/day.;Dallas, Texas;4;8;3;0;1349;False;2014-11-06T22:56:00;True;False;2;2018-06-14T21:36:19;2018-06-16T21:36:31;2,0;1,02;2;1,0;The latest The Texas InvestMart Daily! https://t.co/avtcHoZZYc #worldcup #openfuture ||| The latest The Texas InvestMart Daily! https://t.co/uaiqkGffqR #worldcup #royalwedding;0;auto: 0/6 signals
366252775;Coope10Cooper;Jonathan Cooper;Teacher,Traveller,Football enthusiast who likes a good beer and a good bit of banter.;Russia;146;710;2;532;2542;False;2011-09-01T21:07:23;True;False;1;2018-06-17T11:05:23;2018-06-17T11:05:23;4,863;1,02;0;0,0;Think its great that Moscow Public transport is showing the world cup. Missed my stop watching Argentina Iceland Yesterday. #Worldcup2018;0;auto: 0/6 signals
998806844188524545;mehdimohlek;mehdi.mohlek;"
خوشم نمیاد از وانمود، حتی اگه این محدودیت بکنه رامو
دور...





$$فالو بک و این حرفا 😏$$";;92;121;0;1969;24;False;2018-05-22T06:04:43;True;False;1;2018-06-16T05:18:50;2018-06-16T05:18:50;1,3152;1,0;0;0,0;اینطوری که با گل به خودی ریختیم تو خیابون، اسپانیارو بزنیم، نظام عوض میشه 😁  #WorldCup #WorldCupRussia2018 #IranRegimeChange #جام_جهانی;;
855640725744046080;widi_damar;Damar Widi;[Dia yg bukan saudaramu dlm keimanan adalah saudaramu dlm kemanusiaan];Yogyakarta, Indonesia;25;93;1;520;422;False;2017-04-22T04:33:40;True;False;1;2018-06-16T15:35:23;2018-06-16T15:35:23;3,72;1,0;0;0,0;RT @FIFAWorldCup: 1st #WorldCup match. ✅ 1st goal. ✅ 1st penalty save. ✅ 1st point. ✅ FT: #ARG 1-1 #ISL https://t.co/QyMeTWaQrh;;
921051842787889153;Blaksawl_Nps;B l a k s a w l;"Rapper 🐐

Humble😆

Songwriter👑";South Africa durban;65;115;0;183;235;False;2017-10-19T16:34:06;True;False;1;2018-06-14T22:28:25;2018-06-14T22:28:25;1,7692;0,99;0;0,0;RT @Mfoni_Miles: retweet if u support the any of the 5 African teams Nigeria 🇳🇬 Senegal 🇸🇳 Egypt 🇪🇬 Tunisia 🇹🇳 Morocco 🇲🇦 - A win for one i…;;
910564179387527168;Sote_ria;Lil SoSo_Sotie;prayer ain’t sold darling;Jupiter;173;314;0;2162;261;False;2017-09-20T17:59:52;True;False;1;2018-06-16T22:13:58;2018-06-16T22:13:58;1,815;0,97;0;0,0;RT @Koo_The_Boy: Sauce na yɛde bɔ ball a, nka World Cup yɛbɔ no chop bar. https://t.co/zxbqVHFTTr;;
318414302;en_mase;tom cruise 🇳🇬;Web Designer | Writer | BBalla | Cavs Fan | Man Utd Fan | An Aspiring Pilot;Port Harcourt, Nigeria;553;1564;0;5293;2420;False;2011-06-16T13:10:52;True;False;18;2018-06-15T10:53:35;2018-06-17T15:41:55;2,8282;0,95;2;9,0;There are some goal keepers that are underrated. Ochoa is one. Back to back world cups with Mexico with classic performances #WorldCup ||| Mexico #WorldCup ||| Kimmich, Hummels, Beoteng, Manuel, all of @FCBayern , u see d perfect communication. #WorldCup ||| I told a friend, Dont mess with Draxler. He's a starter. 🇩🇪 #WorldCup ||| The way Neuer handles d ball. Pure Quality. #WorldCup;0;auto: 0/6 signals
2148604317;AfrehVincent;gioVinco®;"#Sportsperson #funnyguy #ambitious #loyal #fitnesslover
#IronLionZion✌instagram: @le_bison";http://Africa;267;261;1;938;1604;False;2013-10-22T15:39:55;True;False;2;2018-06-16T11:24:49;2018-06-16T21:11:44;0,9775;0,94;0;0,0;RT @KossyChukwu: Even God was looking down on Nigeria with Greg disappointment 😩🤣🤣 #CRONGA #WorldCup https://t.co/kLJBrPPrQI ||| New fact has come to light. After all the commentator is human too.   Asamoah Gyan 🇬🇭 was the first player to score… https://t.co/n97jC8dU0a;0;auto: 0/6 signals
550142699;mart2362;BoringMart;Boring, no personality, short, a bit chubby, drinks too much beer, ugly, a little dim and wears hats. But other than that...;Whitby, England;103;108;0;424;2061;False;2012-04-10T14:13:36;True;False;1;2018-06-17T07:36:42;2018-06-17T07:36:42;1,0485;0,91;0;0,0;RT @BiologistDan: For the past several months #Russia, in preparation for the #WorldCup, has been killing its stray dogs. Thousands of them…;;
2309129743;duckman_mx;Villa;;;328;1833;2;2098;1458;False;2014-01-24T23:46:23;True;False;1;2018-06-15T16:39:51;2018-06-15T16:39:51;5,5884;0,91;0;0,0;RT @_SexyLucy: #FelizJueves #14Jun #seguidores #Rusia2018 #WorldCup ya comenzó el mundial 🤗 #GiveMeRts #RtsLove 😍 👄próxima #ChicaH @Revista…;;
4151956270;BenWinfield98;Ben Winfield;Journalism student at @CfJKent;;123;443;1;1956;836;False;2015-11-09T21:29:26;True;False;9;2018-06-14T12:57:00;2018-06-17T16:40:25;3,6016;0,88;3;3,0;Mexico only have themselves to blame if they fail to win from here. Wasted so many chances on the counter attack #GERMEX #MEX #WorldCup ||| RT @TalkTheSports: #WorldCup Daily- VAR rears its ugly head #FRA #AUS #ARG #DEN #NGA https://t.co/7dlxvUx1eP https://t.co/bo2G5MktWg ||| This Nigeria team is about as overrated as their home kit #WorldCup #NGA ||| That's the worst penalty I have ever seen #WorldCup #PER #DEN ||| This game has got Olivier Giroud written all over it #FRAAUS #FRA #WorldCup;0;auto: 0/6 signals
820389310226632706;GKGloveDesigns;GKGloveDesigns;Goalkeeper and gloves enthusiast! If you have any questions, just dm or @me! #GKunion;;188;54;0;128;453;False;2017-01-14T21:57:08;True;False;1;2018-06-17T12:12:51;2018-06-17T12:12:51;0,2872;0,87;0;0,0;RT @gloveglu: There are 3 games to get through today. First is #CRCSRB! Retweet and enter the minute you think the first goal will be score…;;
262832727;non_pardon;Афанасий;Циник без имени- отчества. Но с паспортом и мед.страховкой.;;13879;13349;144;1020;2279;False;2011-03-08T21:17:02;True;False;1;2018-06-15T00:48:09;2018-06-15T00:48:09;0,9618;0,86;0;0,0;RT @mevu_bet: The #MeVu #Worldcup #Airdrop is now live.  Join us on Telegram and predict World Cup Match winners to get MeVu tokens.  The m…;;
3064590292;joevarela456;Jose Palacios;Browntown #islander Tamu Corpus Christi;;125;544;1;1162;1037;False;2015-02-27T19:49:15;True;False;1;2018-06-15T17:13:52;2018-06-15T17:13:52;4,352;0,86;0;0,0;RT @Danny09olivares: How the fuck y’all buy all these Mexican jerseys but wanna deport all the Mexicans?! https://t.co/4yQO8SdKPk;;
3061892265;jhrincon81;jhon rincon;"de sangre AZUL....
seguidor de la matuística.";;30;140;0;941;1040;False;2015-02-25T13:12:00;True;False;1;2018-06-14T10:36:12;2018-06-14T10:36:12;4,6667;0,86;0;0,0;RT @VarskySports: ES HOY! Durante un mes, el Planeta Tierra será el Planeta Fútbol. El gol será el idioma, de abrazos se harán los mapas, d…;;
116735386;u_suph;Yusuf Habdull;;Nigeria;269;283;0;62;2594;False;2010-02-23T12:25:18;True;False;7;2018-06-16T17:18:36;2018-06-16T21:21:48;1,052;0,85;0;0,0;RT @KingAbsolute_: RT if Etebo is your Nigerian man of the match today. #CRONGA #WorldCup https://t.co/JkRiaFEYoh ||| RT @omoissy: #CRONGA #worldcup   PORNHUB EDITION:   Horny Nigerian can't keep his hands off the blonde Croatian ||| RT @ONelSports1: Rohr have mad me....Iwobi for Musa...WAKANDA change is that 😢😢😢😢😢 #CRONGA  #WorldCup https://t.co/Vw2Ds6RGnz ||| RT @myrror2: Introduce Ahmed Musa and Kelechi Iheanacho immediately. They are both highly goal-driven and always drive to the opposition's… ||| ✋ https://t.co/v2zsg8iFb2;0;auto: 0/6 signals
2899163515;iabdullahRao;A B D U L L A H 🇦🇷🇧🇷;"DUM SPIRO SPERO 💭
#UETIAN 👨‍🎓

 -LEO ♌ -football ⚽  -NFAK ❤  -PHOTOGRAPHY -ADVANTUROUS⭐
@fcbarcelona ⚽ #Messi ❤
 #Radioactive 💥";Lahore, Pakistan;179;112;0;1041;1080;False;2014-11-14T07:40:44;True;False;1;2018-06-15T18:28:32;2018-06-15T18:28:32;0,6257;0,83;0;0,0;RT @FanDuel: Diego Costa is a bull in a china shop! 😡🐂  #WorldCup  #POR 1 #ESP 1  https://t.co/fHkblTlc1l;;
2680092930;limansuleiman2;OSO;you never know ...;;208;435;1;3505;1176;False;2014-07-25T17:43:34;True;False;2;2018-06-14T10:00:57;2018-06-14T11:42:19;2,0913;0,83;0;0,0;RT @SuperSportTV: @limansuleiman2 Thanks for showing your support for the Super Eagles! Catch every game of the 2018 FIFA #WorldCup LIVE on… ||| I’m behind the Super Eagles at the 2018 FIFA #WorldCup. Join @SuperSportTV in getting behind NIGERIA 🇳🇬 Click below… https://t.co/Lu9OFZYbKl;0;auto: 0/6 signals
2712991065;cueballs85;Tom Cross;;;106;601;0;762;1177;False;2014-07-15T17:54:23;True;False;2;2018-06-16T14:42:55;2018-06-16T17:39:02;5,6698;0,82;0;0,0;RT @WorIdCupUpdates: Iceland have arrived at the #WorldCup  https://t.co/tdYUzxjQnh ||| RT @IanWright0: Messi 😱😱😱😱 #Worldcup https://t.co/DOvuBeb8c6;;
779024496900669441;Jesusasreviews;Jesusa's Reviews;;Texas, USA;993;3141;4;15;509;False;2016-09-22T18:28:08;True;False;1;2018-06-15T15:25:05;2018-06-15T15:25:05;3,1631;0,81;0;0,0;RT @Bloggers_Diary_: A great start to the #FIFA #WorldCup 2018! Host country #RUS wins the opening match of #Rusia2018 by 5-0 against #KSA…;;
3397562291;ElliottTaylor23;Elliott Taylor;@S1_Goalkeeping;Leicester, England;358;496;0;1744;836;False;2015-07-31T19:13:06;True;False;1;2018-06-16T16:12:55;2018-06-16T16:12:55;1,3855;0,8;0;0,0;RT @Sporf: 🇮🇸 Hannes Þór Halldórsson  🎬 Film Director 🏆 #WorldCup Debut ❌ Saves a Lionel Messi penalty 👐 Unbelievable saves 🤝 Secures Icela…;;
256149500;bidkarmty;bid;;;219;1486;3;34;2146;False;2011-02-22T19:21:26;True;False;1;2018-06-14T12:50:21;2018-06-14T12:50:21;6,7854;0,8;0;0,0;Buenos y mundialistas días #Rusia2018 🏆⚽ Estoy seguro que @miseleccionmx no va ganar la #WorldCup pero a como nos v… https://t.co/8HE2ZPd8NV;;
386543396;mohammadyamini;Mohammad;In Love With #Iran;Globe Earth;157;244;1;686;1938;False;2011-10-07T13:29:26;True;False;1;2018-06-16T09:16:37;2018-06-16T09:16:37;1,5541;0,79;0;0,0;Hoping for the success of #Saudi Arabia and #Iran 🇮🇷❤🇸🇦   #WorldCup #WorldCupRussia2018 #المغرب_إيران https://t.co/kG8GWdP8WW;0;auto: 0/6 signals
300394608;johnclarke9;john clarke;Wednesday till I die. Up the owls #THEWEDNESDAYBOUNCE. C.T.P DINNINGTON  Johnston press;Worksop;852;1367;8;433;2006;False;2011-05-17T17:57:10;True;False;1;2018-06-16T21:09:25;2018-06-16T21:09:25;1,6045;0,78;0;0,0;RT @BreakingNLive: BREAKING: Taxi ploughs into several #WorldCup fans in central Moscow, then flees the scene. Eight people were injured. P…;;
289811029;Swaggerblaze;ONYEKA✗;Just being creative...;Mars;931;2857;0;1176;1962;False;2011-04-29T07:47:11;True;False;5;2018-06-14T16:52:25;2018-06-17T14:12:17;3,0687;0,75;2;2,5;RT @MeetMrAhmed: WordPress is the king of content management system. Start your own Wordpress website for a low as N490 naira, with HUB8. … ||| RT @Nigerianbadass: It all makes sense now, see the reason we lost. #WORLDCUP #CRONGA https://t.co/sOnW90ryqE ||| RT @UncleAdigun: How can you say Moses is rising and falling like Bitcoin !!! 😁😁. #WorldCup #CRONGA https://t.co/8kD09Ie1tU ||| RT @Tunnyking: Saudi Arabia on Twitter polls vs Saudi Arabia on the Football Pitch #WorldCup https://t.co/jZDaj4HUnZ ||| RT @VisaNigeria: RT this Tweet like Zlatan would so you never miss a moment of the FIFA World CupTM and we'll send you a reminder. Pay fast…;;
375042012;IanHartnett94;Ian Hartnett;Barry's puts the talk into the Tea.;;257;320;0;326;1813;False;2011-09-17T11:58:53;True;False;1;2018-06-14T19:24:36;2018-06-14T19:24:36;1,2451;0,74;0;0,0;@rte #WorldCup;0;auto: 0/6 signals
2259110456;jverissimooo;🇵🇹Verissimo 🇵🇹;F.C.P 💙 Tuias ⚽💙 '65 https://curiouscat.me/jverissimooo;;100;338;0;533;1213;False;2013-12-23T16:09:11;True;False;1;2018-06-17T13:14:57;2018-06-17T13:14:57;3,38;0,74;0;0,0;RT @B24PT: GOLAÇO! Kolarov dá vantagem à Sérvia com um livre direto soberbo!  #CRCSRB #WorldCup https://t.co/M0Fk21pyNP;;
204834837;ArsenalFCSweden;ArsenalFCSweden;;Sweden;43;244;4;96;2057;False;2010-10-19T15:30:42;True;False;1;2018-06-16T11:32:05;2018-06-16T11:32:05;5,6744;0,74;0;0,0;RT @MartinLipton: Even if Risdon initially played ball against Griezmann, he then brought him down. It's a penalty. VAR official right to t…;;
4040688789;fmdjipsu;Franck Manueli;237 represent ✌;Rouen, France;114;99;0;741;709;False;2015-10-25T18:32:54;True;False;1;2018-06-17T08:11:38;2018-06-17T08:11:38;0,8684;0,73;0;0,0;RT @brfootball: They have the talent—but #FRA need to do much more to mix with the very best at the #WorldCup https://t.co/WCntroBzNJ;;
317616277;_i_am_josh;Ose;;;167;215;1;443;1866;False;2011-06-15T06:10:07;True;False;3;2018-06-16T18:04:44;2018-06-17T13:35:57;1,2874;0,73;0;0,0;RT @premierleague: Like father, like son 🧤  Up and running with a #WorldCup clean sheet 🇩🇰  #FathersDay #PL https://t.co/P6HEVUk5Ll ||| RT @LeroySane19: Viel Glück gegen Mexiko, Jungs! 🙏🏾 Ich drücke euch die Daumen. 🇩🇪 #goodluck #Worldcup #inSané #LS19 @DFB_Team https://t.co… ||| RT @Diddy: Good luck to the @NGSuperEagles today in the #WorldCup 🇳🇬🇳🇬🇳🇬;;
438498204;ChrisParaskeva1;Chris Paraskeva;I teach sport & can do a mean step over! Family, Football & United are my life. Manchester lad  #MUFC;Manchester, UK;171;418;2;780;1704;False;2011-12-16T17:18:02;True;False;4;2018-06-14T15:11:06;2018-06-16T18:16:33;2,4444;0,72;2;2,0;"Really impressed with Peru 🇵🇪👏🏻. Played some good attacking football &amp; definitely deserved something from that game #WorldCup #PERDAN ||| RT @BBCMOTD: Cristiano Ronaldo doesn't score free-kicks in major tournaments...   #PORESP #worldcup #bbcworldcup https://t.co/urOf8zVb0N ||| RT @BBCMOTD: Cristiano Ronaldo doesn't score free-kicks in major tournaments...   #PORESP #worldcup #bbcworldcup https://t.co/urOf8zVb0N ||| LETS GOOO!!! What a month ahead 🙌🏻😁⚽️ #WorldCup";0;auto: 0/6 signals
968196640719781890;bkools_3;Bikash;Indian,sports lover,foodie,tech enthusiast,Mufc(Red 😈);Kolkata;7;231;0;181;79;False;2018-02-26T18:50:42;True;False;2;2018-06-15T18:05:22;2018-06-15T19:47:42;33,0;0,72;0;0,0;Viva @Cristiano goat hatrick ,this world cup will be known for late goals ... #PORSPA  #WorldCup ||| My my my god cr7 vs DDG n CR7 one up #PORESP  #Worldcup;;
1066562797;ambetoo;OKELADE EMMANUEL;I am a Physicist By Degree, A Leader By Acts and Deeds, Administrator By personality, Social Commentator and A Pan Nigerian Man;Nigeria;550;894;1;1372;1401;False;2013-01-06T19:55:04;True;False;1;2018-06-15T17:41:00;2018-06-15T17:41:00;1,6255;0,71;0;0,0;Did I just See France categorised as an African Team by @omojuwa ?  #Worldcup https://t.co/B7NZ0nvRwy;0;auto: 0/6 signals
484544959;RyanRaya_24;Ryan Raya;Sports. History. Cali. Family.;Torrance, Ca;128;224;2;5737;1578;False;2012-02-06T07:05:24;True;False;1;2018-06-14T14:11:08;2018-06-14T14:11:08;1,75;0,68;0;0,0;HAPPY WORLD CUP DAY!!!! #WorldCup;0;auto: 0/6 signals
889353303078969344;SamOSullivan19;Sam O'Sullivan;;;36;306;0;59;222;False;2017-07-24T05:15:25;True;False;1;2018-06-15T19:29:50;2018-06-15T19:29:50;8,5;0,68;0;0,0;RT @Castro1021: What a turn of events......  Nacho...😳😳😳  #WorldCup https://t.co/asGnyyfxO7;1;auto: 3/6 signals
972813059831091200;mys040;RT. Mohammed shetefi;;;13;46;0;49;62;False;2018-03-11T12:34:42;True;False;1;2018-06-15T01:11:16;2018-06-15T01:11:16;3,5385;0,65;0;0,0;RT @arabnews: #Saudi Arabia’s army of fans keep their hopes alive despite five-goal rampage by hosts #Russia. #WorldCup https://t.co/VIctpe…;;
194924584;fdelgads;Fernando Delgado;Business & Technology Architect @ Cisco & Real Madrid Fan;Madrid, Comunidad de Madrid;106;103;94;72;1777;False;2010-09-25T10:04:45;True;False;1;2018-06-14T10:37:19;2018-06-14T10:37:19;0,9717;0,63;0;0,0;We are proud of our diverse team in #Cisco @ciscoAPAC #wearecisco #diversity #Worldcup @puneetpsingh @tara_P_Bal https://t.co/rEIH6CfFT7;0;auto: 0/6 signals
247240286;tolulopeolawale;Tee;"Aromire tolulope olawale .
Islander
University of Abuja
Music Art Poetry";Lagos island NIGERIA;450;1933;2;453;1696;False;2011-02-04T11:37:47;True;False;4;2018-06-16T13:22:50;2018-06-17T08:52:46;4,2956;0,63;0;0,0;You must have watched the match from Facebook Sir.  #Worldcup https://t.co/eQXL7rlPwL ||| Infact I don't see us drawing any of our last 2 games abeg 👩  Don't be unfortunate to come into my mentions 🙅 #WorldCup ||| They've responded o mogbe lol 1-1 #WorldCup ||| If this match should get to 3:0 before 45minutes I'm offing my generator #WorldCup Iceland ko block land ni;0;auto: 0/6 signals
708427721173499905;Realpac4;Realpac;CEO of( lezetics ) i made love ❤️ to creativity and gave birth to fashion ...Designer in leather works ...( 504SoYouCan). is the crew to follow on = FB, TT , IG;Cantonment LA;89;36;5;455;513;False;2016-03-11T23:01:45;True;False;1;2018-06-15T18:42:44;2018-06-15T18:42:44;0,4045;0,62;0;0,0;#WorldCup  imagine Nigeria uplifting the cup it'll be awesome ....;0;auto: 0/6 signals
768386242941558784;jackdennisryan;Jack Ryan;@thegembagroup;Sydney, New South Wales;118;315;6;5445;409;False;2016-08-24T09:55:31;True;False;1;2018-06-14T12:54:22;2018-06-14T12:54:22;2,6695;0,62;0;0,0;These @HisenseAus @EllysePerry commercials are killing me. @OptusSport please stop playing them for the sake of Hisense. 🤦🏼‍♂️ #WorldCup2018;0;auto: 0/6 signals
44878193;csmac1;Colin McDougall;Dad, husband, & the rest of the time mad about Hampshire cricket. Saints fan for life. @socdemgroup within @libdems. Retweets do not imply agreement ن🇪🇺🇬🇧;Southampton Hampshire ;338;1125;11;9451;2046;False;2009-06-05T12:13:04;True;False;1;2018-06-16T07:38:15;2018-06-16T07:38:15;3,3284;0,62;0;0,0;RT @GaryLineker: Love this. Football, folks. Nothing quite like it. https://t.co/CYLR0giOFg;;
808251151258963968;naseer9966;قلق;;المملكة العربية السعودية;24;117;0;121;342;False;2016-12-12T10:04:25;True;False;1;2018-06-14T09:56:21;2018-06-14T09:56:21;4,875;0,62;0;0,0;RT @MnbrAlhilal: 📊| هدافو المنتخب السعودي في تاريخ المونديال #Ksa  :  سامي الجابر 3 أهداف فؤاد أنور هدفين فهد الغشيان هدف يوسف الثنيان هدف…;;
2446094881;chipmonk75;christopher ineich;adult toy store owner all my orders are discreet i know nothing only you know but main goal is sales;WATKINS GLEN NY ;225;943;1;28406;934;False;2014-04-15T21:36:13;True;False;1;2018-06-15T00:03:12;2018-06-15T00:03:12;4,1911;0,61;0;0,0;RT @WWEPPorn: Who you got? #WorldCup  RT for #England (#ENG) Like for #Germany (#GER)  #Russia2018WorldCup https://t.co/AO86n6pKXm;;
757642682;ThreeBirdsCouns;Maria Paredes;Licensed Professional Counselor & Supervisor, Certified Eating Disorders Specialist, Counselor Educator, Writer, Believer in Hope, Healing, & Growth;Greensboro, NC;334;378;14;158;1255;False;2012-08-14T18:26:49;True;False;1;2018-06-17T15:30:51;2018-06-17T15:30:51;1,1317;0,59;0;0,0;The suspense... Vamos, Mexico!!!! Forza!  ⚽️🇲🇽⚽️🇲🇽⚽️🇲🇽⚽️ ⬅️swipe  #WorldCup2018  #VamosMexico;0;auto: 0/6 signals
3303934708;omogods;OMORUYI GODSWILL;"I Believe in #TEAM (Together Everyone Achieves More)
◾️POLITICIAN
◾️ENTREPRENEUR
◾️MOTIVATIONAL SPEAKER
◾️BRAND MASTER (@uniben_tv)

Manchester United ⚽";Benin-City, Nigeria;384;684;4;3240;641;False;2015-05-30T17:26:06;True;False;1;2018-06-16T14:58:19;2018-06-16T14:58:19;1,7812;0,58;0;0,0;PENALTY SHOT FREE KICK ➖➖➖➖➖➖➖➖➖➖ MESSI MISSED IT ALL   RONALDO DID IT ALL  WHO'S YOUR G.O.A.T? #ARGvICE #WorldCup  #ARGISL;0;auto: 0/6 signals
4905400431;fareiprof;camilly;;;164;541;0;84;496;False;2016-02-13T17:42:01;True;False;5;2018-06-14T17:56:08;2018-06-14T17:59:08;3,2988;0,58;0;0,0;RT @Bruno_Mich_OFF: Todo Brasileiro é técnico de futebol ou vidente. 🤔 :V 😁@dianadeglauy #Rusia2018 #WorldCup https://t.co/we1OIxOwJs ||| RT @AlanGalvo3: Minha mãe: Cadê o troco do supermercado??  Eu:   #WorldCup https://t.co/yUPtFaj7ig ||| RT @Carolinanunesst: O brasileiro olha pro limites e fala: kkkkkk 'limites'  #WorldCup  #WorldCupRussia2018 https://t.co/FSzFBSa4im ||| RT @adryanmiguel: Clóvis Acosta Fernandes 🎆 1955 - 2015 ✝️ #WorldCup  #WorldCupRussia2018 https://t.co/prekXjxUWd ||| RT @everycoutinho: torcendo de boa, até que lembro da copa passada #WorldCup https://t.co/NiFO3Fq0PQ;;
820484843343593472;Wadsley20;George Wadsley;;England, United Kingdom;46;224;0;1406;296;False;2017-01-15T04:16:45;True;False;1;2018-06-15T13:42:11;2018-06-15T13:42:11;4,8696;0,57;0;0,0;RT @maxandpaddyline: GK Brian Potter LB Young Kenny CB Les CB Alan RB Spencer DM Jerry 'The Saint' St Clair AM Kenny Senior RW Patrick O'Sh…;;
863301289077329920;Tashobya5;🌌Tashobya🌌;Jeremiah 33:3 📃 I'm subtle in Christ. 👯 My head is filled with things I don't say. 👣;Kampala, Uganda;56;167;0;1208;225;False;2017-05-13T07:54:01;True;False;3;2018-06-14T16:30:36;2018-06-16T19:20:52;2,9821;0,56;2;1,5;RT @sheebah_bubu: Nw #Worldcup because Nigeria. ||| Nigeria😁 #WORLDCUP ||| RT @Tunnyking: Saudi Arabia on Twitter polls vs Saudi Arabia on the Football Pitch #WorldCup https://t.co/jZDaj4HUnZ;;
746908904253063168;HarshVray;Harshvardhan ray;15. Chelsea fan.;Bhubaneshwar, India;56;143;0;3138;402;False;2016-06-26T03:32:14;True;False;2;2018-06-16T08:32:15;2018-06-16T08:33:11;2,5536;0,56;0;0,0;RT @shotongoal247: Who had a better #WorldCup performance? 🤔  🔄 - RT Shakira  ❤️ - Like Robbie https://t.co/Qk8gykYK4v ||| RT @Mandylisous12__: Let's settle this   RT for #WorldCup  LIKE for Sex 😋 https://t.co/2qgBflxCuo;;
156212393;SultanAldrees;Sultan Al-Drees;BBA Graduate from Canada, Entrepreneur, Co-founder of Saudi Self-Development, Professional Business Developer. Proud owner of a natural WTF face هلالي جداً;Riyadh;163;344;4;797;1597;False;2010-06-16T09:12:31;True;False;2;2018-06-17T09:56:01;2018-06-17T09:56:39;2,1104;0,55;0;0,0;I WAS THERE! Check out my photo from Opening Match of FIFA #WorldCup 2018  #RUSvKSA https://t.co/kyEn14umPE ||| I WAS THERE! Check out my photo from Opening Match of FIFA #WorldCup 2018  #RUSvKSA https://t.co/hQNSwhBc6i;0;auto: 0/6 signals
2700324086;swarntonk;xxxtonkacion;Geek. Believes in Batman. Engineer who smashes things to make them work. Plays Football and video games. Borussia Dortmund is 💛.;;44;120;0;1658;783;False;2014-08-02T08:21:32;True;False;1;2018-06-14T14:48:04;2018-06-14T14:48:04;2,7273;0,55;0;0,0;ME 😂 https://t.co/cwLOpFdyX1;;
82102124;eringam;Erin Gamble;Musings on digital, social good, learning, design thinking & social network analysis. Online comms officer @WorldBank. Past online dir @acdivoca. Views are mine;DC;409;1060;74;1487;1703;False;2009-10-13T14:05:41;True;False;1;2018-06-16T03:05:18;2018-06-16T03:05:18;2,5917;0,54;0;0,0;RT @dcpl: Where's the best place in D.C. to watch the #WorldCup? The Library of course. As part of #SummerChallenge our Mt. Pleasant branch…;;
979925163037704192;IGGY_karaoke;イギちゃん@歌ってみた;"イギちゃんのSWITCHカラオケ歌ってみた専用垢です😉✌💕
気軽に聴いてって下さいね❗❗
本垢(@kis_baby_mom)では愛するジョジョを中心に、アニメやマンガなど好きなもの呟いたり、イラストも投稿してます🎵そちらもヨロシクねd=(^o^)=b❤
#カラオケ #歌ってみた";switchカラオケ杜王町店;13;12;0;85;40;False;2018-03-31T03:35:39;True;False;1;2018-06-14T08:36:28;2018-06-14T08:36:28;0,9231;0,53;0;0,0;RT @kis_baby_mom: #ワールドカップ2018 　#WorldCup #WorldCup2018  #ジョジョ　#ジョジョの奇妙な冒険 　＃jojo 日本頑張れーーー！！！応援届けーーー！！！ Let's all support for players! ! ht…;;
2183985597;noeltrumpet;Noel Langley;British trumpet player, composer, arranger, MD, educator and reluctant mystic genius, 'a bad cat indeed' - John Patitucci. Debut album, 'Edentide', out 30/07/14;London;755;724;16;2478;885;False;2013-11-17T02:09:32;True;False;1;2018-06-16T23:35:54;2018-06-16T23:35:54;0,9589;0,53;0;0,0;RT @IanWright0: Messi 😱😱😱😱 #Worldcup https://t.co/DOvuBeb8c6;;
269350141;johnnigelgrant;John Grant;Hello, my name's John. I like women, swimming and blockbusters;England, United Kingdom;71;237;2;730;1404;False;2011-03-20T16:04:34;True;False;1;2018-06-16T05:08:19;2018-06-16T05:08:19;3,338;0,53;0;0,0;Pure quality #WorldCup #Ronaldo #Ronaldogoal #lovefootball https://t.co/fWyng1jeWH;0;auto: 0/6 signals
2379298202;BambHid;We made it;"Fan de football mais pas que...
Sports en général
J'aime bien les débats";Costa Del Sol;24;96;0;1528;834;False;2014-03-08T20:53:40;True;False;1;2018-06-16T21:49:22;2018-06-16T21:49:22;4,0;0,53;0;0,0;RT @kappilinho: Fair to say Europe has dominated the #WorldCup so far!  EUROPE 4⃣wins 🇷🇺🇭🇷🇫🇷🇩🇰 3⃣draws 🇵🇹🇪🇸🇮🇸 0⃣defeats  SOUTH AMERICA 1⃣wi…;;
900023972187611137;hyugakojiro78;Hyuga Kojiro;;;3;15;0;62;153;False;2017-08-22T15:56:51;True;False;2;2018-06-14T14:46:31;2018-06-14T17:09:05;5,0;0,52;0;0,0;@panditfootball Bakal ada isu kalo kiper Arab gak mau nangkep bolanya karena najis lagi gak ya Ndit? 😂😂 #WorldCup ||| Njir...dari tadi gua dengerin lagu Opening Ceremony #WorldCup kagak ada yang enak, semoga pertandingannya gak ikutan gak enak buat dilihat.;;
965920836246036480;SumanPo76814110;Suman Poudel;Hello, नमस्ते !!;Nepal;74;245;1;304;58;False;2018-02-20T12:07:28;True;False;1;2018-06-15T02:42:12;2018-06-15T02:42:12;3,3108;0,51;0;0,0;यो असार महिनाभरी कसैले पनि राजनीतिक टिप्पणी नगरिदिनु होला, Please.. यो #WorldCup को मौसम हो । सुभ-प्रभात !!;0;auto: 0/6 signals
613441297;Spice07DS;gooner;gym freak, love sport football and boxing cars, nice clobber. love banter support arsenal but a soft spot for manchester united as fam support.;;284;1548;2;439;1117;False;2012-06-20T13:27:53;True;False;1;2018-06-16T16:21:42;2018-06-16T16:21:42;5,4507;0,51;0;0,0;RT @Iamfemijoseph: Let’s settle who is your GOAT   RT for Ronaldo  Like for Messi   #WorldCup https://t.co/SaQpzRUPVv;;
709997708531126276;soccer_LFC19;児玉 蒼汰;Football Club #64 Liverpool FC🏴󠁧󠁢󠁥󠁮󠁧󠁿;聖徳→水口東  3年;254;223;0;892;410;False;2016-03-16T07:00:19;True;False;1;2018-06-17T14:27:20;2018-06-17T14:27:20;0,878;0,5;0;0,0;RT @SoccerKingJP: 🇷🇺#WorldCup グループF第1戦🏆  🇩🇪ドイツ代表 ▼GK 1 ノイアー ▼DF 2 プラッテンハルト 3 フンメルス 17 ボアテング 18 キミッヒ ▼MF 6 ケディラ 7 ドラクスラー 8 トニ・クロース 10 エジル ▼F…;;
2886722727;ashar_97;Ashar;;;23;126;0;1038;656;False;2014-11-21T11:19:20;True;False;1;2018-06-15T05:26:40;2018-06-15T05:26:40;5,4783;0,5;0;0,0;RT @Pschmeichel1: Is this a coincidence??? 🤷🏼‍♂️ #WorldCup https://t.co/xCzmzFAHPW;1;auto: 3/6 signals
893551551897358336;TeboMohapi;Teboho Mohapi;Umhle uThixo | Father | Activist | Pan-Afrikan Nationalist | Spiritual | Writer | Football & Fitness Enthusiast | Student;Port Elizabeth, South Africa;43;82;0;143;155;False;2017-08-04T19:17:46;True;False;2;2018-06-15T21:20:27;2018-06-15T22:06:08;1,907;0,49;0;0,0;RT @adeoyemusic: Ronaldo scores a Hattrick  De Gea was not good enough   Diego Costa scores a brace  Nacho scores a stunner  Final Score  P… ||| The GOAT @Cristiano completing his hattrick! https://t.co/mYuVcUWRkv;;
866269348859486210;wherever__j;JSP;;대한민국 대구;25;380;0;378;192;False;2017-05-21T12:28:02;True;False;2;2018-06-15T18:52:49;2018-06-15T18:54:02;15,2;0,49;0;0,0;RT @BBCMOTD: 😶  #WorldCup #bbcworldcup https://t.co/EHYhfCTuLJ ||| RT @sumijo2011: Again #Ronaldo ⚽️ #Portugal #WorldCup2018;1;auto: 3/6 signals
442320018;jnunez1o1;jnuñez 🅩;bicken back;;607;140;0;935;1098;False;2011-12-21T00:29:59;True;False;1;2018-06-15T20:00:28;2018-06-15T20:00:28;0,2306;0,46;0;0,0;RT @JakeLoadman: Nothing beats the WC ! What a stunning game of football. And that man proves once again why he is an all time great 👌 Cris…;;
701467441688350720;jalapuente57;Telera;aprendiz de todo y maestro de nada, andarin,  amante de la compañía, soñador...para cambiar el mundo.;;22;23;0;1450;387;False;2016-02-21T18:04:05;True;False;1;2018-06-15T15:31:55;2018-06-15T15:31:55;1,0455;0,46;0;0,0;RT @ropavieja94: #worldcup   Un hombre muere al saltar por la ventana durante un desahucio | Cataluña | https://t.co/ohJzwfhqUr;;
2366841325;nitihamudaisuk1;加藤  彪吾;丘小→翔洋中→TOKAI SHOYO/バスケ部ユニ#6#20→引退→東海大学/プロ野球観戦/坂本勇人#6/広島カープ/;神奈川;658;627;0;740;678;False;2014-03-01T09:46:15;True;False;1;2018-06-15T01:01:21;2018-06-15T01:01:21;0,9529;0,43;0;0,0;RT @sugwi: 2018 FIFA ワールドカップ ⚽️ ロシア 日程・時間割と順位表とトーナメント表とテレビ予定の全部入りを作りました。 更新は…多分すると思います。 間違えてたら、やさしく教えてください😅。  #WorldCup #W杯 #ワールドカップ #ロシアW杯…;;
861922055247286275;HeroicSportFr;Heroic Sport;🍑🍒La boisson isotonique naturelle 🍊🍍🍋 Derrière chaque gorgée se cache une histoire. Celle de ceux qui sont #BackInTheGame 💪;;453;4;0;8;167;False;2017-05-09T12:33:26;True;False;3;2018-06-14T14:32:00;2018-06-16T09:02:02;0,0088;0,42;1;3,0;On respire profondément. Plus qu'une heure. Tous derrière la France 🇫🇷 #Russia2018 #BackInTheGame https://t.co/Il62cYnCCV ||| Titan. C'est probablement la plus grosse affiche du premier tour. Espagne vs Portugal, à suivre ce soir à partir de… https://t.co/cA2CZMd9NL ||| ⚽ En Russie, une victoire peut en cacher une autre... #WorldCup #Russia2018 #BackInTheGame https://t.co/ouVRNdPrEC;0;auto: 0/6 signals
867099805696307200;MustafaElazhary;azharii👑;dua lipa😰💙💙;Marsa Matrouh ;187;409;0;505;164;False;2017-05-23T19:27:58;True;False;2;2018-06-14T04:23:51;2018-06-16T05:04:57;2,1872;0,42;2;1,0;RT @EPLBible: RETWEET if you think Cristiano Ronaldo is the best player in the world.  #WorldCup https://t.co/9x83eUVdjx ||| RT @Hassan_Aljassmi: توقع من هو  اول لاعب مصري بعد مجدي عبدالغني طبعا 😍  سيسجل هدفاً⚽️ في #كأس_العالم  #روسيا  واربح ايباد برو IPad Pro📱  ش…;;
2982606545;mwendwa_gloria;Gloria Mwendwa;Life is a gift.  Don't waste it!;;483;147;1;361;518;False;2015-01-17T14:48:50;True;False;1;2018-06-17T15:40:25;2018-06-17T15:40:25;0,3043;0,42;0;0,0;Mexico #worldcup;0;auto: 0/6 signals
1139187553;czajapc;Paweł Czajkowski;;;13;92;0;238;833;False;2013-02-01T09:26:49;True;False;1;2018-06-16T07:38:30;2018-06-16T07:38:30;7,0769;0,42;0;0,0;@gdansk A co ma się dziać, #mundial #WorldCup #kibicujemy;;
1619901943;Topsman511;Temitope;the sky is the limit, anything is possible if you just BELIEVE.;Texas, USA ;67;161;0;140;734;False;2013-07-25T08:57:34;True;False;1;2018-06-17T03:41:46;2018-06-17T03:41:46;2,403;0,41;0;0,0;Both a tie though 🤷🏾‍♂️ https://t.co/C4VUU0oViN;;
770805734808379392;zairagarciaf;Zaira Garcia;Estudiante de Kinesiologia. Formoseña por la vida.                                                                  Capricorniana;;30;122;0;846;270;False;2016-08-31T02:09:42;True;False;1;2018-06-15T03:23:52;2018-06-15T03:23:52;4,0667;0,41;0;0,0;RT @SerUniv: “Prometo que para el próximo Mundial ya voy a estar recibido”. #SerUniversitario #Rusia2018 #WorldCup https://t.co/qMFvk0a91p;;
112008927;peazzy88;Joey P;Big lanky dude. Plays bass. Tweets about news, music and miscellaneous nonsense.;Manchester, England;80;379;1;834;1241;False;2010-02-06T23:25:20;True;False;2;2018-06-15T16:39:28;2018-06-15T16:45:44;4,7375;0,41;0;0,0;RT @geekysteved: The #vuvuzelas are back at #WorldCup2018 https://t.co/9xkdRvECM2 ||| Just been called an annoying arsehole. I nearly spat my vuvuzela out. #MARIRN #WorldCup;0;auto: 0/6 signals
765848145146306560;faeeza1006;faeeza sadiq;;;11;127;0;6;274;False;2016-08-17T09:50:01;True;False;3;2018-06-14T07:14:14;2018-06-14T19:20:12;11,5455;0,41;0;0,0;RT @TwitterSports: And the winner of the first match is #RUS!  #WorldCup https://t.co/0GuIZLiULD ||| RT @FIFAWorldCup: 🏆😁 Who else is excited? #WorldCup https://t.co/Y9pWqJWvQv ||| RT @FIFAWorldCup: The 21st #WorldCup kicks off in the magnificent #LuzhnikiStadium only 1⃣6⃣ hours from now...  🇷🇺vs🇸🇦  #RUSKSA https://t.c…;1;auto: 3/6 signals
833667393654239234;GavinWoods16;Gavin Woods;Stand up for The Cork City;Cork, Ireland;56;174;0;585;190;False;2017-02-20T13:19:30;True;False;1;2018-06-14T15:09:28;2018-06-14T15:09:28;3,1071;0,4;0;0,0;@CorkCityFC 1. Brazil 2. Griezmann #worldcup #CCFC;;
1415028770;Elle_S1208;CG;;;19;85;0;440;750;False;2013-05-09T09:00:55;True;False;1;2018-06-16T08:45:48;2018-06-16T08:45:48;4,4737;0,4;0;0,0;Wegreed are the #WorldCup2018 flags @Twitter;;
3864371087;MsFriesch;Ms Friesch Jewelry;Get the final touch to your outfit! #msfriesch #jewelry #gems #fashion #trend #msfrieschjewelry #top #cool #streetstyle #design #fashion 💚Instagram @ms_friesch;Madrid, España;215;324;1;219;384;False;2015-10-04T19:21:57;True;False;1;2018-06-16T11:31:39;2018-06-16T11:31:39;1,507;0,39;0;0,0;Silver, Gold or maybe both of them...what do you think? 🔝🔝 “CHAKRA” Bracelet  1 DESIGN = 1 JEWEL  Online Store👉… https://t.co/TI4eRqjr3j;0;auto: 0/6 signals
3351833242;BenjyDos;Benjamin;;Clermont-Ferrand, France;29;97;0;186;425;False;2015-06-30T13:08:00;True;False;1;2018-06-15T09:11:29;2018-06-15T09:11:29;3,3448;0,39;0;0,0;RT @ninaqlf: #WorldCup2018 #POR #ConquistaOSonho https://t.co/bifuBTdIPc;;
2273494001;Palmerss12Shaun;SSP🚼;;;137;258;0;2058;573;False;2014-01-10T19:46:29;True;False;1;2018-06-17T16:29:08;2018-06-17T16:29:08;1,8832;0,35;0;0,0;RT @ThatRexGuy: Joachim Löw when literally anything happens.  #GERMEX #WorldCup https://t.co/5e0xQ9Q3Yy;;
954392624168914945;soner_alas;Soner ALAS;;;3;65;0;237;52;False;2018-01-19T16:38:28;True;False;1;2018-06-16T18:02:47;2018-06-16T18:02:47;21,6667;0,35;0;0,0;RT @apaci__ronaldo: Hanımefendi cennetten yeryüzüne düşerken umarım canınız acımamıştır.   #worldcup #swe https://t.co/ojkXzRagM6;1;auto: 3/6 signals
926130562527612928;romanova_superr;Марина Романова;#Followback #Followforfollow #FolloMe #Follow4follow #ЧитаюВзаимно #ЧитайМеняАЯТебя #ВзаимныйФолловинг #ВзаимнаяПодписка #ВзаимноЧитаю #إضافةالأصدقاء;Москва, Россия;883;813;5;602;76;False;2017-11-02T16:55:07;True;False;2;2018-06-16T09:46:28;2018-06-16T11:53:54;0,9207;0,34;0;0,0;RT @obookmakers_com: #Футбол #Чемпионатмира 16:00 #Аргентина -#Исландия Тотал Больше 2 голов 1.55 Поставить и получить 100$ или 5000₽ https… ||| RT @obookmakers_com: Франция — Австралия 16.06.2018 Чемпионат Мира. Групповой этап. Группа C. 1-ый тур https://t.co/vZhM6QrKwV  #ФранцияАвс…;;
420956964;Tadaryuu;龍之介@京都大作戦18;音楽:10FEET、ホルモン、ロックメインで雑食系。映画:なんでも見ます。漫画:ワンピ、他面白ければなんでも見ます。ファッキンサブカル野郎です！！;新潟県;92;148;1;810;797;False;2011-11-25T09:36:26;True;False;2;2018-06-15T23:17:18;2018-06-15T23:17:33;1,6087;0,33;0;0,0;いやカッコよすぎかよ https://t.co/JGvIp0v5hM ||| RT @NHK_soccer: #クリスチアーノ #ロナウド ハットトリックでポルトガル #POR 3-3 #ESP スペイン 同点に追いつく #WorldCup #ワールドカップ https://t.co/W0RaaWZUOQ;0;auto: 0/6 signals
1143397867;sneaky_chiki516;dakidchino;tweet, retweet, repeat #bars;Exit XIII;50;129;2;158;622;False;2013-02-02T20:50:10;True;False;2;2018-06-15T14:05:02;2018-06-15T14:06:13;2,58;0,32;0;0,0;RT @RvHersi: Suárez was so tempted to have a nibble #EGYURU #WorldCup2018 https://t.co/hAl0H16RG5 ||| Watched my very first futbol match (caught 2nd half) #WorldCup2018 .. I think I’m a fan.;0;auto: 0/6 signals
883676418655133696;tsubasa88287623;tsubasa;西原高校サッカー部２年いつでも挑戦者;日本 沖縄;208;175;0;195;103;False;2017-07-08T13:17:30;True;False;1;2018-06-14T22:05:09;2018-06-14T22:05:09;0,8413;0,3;0;0,0;RT @LuisSuarez9: PRONTO para el debut de mañana 💪💪💪 como siempre GANÓ EL MISMO EQUIPO DEL PICADO ⚽ ⚽⚽ hasta con la 🦉🦉😂😂 @AUFOficial #russia…;;
435696152;j_moosa;mosa al-jomay;;;69;691;0;104;701;False;2011-12-13T10:31:51;True;False;1;2018-06-14T16:59:42;2018-06-14T16:59:42;10,0145;0,3;0;0,0;RT @Akhbaar24: بالفيديو.. الأخضر يخسر أولى مبارياته في كأس العالم بخمسة أهداف https://t.co/zecaMVB5He #بالتوفيق_للمنتخب_السعودي #WorldCup h…;1;auto: 3/6 signals
973198610060980224;ShikwambiPetrus;Petrus Shikwambi;Back in 5 minutes (If not, read this again).;Windhoek, Namibia;5;33;0;60;27;False;2018-03-12T14:06:44;True;False;1;2018-06-14T22:17:45;2018-06-14T22:17:45;6,6;0,29;0;0,0;RT @Rania_Elhag: 🌚😂 #WorldCup https://t.co/90i3ZUNY2Z;1;auto: 3/6 signals
3045958856;007Datnigga;CRWN.LORD.VICIOUS.;Aka James. 0riginality 0ver Greatness. Immortal Diamonds . No Limits. King of Diamonds.;The Zoo;21;62;0;1865;334;False;2015-02-27T08:53:05;True;False;1;2018-06-16T19:50:55;2018-06-16T19:50:55;2,9524;0,28;0;0,0;RT @jn_shine: Argentina has the best attackers!! Spain, Croatia, Germany have the best midfielders. 🔥 Iceland has the best defence.   Then…;;
963066620125032448;Onlyfoodsandho1;Onlyfoodsandhorses;horses and food combo's  great fun;;1;6;0;19;34;False;2018-02-12T15:05:49;True;False;1;2018-06-16T12:38:28;2018-06-16T12:38:28;6,0;0,28;0;0,0;Well what can you say after last night.Simply brilliant #Ronaldo #WorldCup https://t.co/KjFsA8TPyt;;
552034097;destainlessng;Frank A.;Businessman, Football Analyst.;Lagos, Nigeria.;61;599;0;32;635;False;2012-04-12T17:39:51;True;False;1;2018-06-14T13:12:02;2018-06-14T13:12:02;9,8197;0,28;0;0,0;RT @DebsExtra: 2018 World Cup champion will get $38 million  Second place - $28 million. third place  - $24 million  fourth place -$22 mill…;1;auto: 3/6 signals
830683587452219393;Mr_Masiwa;Mr.Julius.Masiwa.Jr;"🎓Bachelor of Arts Degree in Banking And Finance.
▪Artist✍▪Reader📚▪Writer📝▪Pisces♓ ▪Optimist▪Thinker💡▪Humanitarian ▪Info Junky🔍

🇿🇲Zambian and Proud";Lusaka, Zambia;251;142;21;264;133;False;2017-02-12T07:42:55;True;False;3;2018-06-16T18:47:18;2018-06-17T16:34:43;0,5657;0,27;0;0,0;@Nigeria #WorldCup #Zambia #zedtwitter #nigerians #NaijaIssaGoal #GermanyvsMexico 😂😂😂😂😂 You are super chickens/supe… https://t.co/wQfyQAIRwu ||| @Icelandair 👀👀 here's some Worldcup humour😂😂. #WorldCup #ARGISL #SSFootball #FRAAUS #EverythingIsLove #Messi… https://t.co/0rEri4Lq7t ||| #SSFootball Africa for Africa🔊🔊. Nigeria wins by 3 goals to 1. With Moses and Ighalo on the score sheet. The world… https://t.co/TzNOuqJzQO;0;auto: 0/6 signals
43923440;BlakeSchon;Blake Schon;Retired Intramural Athlete, Co-Founder of Dad Bod Mob Squad Basketball, YouTube star. For business inquiries, contact Burrus28@gmail.com;;402;319;1;3999;850;False;2009-06-01T17:12:43;True;False;1;2018-06-16T03:52:31;2018-06-16T03:52:31;0,7935;0,26;0;0,0;RT @Wingnuts_ICT: We would absolutely strike out Aaron Judge. https://t.co/wujx7VaqWr;;
962413475489370113;NourDawoud3;Nour Dawoud;"Nouran..
sia for life🌹
hope to get lost in a library ❤";القاهرة, مصر;17;156;0;35;31;False;2018-02-10T19:50:28;True;False;2;2018-06-15T15:53:29;2018-06-15T15:58:42;9,1765;0,25;0;0,0;فخورة بيكوا  أثبتوا أن المنتخب مش بس صلاح  شرفتونا قدام العالم❤ #Egypt  #مصر_اوروجواي  #EGY #WorldCup https://t.co/nvClS0XR16 ||| خلينا متفقين انكوا في الوديات كنتوا زي الزفت...معرفش ليه!!..  بس شرفتونا انهاردة 💪💪 #مصر_اوروجواي  #WorldCup  #EGY https://t.co/2bDEPiz6t9;;
712251852319035392;tweetzeebuoy;Z.A.Y;Miss me with that bullshit | Tufts '22;Ubiquitous ;241;340;0;26;195;False;2016-03-22T12:17:29;True;False;1;2018-06-17T07:49:37;2018-06-17T07:49:37;1,4108;0,24;0;0,0;These pictures shaaa... https://t.co/ZoupeKqJRx;0;auto: 0/6 signals
3375969892;UnathiUmbro;UBhut' Athii Joka 💦😉👌;""" 063 068 1126 ""  Zond'Fuma Apho 😉";Somewhere far away from Perfection ;194;556;0;1068;258;False;2015-07-14T15:39:19;True;False;1;2018-06-16T05:48:28;2018-06-16T05:48:28;2,866;0,24;0;0,0;RT @DJ_Brisco: Naaaaaaaacho... #Nacho with a strike from Hell. #Spain #Futbol #Goal #WorldCup https://t.co/fFt7F0iye0;;
3245450807;SandraOwen882;SAILOR⚓️;Am a certified nyben;Texas, USA;746;28;5;2;265;False;2015-05-10T21:52:18;True;False;3;2018-06-15T20:05:30;2018-06-17T14:20:38;0,0375;0,23;1;3,0;RT @FollowSpree247: 555 Likes : 555 Followers - LIKE if you follow back  - Follow spree with matic - Follow back whoever likes this - Turn… ||| RT @gad_rogers: A filmmaker saves Iceland from Messi He will record this as Documentary 😂😂😂😂😂😂😂😂 #WorldCup #ARGxISL #Messi  #Argentina http… ||| RT @SegunHassan_: unusual free kick technique there from cristiano ronaldo, leaving david de gea clueless. clutch moment. #poresp #worldcup;;
3195340291;Sholeh_Akbar07;Ahmad Akbar Al-Habsy;;;2437;2578;1;247;264;False;2015-05-14T13:17:39;True;False;2;2018-06-15T22:39:22;2018-06-17T12:55:47;1,0579;0,23;1;2,0;RT @qurrex: ICObench (@ICOBench) is a well-known ICO rating platform. We are so excited to inform you that #Qurrex has been listed with a r… ||| RT @qurrex: Thanx to @DiaryofaMadeMan and @CryptoBazar for the great fruitful evening in #Moscow #Deworkacy   Two #amazing events in #Russi…;;
877610884612460544;toaster_strugar;V. Strugar;pitchers are athletes too;;4;8;0;18;81;False;2017-06-21T19:35:14;True;False;1;2018-06-16T14:38:39;2018-06-16T14:38:39;2,0;0,23;0;0,0;RT @Albi_0161: Argentina: *Pass* Iceland: Block Argentina: *Shoot* Iceland: Block Argentina: *throw in* Iceland: Block  Thanos: *snaps fing…;;
973288348382089216;janebertschi9;jane bertschi;;;0;51;0;0;21;False;2018-03-12T20:03:19;True;False;1;2018-06-17T13:03:29;2018-06-17T13:03:29;0,0;0,22;0;0,0;RT @WantDontWant: Bring a little bit of the #WorldCup2018 to your office. Let us pitch you some ideas! https://t.co/lLOmuqoKl6;;
704589244925259776;Xow5lC9OpoCIuvM;nyamituaag;;;6;44;0;187;183;False;2016-03-01T08:49:01;True;False;1;2018-06-16T07:39:02;2018-06-16T07:39:02;7,3333;0,22;0;0,0;RT @kingfamilyKANTO: 【板橋氷川店】 明日もツイッター割を開催！ ★6月16日(土)★ 内容は… ■全品半額■ or ■5点以上で60%OFF■  選べるイベントです！ 4点までなら半額！ まとめ買いで5点以上なら、何点でも60%、60%、60%OFF！ こ…;1;auto: 3/6 signals
2204849649;joeboote;Joe Boote;Former Hartpury college ⚽️ Instagram: joeboote   Snapchat: joe-boote;;162;417;0;346;335;False;2013-12-02T17:25:35;True;False;1;2018-06-16T19:51:17;2018-06-16T19:51:17;2,5741;0,2;0;0,0;RT @Krowd9: This is the best video you’ll see today. School kids in Uruguay reacting to their late winner. More than a game. 😍🇺🇾 #WorldCup…;;
1038340681;bekapolo;Ahmed Elkhawanky;Life is simple eat ,sleep ,play waterpolo.....;Cairo ;101;95;0;69;378;False;2012-12-26T23:36:07;True;False;1;2018-06-17T02:12:51;2018-06-17T02:12:51;0,9406;0,19;0;0,0;مع الاناشيد و الاغانى لمنتخبنا الغالى انا و نصوحى فى مشهد واحد و الحلم يتحقق........ يا رباااااااااااااا ❤️❤️😍🇪🇬… https://t.co/JimV5DnYL8;0;auto: 0/6 signals
524494010;june24_gmie;Wan najmi Anwar;Terbang sokmo;;48;75;0;20;398;False;2012-03-14T16:17:36;True;False;4;2018-06-16T11:55:46;2018-06-17T08:44:04;1,5625;0,17;0;0,0;RT @RealHistoryPicx: Unseen video of Messi missing the penalty kick in match against Iceland in world cup (2018)  #FIFA19 #FIFA #football #… ||| #WorldCup GG 'The Hardest Karaoke Song In The World' :) ||| RT @Footy_JokesOG: Miss Penalty #WorldCup https://t.co/5jKgKsm6ey ||| #WorldCup GG Socceroos..;;
30734258;elinrs;Elin R. Sig.;Deputy Head of Mission, Embassy of Iceland, Berlin || Views are my own.;Berlin, Germany;225;422;2;458;546;False;2009-04-12T22:11:33;True;False;2;2018-06-15T04:32:27;2018-06-17T06:58:14;1,8756;0,16;2;1,0;RT @FIFAWorldCup: We watch. We hope. We love our teams, side-by-side. Share your photo with a rival fan. Win a trip to the #WorldCup Final.… ||| RT @IcelandUN: It’s #footballfever at the @UN today and the Nordic family is excited to kick of #WorldCup2018 Áfram Ísland #vikingclap  #fy…;;
1005074985692618752;ot_tso;Millito tatsow;200*/03/03 dont tolerate sh***😍;;4;55;0;2;1;False;2018-06-08T13:12:04;True;False;1;2018-06-16T07:25:19;2018-06-16T07:25:19;13,75;0,14;0;0,0;"RT @SuperSportTV: We're more than happy to watch this again. And again. And again. 🔥Ronaldo 🔥 For full highlights &gt;&gt; https://t.co/Ortmv3vHz…";1;auto: 4/6 signals
312707323;PaulL180;Paul Loukes;#BarnsleyFC Poker, Darts, Football, Cricket and lots of drinking!!;Barnsley;78;316;0;300;340;False;2011-06-07T15:00:35;True;False;1;2018-06-15T19:54:23;2018-06-15T19:54:23;4,0513;0,13;0;0,0;Some game that. World Cup football at its best! #worldcup;;
2328386407;mehmet_efendi34;Mehmet;Risk Yoksa, Zafer de Yok;istanbul;14;17;0;47;191;False;2014-02-05T07:32:30;True;False;1;2018-06-14T19:29:19;2018-06-14T19:29:19;1,2143;0,12;0;0,0;RT @1rtyapilir: Gezici oldu, dhkpcli oldu, esadcı oldu, hdp'li, Pkk'lı oldu.. bi insan olamadı bi de vatansever  #MutfaktaYangınVar #WorldC…;;
3003986429;chester_davids;Chester Davids;God*Love*Soccer*Deephouse;Paarl PV;127;434;0;494;150;False;2015-01-29T05:08:31;True;False;1;2018-06-16T06:43:03;2018-06-16T06:43:03;3,4173;0,12;0;0,0;"RT @Zupta_Chologist: #worldcup #PORESP  ""Messi is the best"" 💯✋  Real Football experts 🤔  End result: CR7🔥🔥🔥🔥🔥🔥 https://t.co/97gjObsIKk";;
293623569;stevenhankinson;Steven🏴󠁧󠁢󠁥󠁮󠁧󠁿🇬🇧;🏴󠁧󠁢󠁥󠁮󠁧󠁿🇬🇧;;53;308;0;1173;310;False;2011-05-05T17:40:24;True;False;1;2018-06-16T20:36:59;2018-06-16T20:36:59;5,8113;0,12;0;0,0;RT @BreakingNLive: BREAKING: Taxi ploughs into several #WorldCup fans in central Moscow, then flees the scene. Eight people were injured. P…;1;auto: 3/6 signals
902114416099033089;Charlesndugwajr;Charles Jr;Sports is part of my life;Kampala, Uganda;27;253;0;570;35;False;2017-08-28T10:23:32;True;False;1;2018-06-14T13:59:21;2018-06-14T13:59:21;9,3704;0,12;0;0,0;#worldcup2018 ..am ready https://t.co/udtAgpopVu;;
777760649246105600;jamespstinson;James Stinson;BNE-BTN;Brighton;19;162;0;216;72;False;2016-09-19T06:46:03;True;False;1;2018-06-16T07:45:04;2018-06-16T07:45:04;8,5263;0,11;0;0,0;RT @Krowd9: This is the best video you’ll see today. School kids in Uruguay reacting to their late winner. More than a game. 😍🇺🇾 #WorldCup…;1;auto: 3/6 signals
909537057189634049;axjergwritings;Анна Федорова;Dad, Husband, CEO Hedge;;0;0;1;22;28;False;2017-09-17T21:58:27;True;False;1;2018-06-16T01:36:58;2018-06-16T01:36:58;0,0;0,1;0;0,0;"RT @OriginSport_io: We've prepared 30,000,000 $ORS tokens for players participating in the ""Who is the champion"" campaign! Join now at http…";;
985517130;Jona_Paro;Jonathan;crazy kid made in Belgium;Bruxelles / Cannes;71;64;1;323;201;False;2012-12-02T22:53:09;True;False;1;2018-06-14T07:51:02;2018-06-14T07:51:02;0,9014;0,1;0;0,0;#REDTOGETHER #Russia2018  ❤️ https://t.co/GAMqsCvvfP;0;auto: 0/6 signals
2177693664;MarkBuckk;buckyy;19😯..Harrogate;Harrogate, England;38;64;0;118;170;False;2013-11-06T08:57:39;True;False;1;2018-06-15T11:55:15;2018-06-15T11:55:15;1,6842;0,1;0;0,0;RT @Sporf: 🇧🇷 Clovis Fernandes followed Brazil for 7 consecutive World Cups from 1990 to 2014, but passed away from cancer in 2015 😢  🇷🇺 Hi…;;
355031645;paulodalleprane;Paulo Dalleprane;;Valparaíso de Goiás;50;120;0;716;261;False;2011-08-14T18:23:24;True;False;1;2018-06-15T21:02:47;2018-06-15T21:02:47;2,4;0,1;0;0,0;RT @Cruzeiro: #NewProfilePic #WorldCup https://t.co/gODH8Uqn7v;;
975631867629236225;fudakupeh;Karyme Becerra;modelo y edecan contrataciones solo privado;San Cristóbal de las Casas;4;40;0;0;9;False;2018-03-19T07:15:38;True;False;4;2018-06-17T03:34:09;2018-06-17T14:29:06;10,0;0,1;0;0,0;RT @ELARQUlTECTO: Se que es complicado amaikos nigerianos, pero no se pasen de verdura🤣 qué chingona 😎está toda su indumentaria👌🏻. #NIG #Wo… ||| RT @ELARQUlTECTO: Yo si votaba por @Cristiano para presidente de #México, ¡CARAJO! #Rusia #WorldCup #RusiaWorldCup  #MundialRusia2018 https… ||| RT @ELARQUlTECTO: La sudadera y el jersey de #Nigeria #NIG ya ganaron. #WorldCup  además tienen al negro de Whatsapp 😳 https://t.co/ABlK3… ||| RT @ELARQUlTECTO: Sin palabras, los jugadores argentinos deberían seguir el ejemplo de Messi demostrando humildad (y que conste que no soy…;1;auto: 3/6 signals
746805503133687808;xhunxhooooo;Sergio Fernández;Viva la música, el fútbol y la fotografía! viva la vida ctm!;Laja, Chile;20;270;0;21;74;False;2016-06-25T20:41:21;True;False;2;2018-06-16T17:12:17;2018-06-16T17:30:30;13,5;0,1;0;0,0;"RT @pelotazo: EN 3 minutos Paolo Guerrero demostró porqué tiene que ser titular en #PER. Arrastra marcas y tiene buen juego aéreo ante uno… ||| RT @pelotazo: Una cosa es quedar fuera de un mundial, con farra y todo, y otra es desear que pierdan todos los sudamericanos. ""Es que ellos…";1;auto: 3/6 signals
932378029065609217;9gin_kr8;성진;나만이 나를;;2;50;0;2;20;False;2017-11-19T22:40:19;True;False;1;2018-06-15T19:46:24;2018-06-15T19:46:24;25,0;0,1;0;0,0;대 날 두...... ㄷㄷㄷ  #cr7 #ronaldo #worldcup2018… https://t.co/amRbEn8Env;;
966103290818842625;sheilamendoza01;Sheila Mendoza;;;1;57;0;8;11;False;2018-02-21T00:12:28;True;False;1;2018-06-15T02:19:48;2018-06-15T02:19:48;57,0;0,1;0;0,0;RT @chapis_herrera: Me emocionan tus narraciones, el tercer gol de Rusia 🇷🇺 me encantó como lo gritaste @Paco_Villa_  #WorldCup2018 ⚽️ http…;1;auto: 3/6 signals
1979198306;chrisbrumwell94;Christian Brumwell;Muffins and grapes to OTK!;;39;72;0;85;158;False;2013-10-21T16:01:18;True;False;1;2018-06-16T11:21:07;2018-06-16T11:21:07;1,8462;0,09;0;0,0;Good guy Umtiti: knows the first penalty was unfair so gives one back to Australia to balance things out. #worldcup;;
909603750641328128;chenhuabin2012;Вера Пермякова;Head Hunter Direct Marketing Internet Marketing recructing;;0;1;0;13;22;False;2017-09-18T02:23:28;True;False;1;2018-06-15T10:01:58;2018-06-15T10:01:58;0,0;0,08;0;0,0;"RT @OriginSport_io: We've prepared 30,000,000 $ORS tokens for players participating in the ""Who is the champion"" campaign! Join now at http…";;
3241060868;WillMon13;William Montenegro;What goes up must come down;Long Island, NY;56;184;0;322;86;False;2015-06-10T06:04:10;True;False;1;2018-06-17T16:07:35;2018-06-17T16:07:35;3,2857;0,08;0;0,0;Common Germany wake up! #WorldCup #GER;;
949209888;Dieder11;omar garcia;;la Habra California ;23;195;0;158;164;False;2012-11-15T07:10:06;True;False;1;2018-06-16T00:54:33;2018-06-16T00:54:33;8,4783;0,08;0;0,0;RT @AlvaritoMorales: Gracias, papá #Cristiano. Presentía tu gol.  ¡Te cargas a esos bultos!  Benditos los que atestiguamos al mejor de la h…;1;auto: 3/6 signals
3054324097;braydenweiss;Brayden Weiss;Photographer, traveler, writer's block victim, Perenially concussed.;Sammamish, WA;35;316;0;106;100;False;2015-03-02T02:11:42;True;False;2;2018-06-15T12:38:33;2018-06-15T14:56:07;9,0286;0,08;0;0,0;Why does every game begin with Seven Nation Army? #WorldCup ||| If Salah comes on, keep Suarez as far from his shoulder as possible #WorldCup;;
561416932;Cissdave;Dave Ciss 🇸🇳;;Senegal;62;248;0;199;164;False;2012-04-23T19:43:11;True;False;2;2018-06-14T12:30:46;2018-06-15T13:49:20;4,0;0,07;1;2,0;Oh que ça fait mal ça  #WorldCup #EGYURU ||| RT @AngeKagame: YES to the traditional wear!!!✊🏿 https://t.co/yvnFwKt8SF;;
1536822367;PaulRusSS;Paul Rus;Network Support Associate;2135;48;78;0;37;126;False;2013-06-21T15:55:10;True;False;1;2018-06-17T14:29:47;2018-06-17T14:29:47;1,625;0,07;0;0,0;Auf gehts Deutschland! 🇩🇪🏆🌍⚽️ #FifaWorldCup2018 #WorldCup2018;;
237912122;derekforrest28;Derek Forrest;;;129;320;2;100;203;False;2011-01-13T22:56:20;True;False;1;2018-06-15T09:35:07;2018-06-15T09:35:07;2,4806;0,07;0;0,0;RT @sportingintel: The strangest #WorldCup video of today, by far, appears to show a bear in a truck celebrating the #RUS win against Saudi…;;
2200848742;curlywurlycat;Kit Kinder;;;79;420;1;470;110;False;2013-11-29T19:26:57;True;False;1;2018-06-15T12:12:37;2018-06-15T12:12:37;5,3165;0,07;0;0,0;RT @sportingindex: Robbie Williams singing 'Angels' at the #WorldCup opening ceremony is good, but it isn't Barry from Eastenders singing '…;;
979920250408984576;elevenlzj;蘭蘭;書籍 電影 音樂;湖南, 中华人民共和国;10;70;0;3;5;False;2018-03-31T03:16:08;True;False;1;2018-06-14T17:14:25;2018-06-14T17:14:25;7,0;0,07;0;0,0;5-0 沙特完美的诠释了什么叫到此一游……#WorldCup2018;;
3247333080;shivkanda;Just Vocabulary;hi guys.. let's play with words;;31;248;0;1178;74;False;2015-06-17T02:48:49;True;False;1;2018-06-17T09:38:33;2018-06-17T09:38:33;8,0;0,07;0;0,0;"RT @TomHall: This could make you a Soccer &amp; #WorldCup fan!  ⚽️  🚨  ⚽️  #SaturdayMorning #ARGvISL #Iceland #Messi #AMJoy  https://t.co/Hsqmg…";1;auto: 3/6 signals
3112957342;emily_avilaa;👸🏽emily;;Houston, TX;28;45;0;361;71;False;2015-03-25T03:55:59;True;False;1;2018-06-14T17:41:56;2018-06-14T17:41:56;1,6071;0,06;0;0,0;RT @TrueSoccerLife: 32 days 64 games 96 hours of football  Happy #WorldCup  Day! https://t.co/1XFG9uaI4C;;
1604043024;hennynoni;eniola rahmon jamiu;;Ede, Nigeria;40;168;0;6;111;False;2013-07-18T18:37:30;True;False;1;2018-06-15T20:51:43;2018-06-15T20:51:43;4,2;0,06;0;0,0;RT @Billz_onme: Na so ma! https://t.co/wSa8YpYZOL;;
2772065825;edward_kiyaga;kiyaga edward;;kampala.uganda;86;416;0;128;85;False;2014-09-16T09:25:23;True;False;1;2018-06-16T08:43:28;2018-06-16T08:43:28;4,8372;0,06;0;0,0;RT @iancairns01: Knew that looked familiar. 🤔 Portsmouth FK flashback. ⚽️ 🥅 #CristianoRonaldo #WorldCup #ESP #Por #PortugalVsSpain #PORESP…;;
3356441775;Phyzer_ke_nna;Sifiso Daniel;I've none positive to say about I, I'm a bad boy! Yes, I'm as bad as you can get!;Soweto;44;204;0;47;51;False;2015-07-03T09:20:48;True;False;1;2018-06-15T10:57:01;2018-06-15T10:57:01;4,6364;0,05;0;0,0;@CocaCola_ZA   Score prediction.  EGY 1 - 1 URU  #WorldCup;;
947536699311185920;Imanelson6;Imanelson;;;1;24;0;7;9;False;2017-12-31T18:35:28;True;False;1;2018-06-14T12:37:03;2018-06-14T12:37:03;24,0;0,05;0;0,0;"RT @BBCSport: ""One nation, one heartbeat,"" it reads.  But this billboard in Iran showing support during the #WorldCup features no women - a…";1;auto: 3/6 signals
123935341;umairnadeemb;Umair Nadeem;Head of Finance at Sefam Group. A Chartered Accountant. Traveller. Sports lover.;Lahore, Pakistan;31;423;0;213;122;False;2010-03-17T17:57:17;True;False;1;2018-06-15T11:27:37;2018-06-15T11:27:37;13,6452;0,04;0;0,0;RT @NaveedQurban: فیفا ورلڈکپ کےافتتاحی میچ میں روس نے سعودی عرب کو 5-0  سے ہرا کر نوازشریف کی نااہلی کی یاد تازہ کر دی  #WorldCup2018Russi…;1;auto: 3/6 signals
4074893001;WorldCup2018HQ;WorldCup2018HQ 🏆;"Live streaming high quality world cup 2018 matches

Follow the stream to watch all your favourite matches! : http://pscp.tv/WorldCup2018HQ…";🌍;395;10;1;4;29;False;2015-10-30T11:54:57;True;False;10;2018-06-14T15:33:26;2018-06-15T17:09:54;0,0253;0,03;1;10,0;Watch Portugal v Spain Live Online over on periscope  Tune in to: https://t.co/FrgEGF79IA  Starts @ 7pm GMT!… https://t.co/qYcNwAGOR6 ||| Watch Portugal v Spain Live over at: https://t.co/jaQgWHOac2  Starts @ 7pm GMT!  #WorldCup #PORESP https://t.co/sOfWOKKW2g ||| I will be live streaming Portugal Vs Spain tomorrow 7pm GMT over at: https://t.co/jaQgWHOac2  #WorldCup  #Portugal #WorldCupRussia2018 ||| RT @FIFAWorldCup: With that goal @Cheryshev becomes the first substitute to score in an Opening Match of the FIFA #WorldCup  #WorldCup  #RU… ||| RT @FIFAWorldCup: Aside from an injury to Alan Dzagoev, the perfect half from #RUS  #RUSKSA #WorldCup @TeamRussia https://t.co/1xQlNJtVpS;0;auto: 0/6 signals
606282264;dmccullough88;David mccullough;;Belfast, Northern Ireland;82;144;0;595;72;False;2012-06-12T10:13:33;True;False;1;2018-06-16T12:05:21;2018-06-16T12:05:21;1,7561;0,03;0;0,0;RT @Krowd9: This is the best video you’ll see today. School kids in Uruguay reacting to their late winner. More than a game. 😍🇺🇾 #WorldCup…;;
490689069;_un_giorno;jc guevara;#Argentina#Argentina#Argentina;;11;18;1;0;52;False;2012-02-12T20:19:27;True;False;1;2018-06-14T14:24:08;2018-06-14T14:24:08;1,6364;0,02;0;0,0;RT @FIFAWorldCup: 🏆😁 Who else is excited? #WorldCup https://t.co/Y9pWqJWvQv;;
873937175288487936;Eqhy77;rezki;;;1;111;0;3;6;False;2017-06-11T16:17:14;True;False;1;2018-06-15T21:55:35;2018-06-15T21:55:35;111,0;0,02;0;0,0;RT @tegarp69: Apakah gol kedua Cristiano Ronaldo ini adalah isyarat De Gea bakal gabung Real Madrid ? #WorldCup #Russia2018 #Por #esp;1;auto: 3/6 signals
812985729194360832;thechosen45;Dave;;Australia;1;11;0;0;3;False;2016-12-25T11:37:57;True;False;1;2018-06-15T12:50:14;2018-06-15T12:50:14;11,0;0,01;0;0,0;@OptusSport #OptusSport is trending now, and for all the wrong reasons. There’s going to be a lot of refund request… https://t.co/Qu1fccujbB;;
2716135422;querafael1;Rafael Queiroz;;;1;27;0;28;13;False;2014-08-08T04:33:34;True;False;1;2018-06-14T15:38:31;2018-06-14T15:38:31;27,0;0,01;0;0,0;Second Part of our #WorldCup article is published! This time we go deeper into #charts, #workbooks and #reports abo… https://t.co/xe0LVYGXBI;;
1007694767629709312;Ems20785767;Ems;“Humble and kind..” 😊;Kuwait;0;14;0;1;1;False;2018-06-15T18:42:09;True;False;1;2018-06-15T19:01:57;2018-06-15T19:01:57;0,0;0,0;0;0,0;World Cup 2018 #WorldCup https://t.co/RY57tRr29k;;
1007820292876480512;DwiAjiD1;Dwi Aji Darmawan;"June '94
Simple, Be grateful for what it is";Tegal;0;27;0;0;1;False;2018-06-16T03:00:57;True;False;1;2018-06-16T03:33:58;2018-06-16T03:33:58;0,0;0,0;0;0,0;Usia bukanlah halangan hahaa https://t.co/ifraBNWae7;;
1008153668313468928;68k3nj6dXvNabmo;حسنين العصيمي،;;;0;0;0;0;19;False;2018-06-17T01:05:39;True;False;1;2018-06-17T01:13:24;2018-06-17T01:13:24;0,0;0,0;0;0,0;RT @1a1anas: هذا القط تم أعتماده من لجنة المونديال في بيان رسمي وسيعتمد على توقعاته في المباريات.. القط آخيل توقع فوز #السعودية على #روسيا…;1;auto: 3/6 signals
1008195695424122880;cambios_juan;JuanCambiosOsorio;;;0;21;0;0;1;False;2018-06-17T03:52:39;True;False;1;2018-06-17T04:02:18;2018-06-17T04:02:18;0,0;0,0;0;0,0;Dicen que está es la posible alineación de mañana contra #Alemania lo que no saben es que el Caguamas Fabian va de… https://t.co/VfFYYe0AOy;;
1007009074632974336;MahMoud37583364;Mah Moud;;;9;6;0;6;5;False;2018-06-13T21:17:27;True;False;1;2018-06-14T19:27:08;2018-06-14T19:27:08;0,6667;0,0;0;0,0;RT @ayfaraho: بعثة المنتخب المصري إلى  #روسيا٢٠١٨ بالتوفيق إن شاء الله #Russia2018 #Egypt #Salah https://t.co/QHhz3pcdpw;1;auto: 3/6 signals
499417586;Noushadve;Noushad;;;2;3;0;0;2;False;2012-02-22T03:15:20;True;False;1;2018-06-16T09:59:28;2018-06-16T09:59:28;1,5;0,0;0;0,0;RT @YahooSports: tfw you score in four different World Cups.  #WorldCup https://t.co/PQGgpDCyG3;;
909447502608334848;_vigas_;Andre Vigario;;Seixal, Portugal;3;24;0;0;1;False;2017-09-17T16:02:36;True;False;1;2018-06-15T21:59:10;2018-06-15T21:59:10;8,0;0,0;0;0,0;RT @SPORTTVPortugal: Mundial 2018 | @selecaoportugal x @SeFutbol | 3-3 |  ⚽ @Cristiano 87' | Livre direto e o suspeito do costume fez isto.…;1;auto: 3/6 signals
2908030083;tchinakidzwa1;CHINAZ;THOMAS;Harare, Zimbabwe;4;53;0;0;1;False;2014-12-06T17:47:00;True;False;1;2018-06-15T04:55:10;2018-06-15T04:55:10;13,25;0,0;0;0,0;I’m behind the Super Eagles at the 2018 FIFA #WorldCup. Join @SuperSportTV in getting behind NIGERIA 🇳🇬 Click below… https://t.co/iDVrTNoVAm;;
2566853832;sertan3132;Nihat Can Boz ;;;2;74;0;0;1;False;2014-06-14T10:22:26;True;False;1;2018-06-14T18:14:32;2018-06-14T18:14:32;37,0;0,0;0;0,0;RT @conwaycimbom: 2006 Dünya Kupası elemelerinde Fatih Terim'in vur emri ve İsviçre milli takımını kovaladığımız anı hatırlayalım. #WorldCu…;1;auto: 3/6 signals
727132895492640768;12upSport;12up;24/7 sports news, opinions, videos & more. We knew the game was tied, JR.;New York, NY;26695;10345;146;696;13001;True;2016-05-02T13:49:26;True;False;1;2018-06-16T13:34:17;2018-06-16T13:34:17;0,3875;16,8;0;0,0;Tight first half. Who YOU rooting for? #WorldCup;0;auto: 0/6 signals
85803983;FifePolice;Fife Police;Not for reporting crime. Call 999 in an emergency & 101 for non-emergencies. Not monitored 24/7. Divisional Commander, Chief Supt Colin Gall - @ChSuptColinGall;Fife, Scotland;18162;265;196;1509;4809;True;2009-10-28T12:15:40;True;False;1;2018-06-14T07:44:49;2018-06-14T07:44:49;0,0146;1,53;0;0,0;The #WorldCup kicks off today! What are your plans for it in the #Kingdom?  Whatever your plans, please remember th… https://t.co/keyJJykPPk;0;auto: 0/6 signals
2284573084;kevin11sheedy;Kevin Sheedy;Everton & ROI Legend available for PA, After Dinner & Motivational Speaking. Any Enquiries Contact enquiries@soccerspeaker.co.uk;Liverpool, England;30345;304;142;796;2309;True;2014-01-15T21:55:23;True;False;2;2018-06-16T16:11:11;2018-06-16T16:11:23;0,01;1,43;0;0,0;RT @irelandsocshirt: @FIFAWorldCup qualification evaded @FAIreland for the #worldcup in #mexico 1986 but we do have @jimbeglin beautiful @O… ||| RT @irelandsocshirt: @FIFAWorldCup qualification evaded @FAIreland for the #worldcup in #mexico 1986 but we do have @jimbeglin beautiful @O…;;
2940412301;AGAcemsit;AGAcemsit;"ENAM 162 :
De ki Şüphesiz benim namazım, ibâdetlerim, hayatım ve ölümüm âlemlerin Rabbi Allah içindir...";;16313;13700;15;12844;579655;False;2014-12-25T06:42:20;False;False;4;2018-06-14T19:51:10;2018-06-16T18:14:15;0,8398;456,78;1;4,0;RT @yenisafakspor: 2018 Dünya Kupası'nın şimdiye kadar en iyi performanslarından birini sergileyen Peru, Danimarka'ya 1-0 mağlup oldu. #wor… ||| RT @emirbereket: Hangi takım kazanır? #WorldCup ||| RT @aa_spor: 'Oynama şansı yüzde 100'e yakın'  Cuper'den Muhammed Salah açıklaması https://t.co/WgI4T6qOmh  #EGY  #rusya2018 #russia2018 #w… ||| RT @ragipsoylu: Saudi Crown Prince MBS is watching the 5th goal Russia scored against Saudi Arabia #WorldCup https://t.co/JUUjwuIP2j;1;
4721921953;__miralaluna;bri 🌙;booked & busy;Rooting for everybody black;577;111;42;66624;145803;False;2016-01-07T05:06:13;False;False;1;2018-06-15T19:08:00;2018-06-15T19:08:00;0,1924;163,82;0;0,0;RT @ChivaZ71: a whole lotta Mexico Jerseys for a country who hates Mexico https://t.co/piXip0hs5R;0;
774366110581923841;rbyby5;비앙카♩;"Actress, dance, singer.
~Korea world~~";Bucharest, Romania;512;939;14;30693;101894;False;2016-09-09T21:57:22;False;False;1;2018-06-17T10:50:34;2018-06-17T10:50:34;1,834;157,98;0;0,0;RT @Global_SHINee: [SCREENCAPS] 180617 SHINee Greeting for #WorldCup cr:keyoemi #SHINee #SHINee_TheStoryofLight #SHINee_IWantYou https://t.…;1;
976084317934964736;AboHeaba_4;A.AboHeaba 4;""" Live for nothing or Die for something ""...that's how we're and what we Do😎 Egyptian";Cairo, Egypt;601;2246;3;8263;10268;False;2018-03-20T13:13:30;False;False;2;2018-06-14T21:36:38;2018-06-17T00:08:23;3,7371;116,68;2;1,0;سورى يا مندوب بني صهيون الصراحه ..الشهر الكريم خلص خلاص و جفت الاقلام و رفعت الصحف ...اللى انت بتعمله دا هنا فى موا… https://t.co/FrmXSJ5jAY ||| التعادل يارررررررررب .... https://t.co/e8bsNqNclT;1;
2353773877;cabelIodrunk;yas quer o hexa 🇧🇷;""" There's no freedom like the freedom that comes from accepting yourself "" - Camila Cabello";Porto Alegre, RS;7631;2529;27;19112;183056;False;2014-02-20T20:43:16;False;False;1;2018-06-17T16:05:07;2018-06-17T16:05:07;0,3314;116,08;0;0,0;RT @miii_cabello: EU TE AMO MÉXICO O BRASIL TE AMA #GERMEX #MEX #VamosMéxico #WorldCup https://t.co/Nvk2lhMXcT;0;
2505388730;ProjectReaper;☠️(`･ω･´)P.Reaper ☠️;Huge #STLCards Fan, #Key/VisualArts Fan, #GTA Fan,Gamer (Both Old/New), English/español/日本人 /many more. I Apologize for all of the RTs. (｡•́︿•̀｡);Lawton OK USA An Awful Town;3173;1490;326;40986;169517;False;2014-05-18T20:00:46;False;False;10;2018-06-14T16:01:44;2018-06-17T14:37:48;0,4696;113,77;2;5,0;"Me he levantado esta mañana y me estoy preparando para el partido de Fútbol México vs Alemania ahora mismo (lo sien… https://t.co/EsNkYSPtUH ||| Como aficionado al fútbol de México, me gustaría decir que ustedes fueron el mejor equipo hoy en día, entonces Dina… https://t.co/1Om4R59YMM ||| 昨晩のハングアウトからちょうど起き上がった、少なくともアルゼンチンの1-1試合に生計を立ててアイスランドを見守らなければならなかったのは、彼らがアルゼンチンのゴリアテに対して彼らを根こそぎさせていたからだ。Congrats Iceland! #Worldcup #ISL ⚽️👍 ||| RT @kingmonkey25: Day 2 of the #WorldCup &amp; sticking with a football theme, here's a #megadrive game I've owned for some time but never actu… ||| Hmm!? Who to go for between #POR or #ESP and this GroupB matchup. As a fan of Mexico football that have favors for… https://t.co/eP0E16DmDe";0;
2815975981;armxxni;chinita 🇦🇷;;club atlético river plate;5724;1545;24;295;140989;False;2014-09-18T00:23:50;False;False;2;2018-06-16T14:14:55;2018-06-16T17:52:42;0,2699;103,14;0;0,0;RT @footbaIIedition: De que jugador les gustaría que subiera icons? #Rusia2018 #WorldCup ||| RT @lulopilato: VAMOS ARGENTINA!! #russia #worldcup #argentina https://t.co/igArVQPQ7m;0;
2192887524;truthtotweet;tellthetruth;"Do NOT add me to any lists w/o permission. You'll be blocked.
Info junkie, easily entertained. Fan of #TheInfotainers everywhere. RTs do not imply endorsement.";Anywhere I want to be;1359;1342;1;0;133564;False;2013-11-13T20:31:14;False;False;1;2018-06-15T23:09:52;2018-06-15T23:09:52;0,9875;79,74;0;0,0;RT @IPM_Prime: Predict Maddow's conspiracy theory if Russia wins #Worldcup2018;0;
27198487;pamatluing;Pam Baker;"Reputedly retired; likes cats, dogs, gardens, museums, books, photography, gadgets.";Isle of Luing, Scotland;3706;4755;276;27135;239230;False;2009-03-28T08:06:19;False;False;2;2018-06-14T12:24:13;2018-06-14T21:52:20;1,2831;71,09;0;0,0;RT @ShehabKhan: Apparently Donald Trump is watching the #Russia and #SaudiArabia game at the #worldcup- not knowing which side he's suppose… ||| RT @Number10cat: I predict that Achilles the Cat will get fed up of being made to look silly and will scratch someone... #WorldCup https://…;;
705856621;__March10;val❣️;19😛 || PHS 2k18🎓;;3255;2279;11;34382;127653;False;2012-07-19T21:53:37;False;False;1;2018-06-15T15:59:27;2018-06-15T15:59:27;0,7002;59,21;0;0,0;RT @ChivaZ71: a whole lotta Mexico Jerseys for a country who hates Mexico https://t.co/piXip0hs5R;;
1102228130;vengefulpasta;🌿;;;826;715;15;26587;111799;False;2013-01-18T22:53:41;False;False;1;2018-06-16T05:56:24;2018-06-16T05:56:24;0,8656;56,64;0;0,0;RT @ChivaZ71: a whole lotta Mexico Jerseys for a country who hates Mexico https://t.co/piXip0hs5R;;
2429725092;MiracoloDiGigi;Zak | Grazie Gigi ❤;"Stressed, depressed, Italian football obsessed. —; Gay af for footballers, especially Gianluigi Buffon. || Artist & Writer || #NoGoodSquad || 03/08/17 🖤";🏳️‍🌈 He/Him | #Menefreghismo;1357;416;46;48098;86242;False;2014-04-06T02:13:53;False;False;3;2018-06-14T16:35:31;2018-06-14T16:44:21;0,3066;56,37;0;0,0;Yeah people are frowning upon the host countries for World Cup 2026 but at least we don't have to put out a warning… https://t.co/cSTtbsbaoq ||| RT @ShortList: What happened when I tried to book a room for two gay men during the Russian World Cup https://t.co/dFCsNHlJ4X #WorldCup2018… ||| I'm gay and I like football, what does that make me? 🤔 https://t.co/MlYizjCLFS;;
4735821436;FeiJkf;jkf.fei@gmail.com;"Advies & ondernemen Solutions Bedrijfskundig, faci en hotellerie.
Op onconventionele/onorthodoxe wijze publiekelijk uiten, om het maatschappelijk NUT te dienen!";Nederland;1426;4998;49;9429;48605;False;2016-01-07T15:37:53;False;False;1;2018-06-16T20:19:03;2018-06-16T20:19:03;3,5049;54,55;0;0,0;RT @arrestatieteamz: Drunk taxi driver plowed into crowd of fans, tried to run away but was caught by stand byers. One Mexican in critical…;;
433823916;swkk97;strawberry;• lay hunhan exo • jaebom got7 • taeten jeno jaemin nct • ทุกๆอย่างเริ่มจากจุด ไปจนไม่มีที่สิ้นสุด📚;Songkhla, Thailand;383;216;1;2052;121273;False;2011-12-11T02:24:30;False;False;2;2018-06-16T02:30:36;2018-06-16T02:30:50;0,564;50,98;0;0,0;RT @guidetae: แฮตทริกของโรนัลโด้ใส่สเปนสร้างสถิติมากมาย - คนแรกที่ซัดแฮตทริกใส่สเปนในบอลโลก - นักเตะอายุมากที่สุดที่ทำแฮตทริกในบอลโลก - แฮต… ||| RT @Dujun_Pope: ฟรีคิกจากโรนัลโด้ช่วยให้โปรตุเกสเสมอสเปน 3-3 พี่โด้แฮททริกจ้าวันนี้ สุดยอดดดมากกกก งามมากกก #WorldCup #สวัสดีบอลโลก https:/…;;
4754416828;MBrito38;Brito 🇵🇹;🇵🇹🇦🇴;;473;96;9;23626;44607;False;2016-01-09T12:36:57;False;False;37;2018-06-14T14:02:08;2018-06-17T14:05:35;0,203;50,12;3;12,33;RT @FCPorto: 🇲🇽 #FCPorto #MEX #WorldCup #mundialazulebranco https://t.co/t1GGMnDik6 ||| RT @B24PT: Que livre de Kolarov! #WorldCup https://t.co/91NtlnKEbq ||| RT @transf_min: E que golo de Aleksandar Kolarov 🔥 #CRC 0-1 #SRB #CRCSRB #WorldCup https://t.co/JeuhGvpO08 ||| RT @B24PT: Candidato a momento mais fofo do #WorldCup 😍 https://t.co/FvQKGfw2u3 ||| RT @B24PT: Times Square parou para ver o livre de Ronaldo contra Espanha. #WorldCup https://t.co/Yq4VQ1tSSI;;
878116000603885568;yoshinagayamato;VESPERIA PORT + NEW SMASH!!!!!;do you want to live forever? || 🌊 @takarakyou & @shingokomoi 🌊;switchtsuki : 46 💎;133;364;3;21902;17402;False;2017-06-23T05:02:23;False;False;1;2018-06-15T16:47:21;2018-06-15T16:47:21;2,7368;48,75;0;0,0;RT @ChivaZ71: a whole lotta Mexico Jerseys for a country who hates Mexico https://t.co/piXip0hs5R;;
134538219;LINAPALMA;Lina Palma;De Aracataca y Santa Marta. Cuenta personal. Amo el CAYEYE, amo el caribe. ❤ Militante de @fzciudadana;Santa Marta, Colombia;31593;4770;154;32256;145074;False;2010-04-18T18:24:09;False;False;4;2018-06-14T14:34:08;2018-06-14T14:38:39;0,151;48,72;0;0,0;'Angel' con la soprano rusa. Bellísimo. #WorldCup @robbiewilliams es hermosa esta inauguración. ||| I just want to feel real love #WorldCup #WorldCupRussia2018 @robbiewilliams ||| Wowww qué belleza #WorldCup #MundialRusia2018 ||| Excelente energía #WorldCup @robbiewilliams;0;auto: 0/6 signals
479223838;dattisan;ダッチさん;アラフォー男子。 スポーツからテレビ番組、アイドルまで幅広く。 横浜DeNA/グランパス/グラドル/SKE箱推し、今年は竹内彩姫さん強め推し。愛犬はこころ君。 ハンドルネームAki OKADA;愛知県・クルマの街;397;371;11;1293;107103;False;2012-01-31T04:31:49;False;False;12;2018-06-15T12:24:52;2018-06-17T16:50:49;0,9345;45,99;2;6,0;ジャイキリ達成！！！ #WorldCup ||| 残り15分までメキシコ持たせられるかな？！そこまで行ければ勝てそう #WorldCup ||| いやあ濃ゆい前半だった #WorldCup ||| メキシコ🇲🇽このペース守れたら勝てるかもなぁ。飛ばし過ぎ感はあるけど。 #WorldCup ||| RT @_d_s_7_: ハリルホジッチが目指していた縦に速いサッカーの完成形を見ているよう #WorldCup;0;auto: 0/6 signals
2602451119;lbottomhtops;ally;fan account;;1026;703;6;26649;66105;False;2014-07-03T23:43:20;False;False;1;2018-06-14T18:46:01;2018-06-14T18:46:01;0,6852;45,87;0;0,0;RT @HarryBRCom: Que venha o hexa. #WorldCup https://t.co/oitvwRO7nv;;
571592019;AliffNaqiudding;Alip Nakudin;Of food, sleep, movie and shada ❤️🐒;ShadaShamsul’s ❤️;721;298;16;1220;101307;False;2012-05-05T06:34:08;False;False;1;2018-06-15T11:19:51;2018-06-15T11:19:51;0,4133;45,39;0;0,0;RT @FutballTweets: 🇪🇬 RT for Salah  🇺🇾 Like for Suarez  #WorldCup https://t.co/Nmq4FZ5Z0D;;
192336675;RafaelTroche_;Rafael Troche;;República Domicana ;1013;321;3;1052;127118;False;2010-09-18T21:16:23;False;False;1;2018-06-15T21:36:37;2018-06-15T21:36:37;0,3169;44,97;0;0,0;RT @WorIdCupUpdates: 04: Portugal 1-0 Spain 24: Portugal 1-1 Spain 44: Portugal 2-1 Spain 55: Portugal 2-2 Spain 58: Portugal 2-3 Spain 88:…;;
39502732;tokoyo;Чебурашка(類似品に注意);ともだちのいない風狂;南十字星共和国;1648;1176;116;4;147512;False;2009-05-12T13:50:57;False;False;1;2018-06-17T12:10:05;2018-06-17T12:10:05;0,7136;44,4;0;0,0;RT @foot_ch: メッシのPK止めたアイスランド守護神は“二刀流”の超苦労人  30歳で本格的にプロ選手としての道へ。映像監督としての顔も  自らワールドカップに向けて制作したコカ・コーラのCMは鳥肌ものの出来  https://t.co/Q2sqrWft8q #Wor…;;
194523774;_hasrul;hasrul;;;801;347;21;1700;120284;False;2010-09-24T10:27:08;False;False;2;2018-06-14T04:49:45;2018-06-17T01:22:23;0,4332;42,62;2;1,0;RT @photosofootball: Iceland keeper Halldorsson is a filmmaker who made the video for Iceland's 2012 Eurovision entry and their promo video… ||| RT @ENTERSHIKARI: 🤔 https://t.co/KLblAhawuJ;;
2202070914;FilipeeVieiraa;Vieira;Tens a certeza que não sou teu pai?;Leiria, Portugal;1795;719;3;24712;68644;False;2013-11-18T22:22:39;False;False;1;2018-06-15T14:02:09;2018-06-15T14:02:09;0,4006;41,13;0;0,0;RT @B24PT: GOLO! Giménez inaugura o marcador aos 90'!  #EGYURU #WorldCup https://t.co/309wGqlvhU;;
493193026;3beed70;عبَدالله إِنترهلالَ☾;الـ إنّتر مَرض جَمِيل .. 💙🖤 @inter | @alhilal_fc; Riyadh ;1133;103;25;282;91372;False;2012-02-15T14:56:20;False;False;8;2018-06-14T14:23:23;2018-06-17T13:25:55;0,0909;39,5;2;4,0;RT @Inter_ar: 🔜🇧🇷| اليوم جاء الدور على @miranda023 والبرازيل   من منكم سيشاهد مباراة الليلة؟ 👀  #WorldCup #INTERnationals #FCIM https://t.c… ||| RT @Inter_ar: أول فوز فى أول مباراة لـ #بيريستش و #بروزوفيتش مع @HNS_CFF i فى المجموعة الرابعة 👊  #WorldCup #CRONGA  #INTERnationals ⚫️🔵  📸… ||| RT @Inter_ar: الجولة الثالثة ضمن منافسات كأس العالم #روسيا٢٠١٨ وأول مباراة لثنائي كرواتيا 🇭🇷 #بيريستش و #بروزوفيتش 💪  هل أنتم مستعدون لمتاب… ||| RT @Inter: Oggi inizia il Mondiale di @vecino! 🔜🇺🇾  Da dove seguirete #EgittoUruguay? 🌍  #WorldCup #InterNazionali #FCIM https://t.co/VMrhm… ||| RT @TheRealParslow: How the goalkeeper catches the ball with closed eyes 😂😂😂No wonder Russia scored 5 goals.... #RUSKSA #WorldCup #SSFootba…;;
625887729;luvmyareh;:: ell ::ㅤ;whatever you're doing right now, whatever you're thinking, or worrying about. stop. take a huge breathe in, and just enjoy being alive.;Shangri-La;2268;1557;17;19880;83691;False;2012-07-03T19:13:10;False;False;1;2018-06-14T15:30:57;2018-06-14T15:30:57;0,6865;38,55;0;0,0;RT @FIFAWorldCup: Reunited with the #WorldCup trophy 😍🏆  Thanks, @IkerCasillas, we always knew you had safe hands 🙌 https://t.co/7PJGXitCvT;;
303661592;Rezajag;Statsløs;خدایت آنقدر بخشنده است که قاتلی توبه کار را میبخشد اما آنقدر ستمگرست که انسانی با اخلاق را به جرم اعتقاد نداشتن به او(خدا) مجازات میکند;🇩🇰 🇸🇪;4950;129;71;202888;96388;False;2011-05-23T07:53:06;False;False;9;2018-06-14T17:08:03;2018-06-17T15:35:33;0,0261;37,33;2;4,5;انصافا مکزیک از المان خیلی سرتر بازی میکنه..  گل زد مگزیک 😀😀👏👏👏  #WorldCup ||| اآووف این بازیه واقعا. المان- مکزیک   #WorldCup https://t.co/SBZtxsNcOL ||| همه اینو کوت کردن و نظرشونو گفتند،جز من. منم خواستم اضافه کنم که این کانال حامی فمنیسم،اون حرف منو که همواره میگم :… https://t.co/Q4BbDTqQec ||| RT @Black__Opium: شبکه حامی فمنیزم و حقوق زنان. عکس سمبل ظلم رو می‌ذاره به عنوان زن ایرانی. حالا باز خود دانید، برید با «پشم افشان» و رفیق‌… ||| «وقتی اسپانیا و پرتغال باهم مساوی می‌کنند و واسه صدر نشینی می‌خوان از ایران امتیاز بگیرن...»  #WorldCup #جام_جهانی https://t.co/vFJsImVd7Q;0;auto: 0/6 signals
248536103;baraary;Hootan Baraary;The Man Who Sold The World |  #TTC_FA Moderator;Iran - Qā'em Shahr;2071;340;84;205644;99364;False;2011-02-07T06:10:43;False;False;4;2018-06-15T17:27:56;2018-06-16T09:32:33;0,1642;36,99;0;0,0;RT @sahar_hb: وضعیت ایران ما بین اسپانیا و پرتغال  #worldcup https://t.co/9lQ4PrHL6b ||| RT @ali_appleseed: And hats off to #Ronaldo A hattrick for #POR against #ESP in #WorldCup ? That's just brilliant. #PORESP #MOTM #WorldCupR… ||| RT @ali_appleseed: این رکوردو هم ببین. :)))))) https://t.co/Ldl7tRGuT5 ||| RT @ali_appleseed: رکوردو ببین. :)))) https://t.co/xcCyTpryC4;;
164287753;RBEZZATO;Roberto Bezzato (h);Administrador rural.Hijo de Productores Agropecuarios, Delegado Zonal de la Sociedad Rural Argentina, Rugbier frustrado y entusiasta seguidor de Polo y Cricket.;Zona Rural. Río Tercero.;2328;2846;40;10833;106805;False;2010-07-08T14:12:43;False;False;1;2018-06-14T21:24:33;2018-06-14T21:24:33;1,2225;36,85;0;0,0;RT @FIFAWorldCup: We are rivals, but we live football together!   Capture your moment with a rival fan, share it with #RivalHug and win a t…;;
2891115389;Stella_Vaskoudi;Stella Vaskoudi;Political Scientist. Communicator. RTs on #EU, #comms, #digitalagenda, #energy, #Greece, #Brussels, #UK, #Brexit. Tweets are my own. RTs are not endorsements.;Attica, Greece;1300;2052;791;3625;45911;False;2014-11-24T18:16:25;False;False;2;2018-06-14T07:32:06;2018-06-15T12:32:07;1,5785;35,37;1;2,0;"RT DSMeu ""Will you go on holidays soon and you fear that you might miss a #WorldCup game? No need to worry. Thanks… https://t.co/AbB6Jrldc5 ||| RT DSMeu ""RT Ansip_EU: Travelling in another EU Member State &amp; don't wanna miss matches of your favourite team… https://t.co/9KTXCFQXGk";0;auto: 0/6 signals
2697027187;DjHef216;Hef Mack;22. Producer. Club/Event/Host Dj at Ohio University. #HefBeats #DJHef contact/booking email: DjHef216@gmail.com #MusaEnt #MackEnt #NerveDjmixtapes IG: DjHef216;216;1283;977;15;39334;49758;False;2014-08-01T01:19:04;False;False;1;2018-06-16T01:03:03;2018-06-16T01:03:03;0,7615;35,19;0;0,0;RT @ChivaZ71: a whole lotta Mexico Jerseys for a country who hates Mexico https://t.co/piXip0hs5R;;
850787053;keymah98;Kim;Allah razı olsun.                                               #GGMU #Germany;TGG;1233;1831;9;5118;72754;False;2012-09-28T09:44:21;False;False;22;2018-06-14T02:38:24;2018-06-17T14:21:01;1,485;34,84;3;7,33;RT @DFB_Team_EN: TEAM NEWS 📋 Here's how we line up for our #WorldCup opener 🇩🇪🇲🇽  #DieMannschaft #ZSMMN #GERMEX https://t.co/2m7PpIuNWn ||| RT @MesutOzil1088: M A T C H D A Y ! ⚽️💥🇩🇪 #M1Ö #Worldcup2018 #GERMEX #DieMannschaft #Predator https://t.co/cRSMZNgFal ||| RT @FIFAWorldCup: On this day in 2006, @TeamMessi scored his first #WorldCup goal for @Argentina...  #ISL will be hoping he does not add to… ||| RT @FIFAWorldCup: #FRA WIN!  A tough match for @FrenchTeam, but they get their #WorldCup campaign off to a winning start.   #FRAAUS https:/… ||| #FRAAUS #WorldCup;0;auto: 0/6 signals
112010128;raispfc_;Rai Vieira 🇧🇷;• SP, 19 || São Paulo FC 🇾🇪 || 📽🎬🎤📺📰🖤 •;zona sul ;4313;902;16;4843;105295;False;2010-02-06T23:31:36;False;False;2;2018-06-14T19:29:45;2018-06-16T15:31:48;0,2091;34,51;1;2,0;RT @SaoPauloFC: Confira a escalação do #PER para enfrentar a #DEN, com Cueva confirmado como titular. #TricolorNaCopa 🇾🇪 https://t.co/rlcbC… ||| RT @legendarychld: AH MEU DEUS OS FILHOS DELE LEVARAM A TAÇA E O CHAPEU DELE #Russia2018 https://t.co/4mGgMIYU32;;
461999168;HeelWillMahoney;Will Mahoney;See me on the #SnackSociety YouTube channel, hear me on the @BGBGroup Podcast! 30 plus years of pro wrestling, MMA & DC sports. Lover of whiskey, wine & good TV;The Snack Aisle;11576;436;100;168490;79585;False;2012-01-12T12:59:23;False;False;8;2018-06-16T13:32:33;2018-06-17T16:43:48;0,0377;33,89;1;8,0;Man, #GER feeling like it's unraveling.  Killing me here.  #GERMEX #WorldCup ||| Only a matter of time before #GER gets one of these strikes in...  #GERMEX #WorldCup ||| Whew, what a first half! 😰  Ready to see #GER come out with guns blazing!  #GerMex #WorldCup ||| Mexico really bringing the heat against Germany.  Kind of wild there are no goals yet.   #GERMEX #WorldCup ||| OOPS!!!!  #PERDEN #WorldCup;0;auto: 0/6 signals
1862203814;EwRepublicans;R A N D I;on 24/7 and this account is political ▪️⚢🏳️‍🌈▪️;;71;119;0;9479;58199;False;2013-09-14T00:51:07;False;False;1;2018-06-15T06:11:00;2018-06-15T06:11:00;1,6761;33,54;0;0,0;RT @ChivaZ71: a whole lotta Mexico Jerseys for a country who hates Mexico https://t.co/piXip0hs5R;;
4192911387;lelerma8;🍯;sofiane💓 los dias que tu juegas son todo lo que soy @realmadrid | hlel gang🤞🏽;Dijon, France;569;212;20;13799;31110;False;2015-11-15T09:40:14;False;False;1;2018-06-17T15:23:04;2018-06-17T15:23:04;0,3726;32,92;0;0,0;RT @selmilasnature: i'm sorry but this is beautiful 🇵🇹 #WorldCup https://t.co/4T5wFIMEBa;;
323953540;harryestilo;claudia;All the love ig: claudiacrvieira;brasil 08.05.14;10869;6976;17;1413;83294;False;2011-06-25T18:36:16;False;False;1;2018-06-15T04:36:09;2018-06-15T04:36:09;0,6418;32,72;0;0,0;RT @IgorNavarroBFR: Mohamed Salah liberado para o jogo de amanhã entre Egito x Uruguai pelo grupo A.  #WorldCup2018 ⚽ 🇷🇺 https://t.co/Jljfs…;;
922766316;akmlhzq;haziq;;;661;402;4;19814;64766;False;2012-11-03T08:48:00;False;False;2;2018-06-16T15:04:14;2018-06-17T16:35:20;0,6082;31,56;1;2,0;RT @WorIdCupUpdates: 2002 ✅ 2006 ✅ 2010 ✅ 2014 ✅ 2018 ✅  #MEX’s Rafa Marquez - 39 years old has just come on to appear in his fifth #World… ||| RT @Football__Tweet: You know it's Messi when...  #WorldCup #ARG https://t.co/7jNHqqBOkP;;
74949938;vinoant;Vino R. Butarbutar;My Life is My Choice! but, Heaven is my Final Destination! 'Sombong sih engga, Tapi kalo Songong udah pasti' | Matthew 5:9;Ja...uhh Dilubuk Hatimu!;552;469;2;577;99822;False;2009-09-17T06:27:37;False;False;1;2018-06-15T16:54:50;2018-06-15T16:54:50;0,8496;31,26;0;0,0;RT @LMessifanclub: #WorldCup #Argentina #ARG #LeoMessi https://t.co/2QpRs26HRS;;
153993905;cherry335;cherry335;ギターが好きだったり鉄道が好きだったりレースが好きだったり・・・時折銀英伝ネタばかりだったり・・・;;562;518;17;49507;89719;False;2010-06-10T02:53:48;False;False;1;2018-06-16T11:40:51;2018-06-16T11:40:51;0,9217;30,64;0;0,0;RT @hana_taro2014: これが高所恐怖症が即卒倒しちゃうスタジアム エカテリンブルク・アリーナか...恐怖ｗ #WorldCup https://t.co/85IHncHPFZ;;
855221502698016768;grassgummi;august @ rewatching naruto;son chorizos ⚓️@chompcraft⚓️ art only: @cioudroute;;123;147;0;4038;12527;False;2017-04-21T00:47:50;False;False;1;2018-06-15T15:30:14;2018-06-15T15:30:14;1,1951;29,83;0;0,0;RT @ChivaZ71: a whole lotta Mexico Jerseys for a country who hates Mexico https://t.co/piXip0hs5R;;
321562075;Kaboom_13;Kaboom;Feelings are much like waves. we cant stop them from coming but we can choose which ones to surf;Dublin;2415;549;49;17291;75704;False;2011-06-21T19:33:22;False;False;8;2018-06-14T14:34:43;2018-06-17T16:09:17;0,2273;29,66;3;2,67;Trying to put my finger on what it is that #Germany are missing. Its @LeroySane19 #GERMEX #WorldCup2018 ||| So Keith Andrews grew up to be Mrs Brown? @MrsBrownsBoys @brendanMrsBrown #RTEsoccer #WorldCup https://t.co/K3gqCE2oMY ||| We need to talk about Keith Andrews hair #RTEsoccer #WorldCup ||| Penalty correct decision. Come on #Croatia #WorldCup ||| Lots of empty seats and the #PORSPA game #WorldCup2018;0;auto: 0/6 signals
96434688;FOHeming;Henry Heming;Lover of flightdeck sunshades, flap motor sounds and LHR's PA Bing Bong! I film my travels for YouTube. Views are mine & do not represent my employer.;London, England;5201;1010;72;27091;92044;False;2009-12-12T22:48:14;False;False;2;2018-06-14T12:31:02;2018-06-16T13:18:54;0,1942;29,62;2;1,0;RT @BBCMOTD: When you realise you're walking out with Lionel Messi! 😮😯😎😏  Live: https://t.co/mmmjVO83nR  #ARGISL #WorldCup #bbcworldcup #AR… ||| RT @bbc5live: This is a novel take on collecting football stickers.  Husband and wife couple Alex and Sian Pratchett @CheapPanini are aimin…;;
996089775252758529;Abdo33986935;💖 هكمل حلمي 2💖;"#تيران_وصنافير_مصرية
#ابريلي_وافتخر";مصر;118;267;0;276;919;False;2018-05-14T18:08:03;False;False;1;2018-06-16T00:45:52;2018-06-16T00:45:52;2,2627;28,72;0;0,0;RT @Cairokeeboost: همشى طريقى و برضوا هكمل  و لو الدنيا قصادى أتحمل أدرينالينى هيخلينى .. أرجع أقوى كتير مـ الأول. #Egy #WorldCup https://t…;;
95043215;Mariodeleonn;MARIO DE LEÓN⚡;;Mx;9858;195;15;202;88284;False;2009-12-06T18:06:47;False;False;1;2018-06-14T22:10:30;2018-06-14T22:10:30;0,0198;28,37;0;0,0;RT @FIFAWorldCup: #RUS 5-0 #KSA The hosts kicked off the #WorldCup in style! #RUSKSA #WorldCup  🎥 Highlights 👉 https://t.co/45RI1wVGal 👀 TV…;;
800851496;Wesleroso;100% Wes.;Diga ao primeiro que passa que eu sou mais da cachaça do que do amor. 🍺}♥️;Curado, Recife;10002;7285;6;19760;59702;False;2012-09-03T17:33:51;False;False;1;2018-06-15T16:50:46;2018-06-15T16:50:46;0,7284;28,29;0;0,0;"RT @FuTwiitter: ""Dobby não tem mais nenhum senhor! Dobby é um elfo livre e veio para salvar Harry Potter e ve a Copa do Mundo"" #WorldCup ht…";;
88073450;KingBeebz;BB;Unofficial Red Bull spokesperson.;The Winner’s Circle;476;149;15;11769;86024;False;2009-11-07T00:33:35;False;False;1;2018-06-15T18:07:55;2018-06-15T18:07:55;0,313;27,38;0;0,0;RT @ESPNStatsInfo: Cristiano Ronaldo (#POR) is the 4th player to score a goal in 4 different World Cups (2006, 2010, 2014, 2018)  He joins…;;
334790826;JamesCairns18;James Cairns.;;Prestatyn, North Wales;2210;1687;13;5;66702;False;2011-07-13T17:36:25;False;False;2;2018-06-16T20:32:16;2018-06-16T20:51:51;0,7633;26,36;0;0,0;RT @GaryLineker: Love this. Football, folks. Nothing quite like it. https://t.co/CYLR0giOFg ||| RT @Krowd9: This is the best video you’ll see today. School kids in Uruguay reacting to their late winner. More than a game. 😍🇺🇾 #WorldCup…;;
580175601;Ajim_MH;Hazim BSK;menulis dengan hati, tweet pakai ibu jari. kadang2 kelakar orangnya;Pasir gudang, Johor;15071;5513;28;293;57006;False;2012-05-14T18:01:19;False;False;1;2018-06-17T09:29:28;2018-06-17T09:29:28;0,3658;25,63;0;0,0;RT @EhhSyxx: DEMAM #WorldCup 2018 DAH MULA 🔥  100 Pembelian pertama akan dpt FREEGIFT lanyard edisi world cup 2018, https://t.co/u58MHwYB38…;;
245523038;SouthseaOne;Michael;Northerner. Half Scot. Physics grad. Software Engineer. Liverpool supporter. Leftist. Retweets not always personal endorsement. Tweets solely personal opinion;Southsea, EU;289;398;27;14306;67458;False;2011-01-31T22:00:44;False;False;1;2018-06-14T11:15:10;2018-06-14T11:15:10;1,3772;25,08;0;0,0;RT @iainaxon: Here’s the view from the top of the stand in Yekaterinburg. My legs were shaking when I was up there - the views are spectacu…;;
992751519048101888;3dprint_info;3dprint;;;47;165;0;2058;1053;False;2018-05-05T13:03:01;False;False;2;2018-06-17T06:16:45;2018-06-17T09:17:08;3,5106;25,07;0;0,0;RT @_FPLtips: UPDATE for Round 1 (Day 4):   T. Mueller (vs MEX) takes over the captain's armband. Danilo and G. Jesus (vs SUI) also to play… ||| RT @CallMeReelax: Eeeehmmmm are we going to forget the #WorldCup and shift our focus to Beyonce and Jay Z #EverythingIsLove ???   Asking fo…;;
4068504767;_thuler;feıtosa🇧🇷;sofrendo por futebol;setor norte, maracanã ;1520;1259;4;36790;23713;False;2015-10-29T15:02:01;False;False;1;2018-06-15T19:17:15;2018-06-15T19:17:15;0,8283;24,7;0;0,0;RT @selecaoportugal: ⏱58’ Espanha passa para a frente com um grande remate de Nacho. Vamos, Portugal! Temos de dar a volta!  #PORESP | 2-3…;;
1403446092;Kazi_Styles;Katie;❝ Yeah, Can I Have A Uh Vanilla Latte With A Shot Of That Caramel Creamer ❞ ♡ Harry Styles ♡One Direction♡Cameron♡ Emblem3♡Justin♡Shawn♡O2L♡;"Under Niall's Bed ;)";3686;4292;19;51425;45367;False;2013-05-04T21:47:06;False;False;1;2018-06-15T13:47:13;2018-06-15T13:47:13;1,1644;24,3;0;0,0;RT @ChivaZ71: a whole lotta Mexico Jerseys for a country who hates Mexico https://t.co/piXip0hs5R;;
514613499;ProfJeffJarviss;#JeSuisProjectMaven;Hyperglocal thinkfluencer and unthinker. Cofounder @ Mogadishu//ReinvENT unconference. CEO Mogadishu Capital Partners LLC. Not @DrJeffJarvis or @JeffJarvis;NYC-MGQ-WWW;22919;1083;928;35091;55685;False;2012-03-04T18:25:13;False;False;1;2018-06-14T23:15:17;2018-06-14T23:15:17;0,0473;24,28;0;0,0;So excited for the #WorldCup! Can't wait to see all the players show off their range of #ballskills. Please Like and share if you agree.;0;auto: 0/6 signals
2899528582;KingLeoHawk;Leo Hawk 🔹;American,lives in Russia, very vocal 🧐🗣️ ANTI-WAR✌🏿 #MAGA 👌🏾 JERUSALEM IS PALESTINE though👍🏿🤞🏿;Moscow, Russia;595;165;37;53216;31186;False;2014-11-30T17:48:40;False;False;22;2018-06-14T09:57:54;2018-06-17T11:40:28;0,2773;24,1;3;7,33;RT @FortRussNews: This is what Russophobia looks like: #US scares citizens off #Russia travel, World Cup https://t.co/7Zcad5KsIY #Chauvinis… ||| RT @RT_com: Mexican football fans mock Trump at #WorldCup in Moscow (VIDEO) https://t.co/pqk78vjFM4 #MEX #Mexico https://t.co/ECyBVyx2uF ||| RT @invisibleman_17: #WorldCupRussia2018 #TheFinalCountdown  #WorldCup  WOW, the elephant showing his football skills....  Source: Gifaknet… ||| RT @EPLBible: Iceland have arrived at the #WorldCup https://t.co/SEeuNPvIUV ||| RT @RTSportNews: Viking clap: Iceland fans gear up ahead of team’s clash with Argentina later today – For UPDATES follow: https://t.co/BNeA…;;
101877431;otaviocollaco;🇧🇷 Oᴛᴀᴠɪᴏ Cᴏʟʟᴀçᴏ 🇵🇹;um homem sem vícios, só bebo e fumo quando jogo;Florianópolis, Brasil;658;231;3;5568;73070;False;2010-01-04T22:16:06;False;False;1;2018-06-16T04:05:50;2018-06-16T04:05:50;0,3511;23,69;0;0,0;RT @Jozsef_Bozsik: Só existe uma maneira de narrar uma Copa do Mundo de nações: esta aqui. O Galvão deveria fazer muito mais do que faz. E…;;
4544524950;Saffeaa;«N m S f»;All women are queens...;;401;167;9;29296;21641;False;2015-12-13T06:02:03;False;False;1;2018-06-14T16:30:48;2018-06-14T16:30:48;0,4165;23,68;0;0,0;RT @GordonRamsay: The #WorldCup starts today on @FOXSports and I've put together an amazing brunch menu to kick-off your morning ! Don't fo…;;
1079629495;Jealousmariana;mariana;Do nascimento até a morte, tudo é penitência;;869;557;1;11247;46837;False;2013-01-11T13:07:42;False;False;1;2018-06-14T16:47:37;2018-06-14T16:47:37;0,641;23,66;0;0,0;RT @legendarychld: AH MEU DEUS OS FILHOS DELE LEVARAM A TAÇA E O CHAPEU DELE #Russia2018 https://t.co/4mGgMIYU32;;
2250551628;FalaMeBemCrlh;Scott;FC.Porto  \ • #TeamPseudoVandalos •;;697;611;8;24023;37893;False;2013-12-17T15:13:28;False;False;26;2018-06-14T07:50:34;2018-06-17T11:33:59;0,8766;23,08;3;8,67;RT @B24PT: Parece que a Islândia levou uma boa parte dos habitantes para a Rússia. #WorldCup https://t.co/O1ZmUmeRDe ||| RT @transf_min: 🚨FIFA justifica a falta que não foi marcada antes do golo da Espanha🚨 Em comunicado, a FIFA afirma que a falta não foi marc… ||| RT @KingVidal96: QUERO VER ESSAS BANDEIRAS 🇵🇹 https://t.co/frN8SjP5gv ||| RT @iancairns01: Knew that looked familiar. 🤔 Portsmouth FK flashback. ⚽️ 🥅 #CristianoRonaldo #WorldCup #ESP #Por #PortugalVsSpain #PORESP… ||| RT @transf_min: “Demonstrámos que somos candidatos”. Fernando Santos. #PORESP #WorldCup https://t.co/aCvcxIgFuC;;
753035519756476416;NMeDejesIr;Samara 💌;30•06•2016 | Seguiré diciendo que para mí, todos y cada uno de ustedes son únicos e irrepetibles. Quédense siempre cerquita no se vayan nunca! {fan account};São Paulo, Brasil;323;177;1;1498;16120;False;2016-07-13T01:17:13;False;False;1;2018-06-17T15:45:47;2018-06-17T15:45:47;0,548;22,9;0;0,0;vai méxico faz mais um gol #MexicoVsAlemania #WorldCup;0;auto: 0/6 signals
183973602;Tantanayut;TANTALUM;NUD 7 & 10 | a medical student.;เป็นทุกอย่างให้เธอแล้ว;197;175;3;3542;62511;False;2010-08-28T10:41:11;False;False;1;2018-06-14T15:49:09;2018-06-14T15:49:09;0,8883;21,96;0;0,0;"RT @krupnan: ""การพนันไม่เคยทำให้ใครรวย"" ดูบอลเพื่อความสนุกดีกว่านะคะ #WorldCupRussia2018 #สวัสดีบอลโลก #WorldCup";;
381014603;Johnclown12;John Schoeman;"Divorced. Verlief op my werk. Geen tyd vir verhoudings nie. Hier vir stoute pret. Here for fun. RNSVL18

(NOTE: DONT ASK ME TO PAY)";Alberton, South Africa;817;1808;74;37704;52978;False;2011-09-27T16:14:34;False;False;1;2018-06-15T13:02:28;2018-06-15T13:02:28;2,213;21,61;0;0,0;Thanks @BudweiserSA for lighting up my profile pic. I'm behind Portugal all the way, they're going to #LightUpTheWorld this FIFA #WorldCup;0;auto: 0/6 signals
891644387343572992;cherrhyme;ต่ายโอเค แอมโอเค #BLACK_DRESS;"CLC #yujin
เยนยูยอนคือเรือสำราญ
จินกี้นั้นคือเรือพายที่ฉันจะไม่ปล่อย
#โนแอนตี้ #โนดราม่า";กรุงเทพมหานคร, ประเทศไทย;89;201;0;1097;6506;False;2017-07-30T12:59:22;False;False;1;2018-06-15T06:57:58;2018-06-15T06:57:58;2,2584;20,39;0;0,0;ฝรั่งเศสกับอาเจน อย่าเจอกันเองนะ พี่รักทั้งคู่ #WorldCup;;
716988890;chanyenol;duda;🌷;61;1551;152;6;866;43733;False;2012-07-25T23:39:50;False;False;1;2018-06-15T00:18:49;2018-06-15T00:18:49;0,098;20,34;0;0,0;😻 https://t.co/7cHXe9jeQU;0;auto: 0/6 signals
1109724859;AtlaasSquad;ειρήνη και αγάπη 🇲🇦;#LoneWolf 🐺;Paris ✖92✖;777;49;16;3372;39990;False;2013-01-21T18:21:02;False;False;1;2018-06-15T11:33:59;2018-06-15T11:33:59;0,0631;20,3;0;0,0;RT @Julienchaps: 🔥🔥 Jour-J pour le #Maroc qui retrouve 20 ans après la Coupe du Monde ! #Maroc - #Iran c'est cet après-midi 17h (Heure Fran…;;
881658007259676673;Will_8a;Will 🇳🇮;UCA - Nicaragüense por gracia de Dios 🇳🇮;Dallas, TX;195;382;0;5931;7037;False;2017-07-02T23:37:04;False;False;2;2018-06-14T17:37:31;2018-06-15T12:47:24;1,959;20,28;0;0,0;Que primer tiempo tan palmado #WorldCup ||| RT @StupidlygeniusK: 5 golazos de Rusia. #WorldCup;0;auto: 0/6 signals
591196045;Alioune_G;LunOo;#TEAMBARCA #Salihate;Dk’vie;5011;783;7;11775;44742;False;2012-05-26T19:40:10;False;False;1;2018-06-14T11:56:58;2018-06-14T11:56:58;0,1563;20,25;0;0,0;RT @OL: Jour de #WorldCup  Bonne compétition à nos Lyonnais !! https://t.co/JBTeVutCS4;;
34329149;CarlitaHidalgo;CarlaCarrilloHidalgo;Q.Roo #CarlosJoaquín I'm an emotional creatureThings dont come 2me as intellectual theories I love I don't take things lightly Scorpio Zurda OpinionesPersonales;Cancun, Mexico;7038;1368;65;11020;66929;False;2009-04-22T17:06:48;False;False;14;2018-06-14T14:37:29;2018-06-17T16:27:58;0,1944;20,03;3;4,67;#Video ❤️Solo los Mexicanos celebran así....!!! 👏🏻🇲🇽👏🏻  #Zocalo #Mexico #WorldCup #GERMEX https://t.co/WXVJ47bpqf ||| RT @OptaJoe: 7 - Germany have won their opening game in each of the last seven World Cups, including scoring 20 goals in their last four op… ||| #Mexico Qué bien les cayó ese “día de descanso” a los de la #MiSelección 😈 #MexicoVsAlemania #GERMEX #WorldCup ||| ¡Qué emoción! #Mexico 🇲🇽 Y ¡qué pinches nervios! ¡Vamos Mexico!!! ❤️ #WorldCup #GERMEX https://t.co/LXleFrzDlT ||| Uffff!!😭 Definitivamente tengo los sentimientos a flor de piel!❤️ -Aficionados y colombianos, levantan la silla de… https://t.co/d0GMZM9XHr;0;auto: 0/6 signals
134632982;celinavalosj;Celína Avalos;inmigrante, luchadora, & vividora — Mexicana hasta el tope 🇲🇽🌹| @UCLAlatino | ucla '19 | Retweets ≠ endorsements. Aquí se habla español.;;815;375;4;46764;59497;False;2010-04-19T01:09:33;False;False;1;2018-06-16T19:14:11;2018-06-16T19:14:11;0,4601;19,97;0;0,0;RT @ChivaZ71: a whole lotta Mexico Jerseys for a country who hates Mexico https://t.co/piXip0hs5R;;
1102269703;mondbazz_;ѧwilson javierѧ;sc // wilsonjavier FUCKHUMANITY. ON MY WAY TO BECOME A BADASS SURGEON.;Hogwarts OR;1540;866;7;20195;39349;False;2013-01-18T23:14:56;False;False;1;2018-06-15T22:22:36;2018-06-15T22:22:36;0,5623;19,94;0;0,0;RT @ChivaZ71: a whole lotta Mexico Jerseys for a country who hates Mexico https://t.co/piXip0hs5R;;
545505168;TheImaniB;bad. boujee. and blessed.;International Studies Major | Professional Dream Chaser;VA | GA;770;817;37;54855;44720;False;2012-04-04T20:33:47;False;False;2;2018-06-14T04:11:58;2018-06-15T17:01:34;1,061;19,77;1;2,0;RT @ChivaZ71: a whole lotta Mexico Jerseys for a country who hates Mexico https://t.co/piXip0hs5R ||| RT @KeishaBottoms: Soccer is truly an international sport and we look forward to the possibility of hosting the #WorldCup in our global cit…;;
521437953;Gabriellaaaa_97;Gabriella;straight outta Barbados 🇧🇧;Barbados/London;520;499;5;36377;45004;False;2012-03-11T16:02:36;False;False;2;2018-06-14T16:01:15;2018-06-15T13:11:16;0,9596;19,69;0;0,0;Growth is a beautiful thing 😭👏🏾 https://t.co/OsY76kFmWg ||| RT @ArsenalUrban: I really wanna know why Robbin Williams showed his middle finger at the opening ceremony of the #WorldCup https://t.co/Vn…;0;auto: 0/6 signals
3063794828;FeralelFeroz;Feral el Feroz;Master Catnip Farmer, Rodent Hunter, Member of Catnip Growers Guild;Redwood Country Northern CA;248;270;5;19511;23190;False;2015-03-06T01:22:17;False;False;1;2018-06-14T19:59:01;2018-06-14T19:59:01;1,0887;19,39;0;0,0;RT @GeneralCattis: What team does this cat play for? I don’t want to miss that match. #WorldCup https://t.co/OPqfG2lmm4;;
566607722;olboyleo;𝔬𝔩𝔟𝔬𝔶𝔩𝔢𝔬;23 | living my best life 🙏🏼;Dallas, TX;15345;582;6;4286;42914;False;2012-04-29T19:35:13;False;False;1;2018-06-15T22:16:49;2018-06-15T22:16:49;0,0379;19,18;0;0,0;RT @ChivaZ71: a whole lotta Mexico Jerseys for a country who hates Mexico https://t.co/piXip0hs5R;;
1911820592;Alicefrickard;Alice Rickard;Oh Dodie, voice so holy                                  If you don't like her, you can line up and blow me;England;1246;2861;13;58299;32943;False;2013-09-27T17:46:24;False;False;2;2018-06-14T14:32:14;2018-06-16T16:16:51;2,2961;19,13;2;1,0;RT @XOonTW: XO RECREATE #WORLDCUP GOALS  Watch now 👉 https://t.co/oaHlyodw0X https://t.co/PApqPLg0kB ||| RT @Jack_Maynard23: IT’S WORLD CUP TIME BABBYYY!!! 🙌🏻#WorldCup;;
349338544;jonnysalami0711;jonatan ruiz;UT Alumni \m/, Hook Em' ... IG:@jonnysalami0711;Dallas, TX;273;141;14;3852;47832;False;2011-08-05T23:19:40;False;False;4;2018-06-14T20:59:52;2018-06-17T15:33:53;0,5165;19,08;2;2,0;RT @DisraelTV: Herrera needed to be taking that kick 1000% smdh. #GERMEX #WorldCup ||| RT @FootballFunnnys: Hannes Þór Halldórsson:  - Film Director - #WorldCup Debut - Saves a Lionel Messi penalty - Secures Iceland a point  W… ||| RT @barstoolsports: #WorldCup https://t.co/T8HsyZSQoc ||| RT @Rubenidas: Just saw a kid at the #WorldCup opening ceremony with a Dallas Cowboys cap on. Boom!  #AmericasTeam #WorldsTeam #CowboysNati…;;
3937680196;ruinasforever;Pitoño;Si vienes a dar la lata te bloqueo y punto...;Aqui, justo aqui;549;212;4;5565;18400;False;2015-10-12T13:56:53;False;False;1;2018-06-15T11:51:37;2018-06-15T11:51:37;0,3862;18,85;0;0,0;RT @MarinhaPT: Camaradas da Armada Espanhola e hoje como vai ser?  Juntos no mar ganhamos todos e em especial os cidadãos.  Boa sorte. Com…;;
1072273086;Christopherrubb;christopher;;Toronto ;467;263;1;8623;36754;False;2013-01-08T23:18:26;False;False;1;2018-06-15T13:30:38;2018-06-15T13:30:38;0,5632;18,53;0;0,0;RT @ChivaZ71: a whole lotta Mexico Jerseys for a country who hates Mexico https://t.co/piXip0hs5R;;
28287342;joearrigo;Joe Arrigo;Publisher @InsideTheRebels on @247sports. @UNLVFootball analyst on MWCN. Contributor on @ESPNLasVegas & Raiders Insider on @Fox5Vegas & @gamebreakerhg LV sales;702 via 909 via 414;4780;2747;107;10973;61188;False;2009-04-02T05:16:08;False;False;1;2018-06-15T22:50:39;2018-06-15T22:50:39;0,5747;18,21;0;0,0;RT @gamebreakerhg: Apparently things aren’t progressing as fast as we’d like them to!!! https://t.co/agjCfYiboC;;
1639252242;MarioCosajay1;Mario;⚽FCBarcelona equipo #1 en el mundo⚽ Snapchat: marioc624   Batman fan;Guatemala;539;2226;15;57079;31875;False;2013-08-02T01:27:43;False;False;6;2018-06-14T03:59:07;2018-06-15T13:49:53;4,1299;17,93;1;6,0;RT @SportsJOE_UK: GOOOALLLLL!!!! Uruguay with the late goal. Surely the winner?! #worldcup ||| RT @WCGoalz: The #WorldCup officially starts today... https://t.co/thT0EliLrZ ||| RT @FIFAWorldCup: The 2018 FIFA #WorldCup begins in exactly 24 hours time!   Reply with an emoji to express how excited you are 🙌 https://t… ||| RT @FCBarcelona: 🌍 #BarçaWorldCup 🇨🇴 Quarter-finals in 2014 - how far will Yerry Mina and @FCFSeleccionCol go in this #WorldCup? https://t.… ||| RT @FCBarcelona: 👀 A group-by-group guide to our #WorldCup stars, courtesy of the #BarçaWorld Cup Show! https://t.co/RSER2lfrM8;;
3054327406;PeitosDaHansen;mirdis 🇧🇷;"que deus salve essa cachorrinha


¿fan account¿";peito da Dinah;839;1574;3;3807;21658;False;2015-02-22T23:33:54;False;False;1;2018-06-16T23:24:36;2018-06-16T23:24:36;1,876;17,91;0;0,0;RT @legendarychld: AH MEU DEUS OS FILHOS DELE LEVARAM A TAÇA E O CHAPEU DELE #Russia2018 https://t.co/4mGgMIYU32;;
236157220;Darqseyd;Señor Chigurh;Death by Elocution.;Las Noches, Hueco Mundo.;577;294;15;394;47930;False;2011-01-09T23:13:08;False;False;12;2018-06-15T19:01:31;2018-06-16T21:17:47;0,5095;17,66;1;12,0;"Yup, your providing the comic relief https://t.co/pdvVvdtkCC ||| RT @shurufu: #CRO have been able to win this game without really being extended, the commentator says. That sums it up. Such a disappointin… ||| RT @Koo_The_Boy: Sauce na yɛde bɔ ball a, nka World Cup yɛbɔ no chop bar. https://t.co/zxbqVHFTTr ||| RT @OptaJoe: 23 - Ángel Di María has now created 23 goalscoring chances for Argentina over three different World Cup tournaments, but none… ||| RT @OptaJoe: 4 - Lionel Messi has missed four of the last seven penalties that he has taken for Barcelona &amp; Argentina combined (57%). Woe.…";0;auto: 0/6 signals
733732553115471872;Gotts_;Gottschall 🇵🇹;@youthstranger on the mother fucking path;Alcobaça, Portugal;174;152;1;8880;13347;False;2016-05-20T18:54:07;False;False;5;2018-06-15T18:48:33;2018-06-17T09:42:26;0,8736;17,63;1;5,0;RT @postmaloneisgod: Se visses o 3 golo de Portugal no Pedro's https://t.co/MBdHTY9V61 ||| Tou a pensar seriamente meter despertador para ver a França. Mundial é só de 4 em 4 anos, sono é todos dias. #WorldCup ||| RT @B24PT: .@Cristiano 🎯 #WorldCup https://t.co/UUYjk3ZMMY ||| RT @WorldCupHQ: Records Cristiano Ronaldo broke vs Spain:  ✅ First player to score in 8 consecutive major tournaments   ✅ Oldest player to… ||| RT @transf_min: 45’ Intervalo em Sochi! Portugal recolhe às cabines a vencer a Espanha por 2-1! Cristiano Ronaldo tem sido a figura desta p…;0;auto: 0/6 signals
67940156;enisman;Enis Espinoza;Venezolano. Periodista, Sport Journalist. Defiendo periodismo impreso. Marketing deportivo-digital. Baseball Writer. Sport Management. En la actitud radica todo;Miami - Caracas - Guatire;3569;1707;128;5271;56461;False;2009-08-22T17:43:38;False;False;2;2018-06-14T14:27:00;2018-06-14T17:12:05;0,4783;17,55;0;0,0;¿¿Faltó Pitbull en la inauguración de  #Russia2018 ?? ||| 3.4 🅑🅘🅛🅛🅞🅝🅔🅢 E͟͟S͟͟ L͟͟A͟͟ C͟͟A͟͟N͟͟T͟͟I͟͟D͟͟A͟͟D͟͟ D͟͟E͟͟ P͟͟E͟͟R͟͟S͟͟O͟͟N͟͟A͟͟S͟͟ que se proyecta que verá por TV… https://t.co/SOm9Vm9vxP;0;auto: 0/6 signals
96214915;ToneyJetson;almondmilkpapi;habitual line-stepper. #BLM;Seattle, WA;1280;399;20;13725;54450;False;2009-12-11T21:55:42;False;False;1;2018-06-15T15:02:24;2018-06-15T15:02:24;0,3117;17,52;0;0,0;RT @ChivaZ71: a whole lotta Mexico Jerseys for a country who hates Mexico https://t.co/piXip0hs5R;;
377726835;EvelynBueno3;Evelyn®;i have a degree believe it or not. TXST Alumna.;TX;569;466;4;18883;42851;False;2011-09-22T01:02:52;False;False;1;2018-06-17T13:40:03;2018-06-17T13:40:03;0,819;17,42;0;0,0;RT @RodolfoLanderos: #MEX’s starting XI for the #WorldCup against the world reigning champions, #GER:  Guillermo Ochoa Carlos Salcedo Hugo…;;
1412818388;its_spillz;DJ Spillz;#DJ @RareNation #RARE • 💍@SamanthaSueox • Pres. @BlogOrDieRadio / Co-Host @TheBurghBoyz;Scotty.Sab@gmail.com;3585;3122;35;50476;32151;False;2013-05-08T13:10:47;False;False;3;2018-06-14T17:15:53;2018-06-15T22:05:02;0,8709;17,25;1;3,0;RT @Niket_Wingman11: Spain gave the G.O.A.T 2 years in jail sentence and also fined him. But he replied by doing this to their national tea… ||| RT @TwitterMoments: With his first goal against Spain, Ronaldo became the fourth player to score in four consecutive #WorldCup tournaments.… ||| RT @cmtolbert1: What a start to the #WorldCup @robbiewilliams giving the bird and a dancer who split her pants. It's only #Day1;;
124640597;djokaymegamixer;IG: @djokaymegamixer;"CEO/DJ/OAP at 234Radio (http://234radio.com); Events and Artistes Manager; Publicist. +2348035814545";LAGOS, NIGERIA;2046;262;7;15;51596;False;2010-03-20T02:42:11;False;False;2;2018-06-16T21:03:10;2018-06-16T21:45:58;0,1281;17,14;0;0,0;On its way to Russia to bring the Super Fashionistas back home. #CRONGA #WorldCup #SuperEagles #SoarSuperEagles https://t.co/PhQ8gTGSdd ||| It's a wrap!  Super Fashionistas lost their first match against a not-so-fantastic Croatia.  Hope to see Super Eagl… https://t.co/kv5Qt2U0QV;0;auto: 0/6 signals
3853028903;tatifala;100% ney;"Deus é bom o tempo todo.
(quando bebe fica japa)
 ";11;515;418;0;5056;16700;False;2015-10-03T14:25:32;False;False;1;2018-06-16T23:31:42;2018-06-16T23:31:42;0,8117;16,92;0;0,0;RT @SaoPauloFC: Amanhã tem estreia do #BRA. Se liga nos jogos de domingo: 9h - #CRC x #SRB 12h - #GER x #MEX 15h - #BRA x #SUI  #WorldCup #…;;
70414746;PameIsSELENATOR;✨;SMG Concerts: 08/15/2010. 08/13/2011. 01/26/2012. 11/19/2013 (M&G). 07/01/2016 (M&G). ✘✘✘✘ AYWR Dress owner 🤓💋;waverly place;7685;2639;110;13126;53693;False;2009-08-31T15:09:20;False;False;1;2018-06-16T04:57:11;2018-06-16T04:57:11;0,3434;16,73;0;0,0;RT @ChivaZ71: a whole lotta Mexico Jerseys for a country who hates Mexico https://t.co/piXip0hs5R;;
149590717;AmerulZ18;#forzaargentina;i'm watching you 🇲🇾;Malaysia;695;392;2;333;48652;False;2010-05-29T17:43:01;False;False;2;2018-06-14T07:30:28;2018-06-14T16:03:57;0,564;16,57;0;0,0;Golovin gua assists pun jadi dah! #RUSvsSAU #WorldCup2018 ||| RT @Football__Tweet: Today’s #WorldCup fixture:  ⏱ 4pm: Russia vs. Saudi Arabia  🇷🇺🇸🇦 https://t.co/g94LgF1DUQ;0;auto: 0/6 signals
721212655134973952;jeontsk;땡;[fan account];Josisahoe;1170;382;10;2486;12786;False;2016-04-16T05:44:31;False;False;4;2018-06-15T18:04:53;2018-06-15T19:15:23;0,3265;16,18;0;0,0;ANOTHER ONE #WorldCup ||| AND SPAIN IS BACK  #WorldCup ||| Nice acting Pepe  #WorldCup ||| Spain don’t let me down  #WorldCup;0;auto: 0/6 signals
558194820;johnaexo_;kenz bee;lighthearted & carefree.  @ohilikeken 💜;Star;1055;902;7;6605;36184;False;2012-04-19T22:30:20;False;False;1;2018-06-15T18:51:22;2018-06-15T18:51:22;0,855;16,1;0;0,0;RT @ChivaZ71: a whole lotta Mexico Jerseys for a country who hates Mexico https://t.co/piXip0hs5R;;
605007693;enjoiCreyes;charle$;moet;;451;253;1;23969;34294;False;2012-06-10T23:22:08;False;False;1;2018-06-15T08:34:35;2018-06-15T08:34:35;0,561;15,62;0;0,0;RT @ChivaZ71: a whole lotta Mexico Jerseys for a country who hates Mexico https://t.co/piXip0hs5R;;
519872388;shaunwilkes19;shaun wilkes;i’m under construction - mentally & physically!!! decorated football manager - currently on a sabbatical;;247;377;2;5929;35451;False;2012-03-09T22:19:31;False;False;1;2018-06-16T10:50:46;2018-06-16T10:50:46;1,5263;15,49;0;0,0;"RT @maxandpaddyline: The Max and Paddy WC Starting XI;  Who should be our #WorldCup mascot?  RT for Sammy The Snake  Like for Keith Lard's…";;
957420110;QushayriSukri;mad;[94:5-6];coyg;1326;908;7;3867;30894;False;2012-11-19T13:20:12;False;False;1;2018-06-16T11:51:22;2018-06-16T11:51:22;0,6848;15,19;0;0,0;RT @TrollFootball: This #WorldCup is a tournament of late goals 😍 https://t.co/ph4sOXm786;;
770442078853722112;NemQueriaa;Silva;ESM || 18y || ig: silvaa_68;Porto, Portugal;345;215;0;4775;9756;False;2016-08-30T02:04:40;False;False;1;2018-06-16T10:51:27;2018-06-16T10:51:27;0,6232;14,89;0;0,0;RT @iAndreLucas: O golo do @Cristiano, ao som de @HansZimmer e do Nuno Matos, da @antena1rtp, é muito mais épico #ConquistaOSonho #WorldCup…;;
1934971688;gabrrrielag;gaby;HR❤️ CHIAPANECA 🇲🇽 soon to be Reyes 💍;;639;210;3;5794;25367;False;2013-10-04T17:47:54;False;False;1;2018-06-16T15:18:20;2018-06-16T15:18:20;0,3286;14,79;0;0,0;RT @ChivaZ71: a whole lotta Mexico Jerseys for a country who hates Mexico https://t.co/piXip0hs5R;;
2363813996;fadhlullah_faiq;_PAIQ;KTN, MY;;510;352;4;1933;22821;False;2014-02-27T07:48:26;False;False;2;2018-06-14T02:14:45;2018-06-15T23:35:45;0,6902;14,54;1;2,0;RT @EPLBible: RETWEET if you think Cristiano Ronaldo is the best player in the world.  #WorldCup https://t.co/9x83eUVdjx ||| RT @LPI_MY: INILAH HARINYA!  Piala Dunia 2018 bermula HARI INI! 🙌  #LPIMY #WorldCup https://t.co/8eCF5VUrFy;;
29425885;DjMarxsi;DJ Marxsi;Freelance Journo | Interview artists & DJ on @TheBeat1036fm Weekend Mix Saturdays 4-7PM| Head of Online Content & Editor https://t.co/E85FdgL7uB .... formerly @itvnews;Bookings:info@djmarxsi.co.uk;10216;1386;54;3677;48597;False;2009-04-07T11:01:28;False;False;1;2018-06-17T07:44:22;2018-06-17T07:44:22;0,1357;14,48;0;0,0;So who won the #NigeriaVsCroatia match? #worldCup;0;auto: 0/6 signals
596380139;_nukman11;Full HD;#GMKS;;488;265;3;1474;31745;False;2012-06-01T11:35:58;False;False;3;2018-06-16T11:54:16;2018-06-17T15:03:20;0,543;14,38;1;3,0;RT @Stuart_PhotoAFC: Big game about to start in Moscow. Will it be @11carlosV or @MesutOzil1088. #WorldCup2018 https://t.co/Uk4xNoItpK ||| RT @TrollFootball: The updated #WorldCup pool https://t.co/RqRXADZAMe ||| RT @GettySport: History is made with the first ever #penalty awarded by #VAR in the #WorldCup #FRAAUS   📷: @MichaelRegan https://t.co/7NlTe…;;
609195906;PP10969;TenShic 🌺;เป็นมักเกิลที่ติ่งแล้วแต่อารมณ์ #ONEOKROCK #KachaNontanun #BNK48 #MioriBNK48 ทาสผู้ชายตาสีฟ้า จิ้นวายคือลมหายใจ;Thailand;119;453;0;1250;31487;False;2012-06-15T13:48:14;False;False;2;2018-06-15T06:04:08;2018-06-16T12:18:45;3,8067;14,37;1;2,0;RT @NoboyNoCryy: สีสัน 555555555555  #สวัสดีบอลโลก #WorldCup https://t.co/H2LgFAqiRm ||| RT @ThaiPBS: เปิดฉาก #ฟุตบอลโลก2018 เจ้าภาพรัสเซีย โชว์ฟอร์มดุ ถล่ม ซาอุดีอาระเบีย 5-0 เก็บ 3 เเต้มเเรกได้สำเร็จ 📌 อ่านเพิ่มเติม : https://…;;
272243026;notthefakekylem;K March;"Sports are my passion; Boston Red Sox, Indianapolis Colts & Chicago Blackhawks Attempting to visit every MLB stadium with other sports stadiums mixed in. #TheU";Make Your Own Luck;286;921;19;4876;37610;False;2011-03-26T03:40:35;False;False;5;2018-06-15T17:13:09;2018-06-16T20:31:29;3,2203;14,25;1;5,0;LUUUUUKAAAAAA!!! 2-0! #Croatia #WorldCup 🇭🇷🇭🇷🇭🇷 #RealMadrid ||| @TeamMessi got his PK blocked? In the #WorldCup? That would have been a match winning goal? The 🐐 @Cristiano would never. ||| Let’s go #Croatia 🇭🇷🇭🇷🇭🇷#WorldCup ||| You can take my m’s but you’ll never take my GLORRRYYYYYY!!!! @Cristiano = 🐐 https://t.co/19H3s1QkBK ||| RT @PaulCarrTM: Aziz Bouhaddouz's own goal (90'+5) is the latest regulation own goal in #WorldCup history. #MAR #IRN;0;auto: 0/6 signals
447797378;cee_4our;⊙••ҭђคҭ※รђคгр※Gมұ••⊙;RT freak. ♻ || @LFC my wife❤, @RealMadrid my side chick!😜 || Instagram: @_el.glorioso_ || #TeamVEC #LFCfamily #LFC #YNWA💯 #TeamBreezy #TeamFollowback;Anywhere You Need Me To Be;3670;3490;12;603;33528;False;2011-12-27T08:23:47;False;False;6;2018-06-15T21:24:19;2018-06-16T20:53:12;0,951;14,19;0;0,0;RT @mac_nels: This is Nigeria  Look how we playing now  Look how we losing now  Everybody be crying now 😂😂😭  #CRONGA #worldcup ||| RT @drizzyposh25_: I swear if Nigeria no pass group stage, na leg dem go use come back #WorldCup ||| RT @352ng: The #352PredictAndWin courtesy of @JerseyNationNG continues!   Who will end up as the man of the match in the Nigeria vs Croatia… ||| RT @braddfearnleyy: Thought I’d seen De Gea do that before #SAFC #WorldCup #SPAPOR https://t.co/nJVjU8xkRK ||| RT @OptaJoe: 51 - Cristiano Ronaldo has scored his 51st career hat-trick (club and country), and his treble was also the 51st hat-trick sco…;;
1058625409;Kwabzino1;Odinson;👻;London/Cov;911;183;3;4068;27930;False;2013-01-03T19:39:39;False;False;3;2018-06-14T23:10:46;2018-06-16T16:38:15;0,2009;14,04;1;3,0;RT @IanWright0: Messi 😱😱😱😱 #Worldcup https://t.co/DOvuBeb8c6 ||| RT @WorIdCupUpdates: 04: Portugal 1-0 Spain 24: Portugal 1-1 Spain 44: Portugal 2-1 Spain 55: Portugal 2-2 Spain 58: Portugal 2-3 Spain 88:… ||| RT @AliquamScripto: “At least a homosexual didn’t score right?!” https://t.co/9t6hNSps4G;;
2977560675;keniamh_;Kenia Hernandez;count your blessings ✨;Minnesota, USA;226;214;0;11766;16849;False;2015-01-14T04:38:30;False;False;1;2018-06-15T17:35:37;2018-06-15T17:35:37;0,9469;13,5;0;0,0;RT @ChivaZ71: a whole lotta Mexico Jerseys for a country who hates Mexico https://t.co/piXip0hs5R;;
208696011;cmtzglz;Carlomango;egodentrífico;Mexico, Central Luzon;1459;1160;21;2;36474;False;2010-10-27T19:18:01;False;False;2;2018-06-14T20:15:55;2018-06-14T20:16:19;0,7951;13,09;0;0,0;RT @jaenneb: Yo pidiendo incapacidad para ver la #WorldCup todo el mes https://t.co/aTr1Jae0Mk ||| RT @InvictosSomos: Muchos quieren imitarlo hasta en el vestuario, pero BOB siempre será BOB. Un espectáculo inigualable. ETERNO. #WorldCup…;;
2634072718;2relaxeddd;Lean;Supa sucka free.;Somewhere U Not;313;192;0;1094;18555;False;2014-06-23T09:44:08;False;False;1;2018-06-14T15:32:20;2018-06-14T15:32:20;0,6134;12,78;0;0,0;RT @boppybrewah: Catch me at the WC in 2026 https://t.co/3zJHNfgNNN;;
2402086093;BookwormSwimmer;Chris 🏊🏼‍♀️;IHS '17 • OC swim '21;A pool near you;343;487;2;28948;19658;False;2014-03-21T20:06:31;False;False;1;2018-06-15T05:28:59;2018-06-15T05:28:59;1,4198;12,72;0;0,0;RT @ChivaZ71: a whole lotta Mexico Jerseys for a country who hates Mexico https://t.co/piXip0hs5R;;
329936684;CristalAzusena;cristal.;UNT alum. 23. Isaiah Rey’s mother 💙;Texas;737;459;2;15912;32135;False;2011-07-05T21:06:27;False;False;1;2018-06-15T04:49:26;2018-06-15T04:49:26;0,6228;12,67;0;0,0;RT @ChivaZ71: a whole lotta Mexico Jerseys for a country who hates Mexico https://t.co/piXip0hs5R;;
951939942925643777;ro2a131;💘رؤُيَ;;Kingdom of Saudi Arabia;88;338;1;1140;1962;False;2018-01-12T22:12:23;False;False;1;2018-06-17T08:30:34;2018-06-17T08:30:34;3,8409;12,66;0;0,0;RT @mohdamufti: لو كانت المباراة متعادلة نوعا ما في المستوى أو أن الهزيمة مقبولة نوعا ما .. كان قلنا معليش .. لكن ان تكون النتيجة  ٠/٥  ..…;;
17098578;flintcams;flintcams;A cheery Scot living South of the Border!! I follow back.;Staffordshire;3773;4298;44;15872;44461;False;2008-11-01T09:46:59;False;False;8;2018-06-14T21:28:28;2018-06-17T14:59:39;1,1391;12,65;2;4,0;RT @FCBayernEN: For those of you not lucky enough to be in Moscow - where are you following #GERMEX from? 🤔 #WorldCup #DieMannschaft https:… ||| RT @invisibleman_17: #WK18 #WK2018  #WorldCup  WHO MADE THIS....???? 🤣🤣🤣 https://t.co/PZj7Ce9IJl ||| RT @sweetirishf: How long is that anthem #WorldCup #CostaRica ||| RT @BetBright: When you watch Messi miss a penalty at the #WorldCup 😱😱   https://t.co/MM1VnubTFp ||| RT @FCBayernEN: Our #AllianzArena will be lit up tomorrow in support of Germany's #WorldCup opener 🖤❤💛!  Wishing @DFB_Team_EN the best of l…;;
101566532;dara_scream;Oludara;here because our generation is fascinated with documenting our every thought.;Xetesk;616;448;1;1421;38916;False;2010-01-03T20:37:14;False;False;1;2018-06-16T15:12:35;2018-06-16T15:12:35;0,7273;12,61;0;0,0;RT @BleacherReport: Yesterday vs. today   #WorldCup https://t.co/zOnfMhXG6j;;
329863948;CarlosBruno06;Carlos Bruno;;;302;544;2;4815;31840;False;2011-07-05T18:50:42;False;False;3;2018-06-14T18:12:17;2018-06-16T13:10:36;1,8013;12,55;1;3,0;"RT @FuzzyandThem: Look, I don't usually pay attention to anything soccer (commies), but with fans like these ole Fuzzy is all in for Icelan… ||| RT @selecaoportugal: Cristiano.... GOOOLLLLOOOOOOOOOOOOOOOOOOOOOOOOOOOOOOOOOOOOOOOOOOOOOOOOOOOOOOOOOOOOOOOOOOOOOOOOOOOOOOOOOOOOOOOOOOOOOOOO… ||| RT @glaubermacario: Galvão: ""Deve ser um barato fazer o primeiro gol da Copa em casa"". #WorldCup https://t.co/yDqOh0N7xD";;
563600739;Horza971;Ølaf Chårlesen;Anti FIFA mais pas anti foot. Je veux en découdre. LE CREW !! #TeamPSG #CUP #PSGFéminin #AntiValls #1794 🇬🇵🇩🇰;Paris;230;468;39;6901;28125;False;2012-04-26T07:21:21;False;False;1;2018-06-16T07:31:20;2018-06-16T07:31:20;2,0348;12,54;0;0,0;RT @opak95: JOUR DE MATCH!!!!  mon pays de cœur 🇩🇰 Et ma nation 🇫🇷 #WorldCup;;
246230443;Ramadhern;R A M A H;I'm a man of rare perceptiveness, unswerving in the belief that despite all intrigues and adversities, justice shall ultimately prevail.;Kenya;1791;743;5;116;33562;False;2011-02-02T12:00:21;False;False;3;2018-06-15T12:23:58;2018-06-15T15:55:56;0,4149;12,48;0;0,0;"9ja people have been banned from taking ""lucky"" chickens to the stadia.   In that case, I hope the pilot has his en… https://t.co/CfVcQrWS1f ||| RT @LotfiWada: Egypt player Amr Warda is the son of the famous Egyptian basketball player Medhat Warda. #Anecdote #EGYURU #SportsDNA #World… ||| RT @FootballFact101: The ""National Anthem of Uruguay"", also known by its first line ""Orientales, la Patria o la Tumba"", is the longest nati…";0;auto: 0/6 signals
415133143;RelaxIts_AE;Alexis🌹;self taught 💄 | 19 | DM for prom bookings or special occasions! | sc: escaladeee | IG: alexisescalante_;NC;1902;1322;13;8943;29965;False;2011-11-17T23:16:19;False;False;1;2018-06-15T16:00:05;2018-06-15T16:00:05;0,6951;12,48;0;0,0;RT @oxminaox: VIVA MEXICO PUTOSSSSSSS https://t.co/YmqsCiKZb7;;
38684498;Timofro;LUKE;I like films, drink coffee and iced tea, eat pizza and love cheesecake. That’s about it;Nottinghamshire, England;711;774;7;3686;41294;False;2009-05-08T15:23:15;False;False;1;2018-06-16T09:02:37;2018-06-16T09:02:37;1,0886;12,42;0;0,0;Love how the bbc are showing that games are on itv instead of just showing what matches they have https://t.co/vdrmogJULw;0;auto: 0/6 signals
620039324;AyeeAntonia;♍️;22|🇲🇽|;Minnesota;336;263;0;957;26806;False;2012-06-27T14:26:09;False;False;1;2018-06-15T16:25:15;2018-06-15T16:25:15;0,7827;12,3;0;0,0;RT @ChivaZ71: a whole lotta Mexico Jerseys for a country who hates Mexico https://t.co/piXip0hs5R;;
85123983;MILKIEISSUE;milk ;มิ้ลค์ l Man United l cmu l cnx l;ÜT: 18.7894528,98.9628093;430;99;1;583;38718;False;2009-10-25T17:25:07;False;False;2;2018-06-17T03:58:24;2018-06-17T12:49:07;0,2302;12,27;0;0,0;RT @Nannii_Park: ใครจำคุณลุงกองเชียร์ #BRA ฝั่งซ้ายนี่ได้บ้างเมื่อบอลโลกครั้งก่อน มาปีนี้ลูกชายทั้ง 2 ของลุงมาทำหน้าที่แทน เพราะลุงเสียชีวิ… ||| RT @moomtor: ไอซแลนด์ มาบอลโลกครั้งแรกแต่เสมออาร์เจนตินาได้นี่น่าทึ่งนะ กุนซือโค้ชหมอฟัน ไฮเมียร์ ฮอลล์กริมส์สันเก่งมาก วางแผนมาดี รู้ว่าจะ…;;
752271360940974080;Tuzla075;Ramke;Vječna ljubav tuzlanska 🔴⚫️ In love with Manchester United since forever 🔴⚫️ Student novinarstva 📕📖 Sportski zaljubljenik ⚽️🏀;Republika Bosna i Hercegovina ;492;417;2;44813;8553;False;2016-07-10T22:40:43;False;False;5;2018-06-14T14:26:01;2018-06-16T12:10:38;0,8476;12,13;1;5,0;#WorldCup je idealna prilika da se podsjetimo kako bi danas izgledala reprezentacija Jugoslavije ||| You can’t hate Ronaldo or Messi, “football fan” #WorldCup ||| RT @LFC_LION: Saudi Arabia president after the match   #worldcup #WorldCupRussia2018   #KSA #RUS    https://t.co/RvA1XVv5Nr ||| Posljednji dan mjeseca Ramazana, sutra prvi dan Bajrama... Mislim da je evidentno ko je ovdje favorit #WorldCup ||| Što se tiče #WorldCup, Gordi Albion uvijek 🏴󠁧󠁢󠁥󠁮󠁧󠁿;0;auto: 0/6 signals
953469481724071936;redpillgreen18;Red_Pill_Green;Just a red-pilled, tree-hugging peacenik... learning to Twatter so I can unite with my fellow Americans...;;1393;2820;2;4400;1790;False;2018-01-17T03:30:13;False;False;1;2018-06-14T15:21:32;2018-06-14T15:21:32;2,0244;12,09;0;0,0;Report to be released at 3pm EDST?  Here? https://t.co/zCN5xXi7aG https://t.co/VdZ0NMJ1n9 https://t.co/WLHG1lNw1J… https://t.co/MooYGOdQ7I;0;auto: 0/6 signals
190194738;ExiledCaste;Exiled Caste;#GossipAunty | #Troll | #AttentionWhore | #KeyboardWarrior | #CouchPotato | #Sheep; too far ;1532;737;55;34919;34045;False;2010-09-13T09:48:43;False;False;2;2018-06-14T17:45:02;2018-06-15T16:25:40;0,4811;12,02;0;0,0;"RT @NomadPundit: Give Suarez an Oscar for this stunt. 😂 #WorldCup #EGYURU #Egypt https://t.co/U2uxxkebw1 ||| ""Risk that #Russia may violate doping laws at #WorldCup"" , says USADA’s Tygart. https://t.co/VCNvuTIESy What's the… https://t.co/Bz1MuGPO16";0;auto: 0/6 signals
450345477;hafiz_bakhtiar;Hafiz Bakhtiar;;;396;264;9;1147;28095;False;2011-12-30T04:23:15;False;False;5;2018-06-14T15:22:53;2018-06-17T14:11:49;0,6667;11,9;2;2,5;RT @SportsJOE_FC: Who says football isn't art? #worldcup https://t.co/73o5uDBM0J ||| RT @ayshardzn: Iceland hero, @hanneshalldors who’s also a filmmaker directed this #WorldCup ad for @CocaCola which airs in #ISL 👏🏻 https://… ||| RT @sportingintel: The strangest #WorldCup video of today, by far, appears to show a bear in a truck celebrating the #RUS win against Saudi… ||| RT @stadiumastro: ❤ #BornToLove #WorldCup https://t.co/IRiLqvLxqV ||| RT @ayshardzn: The #WorldCup this year is awesome already https://t.co/iJuOw6A8T5;;
304001922;TWENTYONEAEGYO;callie a des examens;✨ in the name of the moon, i will fuck you up #multifandom ig: caekeu;;893;513;16;8524;30680;False;2011-05-23T19:28:47;False;False;1;2018-06-15T23:06:27;2018-06-15T23:06:27;0,5745;11,89;0;0,0;RT @ChivaZ71: a whole lotta Mexico Jerseys for a country who hates Mexico https://t.co/piXip0hs5R;;
109925704;DeRozenDntCare;Simba Turgut Alp;🇺🇬🇹🇿🇾🇪Arsenal |Knicks|49ers. Snapchat: King_rayray | RiP lukey|Theo|lamar|Smegs|clive😔;Norfh side of dat London;20013;8425;199;24658;36305;False;2010-01-30T18:43:42;False;False;2;2018-06-15T19:46:08;2018-06-16T20:33:29;0,421;11,87;1;2,0;Nigeria just came to model Nike jersey and tracksuit😭 #CRONGA #Worldcup ||| RONALDOOOOOOOO !!! Don’t @ me this guy is a proper talisman !!! #WorldCup2018;0;auto: 0/6 signals
2896457409;gus_frattini;Frattini 🇧🇷;"📚💀 Acadêmico em Educação Física .
✴ Somos instantes";;526;348;2;8554;15263;False;2014-11-28T21:46:05;False;False;1;2018-06-17T00:53:25;2018-06-17T00:53:25;0,6616;11,78;0;0,0;#OHexaJáÉRealidade #BRA #VEMHEXA #WorldCup https://t.co/PQYchEgkfh;0;auto: 0/6 signals
546649636;gamemasterken;Kenneth;LIFE HEALTH WEALTH 👨🏾‍💻 #LFC #YNWA ❤️;Prometheus;540;398;22;2046;26274;False;2012-04-06T08:49:47;False;False;1;2018-06-16T20:05:02;2018-06-16T20:05:02;0,737;11,62;0;0,0;RT @BreakingNLive: BREAKING: Taxi ploughs into several #WorldCup fans in central Moscow, then flees the scene. Eight people were injured. P…;;
2190510941;alfwba;alf;Sky Bet Championship winners 2018/19;;1400;328;12;66599;19008;False;2013-11-21T22:17:41;False;False;3;2018-06-15T23:04:28;2018-06-16T18:40:10;0,2343;11,4;0;0,0;RT @georgemercer: Lisbon the moment Ronaldo put it top bins courtesy of my very average camerawork #WorldCup #PORESP 🇵🇹 https://t.co/6bDimK… ||| RT @lukehgomes: Must watch: Cristiano Ronaldo's last-minute equaliser, with sensational commentary from Portuguese broadcaster Nuno Matos,… ||| Imagine calling Fernando Hierro a fucking nobody lol https://t.co/ESVd6VPnS1;0;auto: 0/6 signals
190703414;Chancem94;Chance;Frankly my dear, I don't give a damn.;The Lone Star State;236;128;11;51187;31575;False;2010-09-14T16:41:53;False;False;1;2018-06-15T17:18:06;2018-06-15T17:18:06;0,5424;11,15;0;0,0;RT @ChivaZ71: a whole lotta Mexico Jerseys for a country who hates Mexico https://t.co/piXip0hs5R;;
440273021;3shoG10;عشٌوق;nfc | madrid | as roma | azzurri | roger federer | no totti no party ...;تركيبة عقلك مهمة اكثر من شكلك ;467;194;4;793;25987;False;2011-12-18T19:47:19;False;False;2;2018-06-15T22:22:46;2018-06-15T23:53:31;0,4154;10,96;0;0,0;RT @WC18HD_Ultra: كأس العالم - دور المجموعات، الجولة الأولى.  اسبانيا 3 - 3 البرتغال.  شاهد أهداف المباراة واستمتع   - جودة عالية HD. تعليق… ||| RT @delpieroale: Gli occhi di @Cristiano prima di calciare la punizione del 3-3 e poi quella traiettoria magica che non è mai figlia del ca…;;
2307971779;shmssdk;SHUMS.;villains have more fun || #WorldCup 🇪🇬 , 🇪🇸 , 🇧🇷 , and 🇦🇷;kung fu kenny;1407;893;5;19220;17584;False;2014-01-24T08:12:31;False;False;2;2018-06-15T20:47:39;2018-06-16T15:12:58;0,6347;10,96;0;0,0;RT @stighefootball: FT: #ARG 1-1 #ISL. Argentina as uninspiring in attack as feared. Pavon a positive spark off the bench. Mascherano did h… ||| ......😅😢 https://t.co/hgFCmqOWYj;0;auto: 0/6 signals
312414106;13AaronMartinez;Aaron Martinez;LU’20 | Make them laugh so they forget you’re ugly.;Beaumont, TX;736;394;5;10013;27885;False;2011-06-07T02:48:40;False;False;1;2018-06-17T16:50:54;2018-06-17T16:50:54;0,5353;10,86;0;0,0;RT @soccerdotcom: Historic win.  #MEX take down defending #WorldCup champs #GER thanks to first half Chucky Lozano goal. https://t.co/HiZV9…;;
91112841;rorysuttie;Rory Suttie;University of Hertfordshire graduate, @chelseafc fan ⚽️ #CFC, travel ✈️🌏;London, England;751;2344;17;693;32685;False;2009-11-19T14:21:39;False;False;15;2018-06-15T18:38:33;2018-06-17T08:58:43;3,1212;10,44;1;15,0;RT @FIFAWorldCup: The final match of the day...  Who has watched all four games today?   #WorldCup https://t.co/2uLSsGCkDw ||| RT @BBCMOTD: When will players learn, that run-up is asking for trouble?  Live: https://t.co/Yte9a6d8yI  #WorldCup #bbcworldcup #PERDEN htt… ||| ICELANNDDDDDD #ICE #WorldCup ||| RT @FutbolBible: 30,000 Iceland fans in Moscow today. Unreal scenes. 👏🏻 #WorldCup  https://t.co/yNQ252unOv ||| Pogba is so average #FRA #WorldCup;0;auto: 0/6 signals
894402939313377281;cassidrift;cassi;liga 015, hater vira fã;Brasil;385;332;0;2786;3229;False;2017-08-07T03:40:52;False;False;1;2018-06-16T14:39:53;2018-06-16T14:39:53;0,8623;10,32;0;0,0;RT @ibismania: MESSI PERDEU O PÊNALTI E A TORCIDA DO #IBISLANDIA TÁ COMO? 🤣🤣🤣🤣🤣🤣🤣 #WorldCup https://t.co/XXB8RW65Sw;;
1179716268;bienny_;bb;@Flamengo ❤ @justinbieber ❤;seu coração;2307;362;7;14542;19994;False;2013-02-14T16:46:56;False;False;1;2018-06-15T23:30:18;2018-06-15T23:30:18;0,1569;10,27;0;0,0;RT @legendarychld: AH MEU DEUS OS FILHOS DELE LEVARAM A TAÇA E O CHAPEU DELE #Russia2018 https://t.co/4mGgMIYU32;;
187287803;fogmaux;nina;;la isla;403;654;4;8970;28897;False;2010-09-05T20:20:22;False;False;1;2018-06-14T19:51:10;2018-06-14T19:51:10;1,6228;10,18;0;0,0;RT @supermodeldaiIy: Natalia Vodianova and Spanish goalkeeper Iker Casillas with the #WorldCup⁠ ⁠trophy during the opening ceremony. https:…;;
295251908;Jampes99;Modala;don't mind my twitter, b ..;i'm Around ʕ•̬͡•ʔ;464;144;2;336;26301;False;2011-05-08T17:17:19;False;False;1;2018-06-14T05:08:05;2018-06-14T05:08:05;0,3103;10,14;0;0,0;RT @LesibanaMakgai: Madea Goes To Russia https://t.co/kLR78IuQtn;;
86904493;Fateemayy;Fatimah khan;In a nutshell;Pakistan;3148;440;10;7892;31778;False;2009-11-02T09:01:06;False;False;1;2018-06-14T17:20:50;2018-06-14T17:20:50;0,1398;10,1;0;0,0;RT @786MBA: *BREAKING NEWS*  Saudi Arabia, UAE, Bahrain, Qatar, Egypt, Iraq, Lebanon and many other Arab and Islamic countries have declare…;;
499713245;_Bonolo_M_;Bonolo;As long as I am in a growing and loving relationship with God, Jesus, and the Holy Spirit, nothing else really matters!;;683;673;10;20743;23244;False;2012-02-22T11:54:33;False;False;1;2018-06-16T13:58:42;2018-06-16T13:58:42;0,9854;10,08;0;0,0;The gif 🤣🤣🤣 https://t.co/lOA0kP1Tkk;0;auto: 0/6 signals
720432612;JaquiChapa00;Jaqui 🌮;TAMUCC| Nursing| Temple College Alum⚾️| @hinchcliffe24❤;Edinburg/Temple/CC;826;734;2;23014;21580;False;2012-07-27T16:19:20;False;False;4;2018-06-15T04:16:23;2018-06-17T16:36:29;0,8886;10,03;2;2,0;RT @soccerdotcom: Scenes.  #MEX up 1-0 over #GER heading into the half.  #WorldCup https://t.co/dGt4kXjDxI ||| RT @FanDuel: Mexico is ready for the #WorldCup!   📽️: @NagutchevRoman   https://t.co/LG3yuVC2Kq ||| I love this ha https://t.co/hgXIccgCDM ||| RT @ChivaZ71: a whole lotta Mexico Jerseys for a country who hates Mexico https://t.co/piXip0hs5R;0;auto: 0/6 signals
157967714;Sergio_SB13;Sergio;| REAL MADRID | Pasión por el FÚTBOL SALA | Mis opiniones, mías son |;Carabanchel;393;734;3;970;29252;False;2010-06-21T11:27:00;False;False;1;2018-06-14T22:29:40;2018-06-14T22:29:40;1,8677;10,03;0;0,0;Hoja de Ruta para mañana: #EGY #URU 14:00 #mar #irn 17:00 #por  #esp 20:09 #Rusia2018 #WorldCup   #realmadrid #Baskonia 22:15 #FinalACB;0;auto: 0/6 signals
724442527;jrodddy7;José Rodríguez;"#CowboysNation
sc: jayyrod69";Dallas,Texas;456;359;7;2090;21494;False;2012-07-29T18:41:29;False;False;3;2018-06-14T23:49:25;2018-06-17T15:49:56;0,7873;10,01;2;1,5;RT @soccerdotcom: Scenes.  #MEX up 1-0 over #GER heading into the half.  #WorldCup https://t.co/dGt4kXjDxI ||| RT @soccerdotcom: GOAL! #ISL strike back through Alfreð Finnbogason! 1-1. Game on.  #ARGISL #WorldCup ||| RT @soccerdotcom: Our top selling #WorldCup jerseys by 🇺🇸 state. Which country is #1 where you live? https://t.co/woaBiydVJM;;
3436744018;erin__russ;Erin🍍;Many have gone to the city of the dead to visit the woman they have judged to be true as gold|USF ‘22;Altamonte Springs, FL;220;168;2;10682;10204;False;2015-08-23T13:08:30;False;False;1;2018-06-15T05:18:36;2018-06-15T05:18:36;0,7636;9,95;0;0,0;RT @ChivaZ71: a whole lotta Mexico Jerseys for a country who hates Mexico https://t.co/piXip0hs5R;;
2327025684;vans_h98;Vans H.;"Germany:)
1D&5SOS, Shawn M., Little Mix❤
Snapchat: nessahilgers_98
Instagram: vanshilgers_98
soccer girl⚽️ | Munich 🔴⚪
http://instagram.com/svrosellenfrauen";Neuss, Deutschland;349;327;6;28466;15773;False;2014-02-04T12:22:10;False;False;5;2018-06-15T12:11:09;2018-06-16T19:18:16;0,937;9,9;1;5,0;"RT @FCBayern: 🗣 ""Da geht ein Kindheitstraum in Erfüllung!""  Joshua #Kimmich vor dem WM-Debüt ➡ https://t.co/iyMAY4qE7G  #WorldCup #DieManns… ||| RT @FCBayern: Unsere #AllianzArena leuchtet morgen 🖤❤💛!  Wir wünschen dem @DFB_Team viel Erfolg beim WM-Auftakt. ➡ https://t.co/kToR3LUgGN… ||| RT @matshummels: Spectacular game #PORSPA and spectacular #WorldCup day today!! ||| RT @FCBayern: #WorldCup: Alle Infos vor #PORESP &amp; #GERMEX  🏆 Endspiele für #FCBU17 &amp; @fcb_basketball   ➡ https://t.co/u1dWQWY79n #FCBayernT… ||| RT @Thiago6: Vamos a por todo ⚽️🇪🇸#WorldCup2018 https://t.co/7dXDkEwWmw";;
860134645;YNP_MsV;Ms V 👸🏾💫;ynpmusic@icloud.com | 👻 : ynp_msv | IG : Ynp_MsV 🇺🇸🇬🇧🇳🇬🌍;;1464;209;3;5237;20408;False;2012-10-03T18:20:29;False;False;1;2018-06-16T17:50:27;2018-06-16T17:50:27;0,1428;9,81;0;0,0;RT @Diddy: Good luck to the @NGSuperEagles today in the #WorldCup 🇳🇬🇳🇬🇳🇬;;
497156173;prayinforbooty;Alexis;Cheese in my pockets, velveeta...;;540;420;1;9608;22511;False;2012-02-19T17:44:50;False;False;1;2018-06-16T21:11:44;2018-06-16T21:11:44;0,7778;9,75;0;0,0;RT @brfootball: We got @BSchweinsteiger to fill out a #WorldCup bracket. You’ll never guess who he picked to win it all 😉 https://t.co/VJmH…;;
631169966;ErickMorphine;'Un tuitero más™;Confiado & relajado debido a mis habilidades para improvisar.  #Followme 亀;Puebla, México;1460;44;4;2459;21035;False;2012-07-09T15:12:54;False;False;1;2018-06-14T20:55:34;2018-06-14T20:55:34;0,0301;9,71;0;0,0;RT @LosSimpsonMX: ¡Gol de Rusia! #Russia2018 https://t.co/Ai9KTzGdP2;;
438926338;soad2409;cesar hernandez;;;162;213;9;15507;22968;False;2011-12-17T05:21:15;False;False;1;2018-06-16T10:56:40;2018-06-16T10:56:40;1,3148;9,68;0;0,0;RT @TeamMessi: Leo Messi: A Defender’s Nightmare.  #HereToCreate #NEMEZIZ #WorldCup https://t.co/cecJXXCmzh;;
199032292;mikefeith;Michael Feith;Managing Salesforce Consultant @capgeminiNL | Freelance Sports Journalist | #SportAm liefhebber;Zwolle, Nederland;819;704;43;7204;27148;False;2010-10-05T21:27:30;False;False;3;2018-06-14T13:19:23;2018-06-15T13:07:58;0,8596;9,66;0;0,0;RT @TaylorTwellman: Bravo 🇪🇸....dropping this the day of their #WorldCup game: “Cristiano Ronaldo pleads guilty and reaches an agreement wi… ||| Dag 2 van de #WorldCup2018 betting. Gisteren winst en met deze ingezet op -€ 5 totaal https://t.co/Q6kcVqJxhr ||| RT @BBCSport: Egypt forward Mohamed Salah has recovered from his shoulder injury and WILL play against Uruguay on Friday https://t.co/OT9bs…;0;auto: 0/6 signals
157551739;iamxcha;strong;... 💚TY;Thailand;209;230;0;263;28180;False;2010-06-20T04:35:52;False;False;1;2018-06-15T20:20:50;2018-06-15T20:20:50;1,1005;9,66;0;0,0;RT @hey_iamtarn: โรนัลโด้ เวลาเล่นให้ทีมชาติดูลดอีโก้ไปเยอะ ไม่เก๊ก ไม่งอแง ไม่เล่นคนเดียว ประคองทีม เป็นหลักให้ทีม เป็นขวัญกำลังใจให้น้องๆ…;;
382416698;iihsadaT;Tadashii;"tô aqui só pra twittar, rir e me divertir para me chatear ja basta a vida   ....





.
(Masculino)";Foz do Iguaçu, Brasil;5562;6015;6;12916;23609;False;2011-09-30T01:23:56;False;False;1;2018-06-15T13:19:06;2018-06-15T13:19:06;1,0814;9,64;0;0,0;RT @gifsdacopa: Suarez se controlando pra não morder ninguém #Copa2018 #WorldCup https://t.co/fBrItcfipd;;
46854386;lampmagician;Alaedin Fazel;here is a real nowhere man, sitting in his nowhere land, making all his nowhere plans for nobody!;Germany;2440;2523;80;48809;31650;False;2009-06-13T08:38:31;False;False;1;2018-06-16T06:48:29;2018-06-16T06:48:29;1,034;9,62;0;0,0;RT @StrongWordsMag: Who'd win the #worldcup of books? ⚽📚 Find out on our blog: https://t.co/Z5XzkKt4Qj;;
1022321605;Dylansmethurst7;Dylan;21 Manchester @mancity @oasis;Astley, Manchester, England  ;3119;882;9;52647;19192;False;2012-12-19T15:37:32;False;False;1;2018-06-16T00:43:27;2018-06-16T00:43:27;0,2828;9,58;0;0,0;Impossible not to love this bloke https://t.co/461sS95E6Z;0;auto: 0/6 signals
962918678785294336;estelita_blanki;B.E 🌠;😃😭😱😎😇💖✨✨🌹🌷🐢💐🐾🐾🍓🍎🍀🍉🍇🍕🍔🍟🍄🍒🎂🍪🍫🍦🍷🌠;Tecámac, México;37;172;0;392;1160;False;2018-02-12T05:17:57;False;False;3;2018-06-14T19:37:39;2018-06-14T19:38:20;4,6486;9,51;0;0,0;RT @amanda_crys: @LatinGRAMMYs @FIFAWorldCup Lo siento de @SJofficial ft. @lesliegrace of course!!  #WorldCup @FIFAWorldCup ||| RT @newcrazyfan: @LatinGRAMMYs @FIFAWorldCup Para ver la #WorldCup tengo la canción Lo Siento de #SuperJunior @SJofficial featuring #Leslie… ||| RT @EvaCloud_ELF: @LatinGRAMMYs @FIFAWorldCup Lo siento de @SJofficial ft. @lesliegrace of course!!  #WorldCup @FIFAWorldCup;;
270350381;ALEXAURUN;ALEJANDRO MARTINEZ;Informático, apasionado de los videojuegos, redactor y si hay suerte, pronto novelista. Nunca dejo de reinventarme y voy directo a la yugular. España (Murcia).;;639;768;17;4216;24662;False;2011-03-22T13:14:25;False;False;1;2018-06-16T09:30:47;2018-06-16T09:30:47;1,2019;9,33;0;0,0;#espiraledublogs #n1canalfiesta24 #SOB18 #WorldCup #e32018 #VandalE3 #VamosEspaña #E3 #FelizSábado Hay muchas cosas… https://t.co/ke1cEgTOWm;0;auto: 0/6 signals
720078900;amayer_13;King of Pussies♥❤;"Rogue One
Не пиздобол, а мистификатор. King Fuсking Of Everything Fuck    Life is fleeting, catch moments... Spark , Storm , Madness ...";Саратов, Россия;308;778;2;4425;20019;False;2012-07-27T12:36:27;False;False;1;2018-06-14T17:07:49;2018-06-14T17:07:49;2,526;9,32;0;0,0;RT @sportsru: Спасибо, мужики! Сегодня – просто топ. Давайте и дальше так! #РоссияСаудовскаяАравия #WorldCup #ЧМ2018 https://t.co/y2ngSgaWXX;;
100530244;jordi_boni;Big Headed Husband;Comunio troll @ #LasMinipollasDeOmar;España;207;312;19;475;28517;False;2009-12-30T15:58:13;False;False;1;2018-06-17T15:56:42;2018-06-17T15:56:42;1,5072;9,23;0;0,0;RT @_Lassana_: Los koreanos dominarán el mundo. https://t.co/4NOGrX7pce;;
820685813382049792;jayelleayye;June16th💋;"Mother above all ; CoreyJr.A'myahLynn.ArielMarie w/ BabyPierre on the way! • 🧔🏾🐻💜 • IG & 👻: Jayelleayye";Brooklyn, NY;69;142;0;1967;4676;False;2017-01-15T17:35:20;False;False;1;2018-06-14T17:49:10;2018-06-14T17:49:10;2,058;9,08;0;0,0;RT @brfootball: We've waited a long time for this #WorldCup https://t.co/UWK5x9ZFqP;;
635878739;insan_assydiki;insan;YNWA;Jatinangor;808;473;0;58;19616;False;2012-07-15T03:57:39;False;False;2;2018-06-15T07:28:12;2018-06-17T05:16:06;0,5854;9,07;1;2,0;RT @SiaranBolaLivee: Moment Selebrasi siswa salah satu Sekolah di Uruguay yang liburkan jam pelajaran saat Timnas Uruguay kalahkan Mesir pa… ||| RT @SiaranBolaLivee: #TODAYMATCH #WorldCup  #EGY vs #URU K.O 19.00 WIB #MAR vs #IRN K.O 22.00 WIB #POR vs #ESP K.O 01.00 WIB [@TRANSTV_CORP…;;
2481817787;Ranahamdi7;ラナ... 🔱;#FCES , kpop;Egypt .. mansoura;1795;2108;6;636;13701;False;2014-04-13T15:33:18;False;False;1;2018-06-17T14:04:32;2018-06-17T14:04:32;1,1744;8,98;0;0,0;RT @M_yasser893: الفرعون المصري جاهز للاحتفال 💃💃 #WorldCup2018 https://t.co/wXh7z1GfRD;;
321150583;niambi_tatiyana;Ni.;Really Real | BLM | 🇺🇸🇲🇼;;1114;868;9;15019;22740;False;2011-06-21T03:14:00;False;False;1;2018-06-15T23:34:31;2018-06-15T23:34:31;0,7792;8,91;0;0,0;RT @ChivaZ71: a whole lotta Mexico Jerseys for a country who hates Mexico https://t.co/piXip0hs5R;;
786204923981656064;ClesinPereira;CL❤🔥;"@FluminenseFC
27/02❤
@Sah___S2💕💍";No Coração da Morena;273;307;0;2756;5430;False;2016-10-12T14:00:35;False;False;3;2018-06-14T13:49:13;2018-06-17T10:30:00;1,1245;8,87;2;1,5;RT @willianborges88: Chegou a hora! Vamos Brasil! 💪🏾⚽️🇧🇷 #selecaobrasileira #copadomundo #estreia #russia2018 #vamosbrasil #W19 #gigantespo… ||| RT @gifsdacopa: Na verdade o De Gea defendeu, mas o carro passou e levou a bola... 🙄🙄🙄 #Copa2018 #WorldCup https://t.co/ktUNqFObVD ||| RT @MaeDinahCartola: É HOJE!!!  Chegou o grande dia.  #WorldCup2018   🇷🇺✖️🇸🇦;;
958684884297486336;78Trigga;𝕀𝕥𝕤𝕋𝕣𝕚𝕘𝕘𝕒𝔹𝕚𝕥𝕔𝕙𝕙𝕙;78reMontant;Braga;86;73;0;1059;1197;False;2018-01-31T12:54:22;False;False;1;2018-06-15T13:30:10;2018-06-15T13:30:10;0,8488;8,87;0;0,0;RT @frasesdem3rda: #WorldCup #WorldCupRussia2018 https://t.co/InAu63lo7s;;
30561785;kennnyken;kenia;Professional sporting event live-tweeter (self proclaimed);IG: keniawyd;519;354;3;14762;29687;False;2009-04-12T00:33:54;False;False;1;2018-06-14T16:55:41;2018-06-14T16:55:41;0,6821;8,86;0;0,0;RT @guardian_sport: FT! Russia 5-0 Saudi Arabia: hosts cruise to victory in #WorldCup opener as Cheryshev strikes twice https://t.co/GCXjmO…;;
52375003;buzwepama;Buzwe;Revolutionaries follow no guidelines || Farmer || Struggling DJ/ Producer || Part time entrepreneur || @ManUtd || Messi weMpundu;Wakanda;1455;1163;15;3235;28659;False;2009-06-30T11:57:39;False;False;1;2018-06-17T14:16:34;2018-06-17T14:16:34;0,7993;8,75;0;0,0;Like Ummi said? https://t.co/TjlPjMTcHx;0;auto: 0/6 signals
3291236484;ismv__;isma;[...] ,than fuck u, and ur perfect life.;;69;72;3;1679;9238;False;2015-07-24T23:02:09;False;False;1;2018-06-17T02:29:59;2018-06-17T02:29:59;1,0435;8,73;0;0,0;RT @VandalV9: Le gardien subit une prise d’otage? https://t.co/jbA5gdutyG;;
1661722056;PauloMtangazaji;Paulo Mtangazaji;A Luo •|• A Kenyan •|• God is Supreme •|• Trained Journalist •|• Tweets here are Personal Opinion;;29044;24149;45;854;15450;False;2013-08-11T05:53:23;False;False;4;2018-06-14T16:22:05;2018-06-17T16:37:09;0,8315;8,72;3;1,33;RT @BrazilStat: 39-year old Rafa Marquez comes on and takes the captain's armband to officially become the 3rd player in history to partici… ||| Russian goalkeeper at the goalpost watching Saudi Arabia, a very boring opener of #FifaWorldCup2018 #WorldCup2018… https://t.co/y5FyQl2S5v ||| Russian goalkeeper at the goalpost watching Saudi Arabia #FifaWorldCup2018 #WorldCup2018 #WorldCupRussia2018 https://t.co/7cWnAuGLrY ||| Saudi Arabia players probably hadn't eaten yet during #WorldCup kickoff that's why they are not interesting in their football;0;auto: 0/6 signals
61862373;AshleyMoloi;Ashley Teboho Moloi;Instagram: 📸IG: ashleymoloi || 👻snapchat: ms.moloi 💛Owner💙Of💜September❤️🎁🎀🎉🎈;;994;960;12;3796;28021;False;2009-07-31T20:08:13;False;False;6;2018-06-14T16:31:29;2018-06-15T18:30:16;0,9658;8,65;1;6,0;The World Cup has officially started .....YHO 🙀 #WorldCupRussia2018 #WorldCupRussia #WorldCup2018 ||| Morocco had no business losing this game. #FifaWorldCup2018 #WorldCup2018 https://t.co/rWnx6kj7cL ||| Morocco is playing with my anxiety.... come onnnnnnn #WorldCup2018 https://t.co/57AbmAG6He ||| 😂😂😂😂😂😂😂😂😂 https://t.co/LgqiuGxNSF ||| 😂😂😂😂😂😂 https://t.co/vyea5hltta;0;auto: 0/6 signals
705223343377686528;roccardozo;rocar💚;;Con vicky;469;227;1;10611;7171;False;2016-03-03T02:48:42;False;False;1;2018-06-16T02:35:38;2018-06-16T02:35:38;0,484;8,6;0;0,0;RT @MoruRossi: No se como pueden verle algo lindo, algo gracioso, a esto. Que ganas de morirme me dan https://t.co/gH64LBY3YV;;
1944776448;raquelthiemy;raquel;eu sou um amorzinho vcs q me tiram do sério;;194;250;0;2511;14282;False;2013-10-07T17:48:43;False;False;1;2018-06-14T17:22:54;2018-06-14T17:22:54;1,2887;8,35;0;0,0;RT @legendarychld: AH MEU DEUS OS FILHOS DELE LEVARAM A TAÇA E O CHAPEU DELE #Russia2018 https://t.co/4mGgMIYU32;;
1675758350;Joph137;Blue Morrey 🇲🇽;"INGENIERO EN MECATRONICA⚓, Diseñador, Desarrollador e innovador💡
Musica Indie🎸 , Viajero.📸
Metódico y Analista.📖
Cafe☕ y whisky.🍷";Los Angeles, Puebla. Mx;480;826;16;64495;14705;False;2013-08-16T13:35:12;False;False;3;2018-06-14T19:16:09;2018-06-14T19:18:35;1,7208;8,34;0;0,0;RT @EhEpaColombi: Bubucelas de última tecnología.   #WorldCup #Russia2018 https://t.co/IhwiW6HHK7 ||| RT @saampieri: ¡viva la fiesta! 🇲🇽 #WorldCup https://t.co/LBf5bSGXvw ||| RT @ClaseGratis: Ni modo, ya me debes 300 barriles de petróleo.   #Rusia2018 #WorldCup https://t.co/ljJAd94wII;;
67839805;charlie0107;ちゃーりー;"爬虫類（特にカメ）とポケモンとジョジョとアニメとゲームと漫画と音楽とロードバイクとカメラが好きな残念な人です
ネコ(10♀)とカメ(10♀)とヒト(33夫)が自宅にいます

居住履歴：山形→千葉→神奈川→東京";埋立地;289;517;14;17730;26803;False;2009-08-22T07:27:03;False;False;1;2018-06-17T14:12:45;2018-06-17T14:12:45;1,7889;8,32;0;0,0;#WorldCup 試合前のオープニングとかCMで使われてるあの映像、赤！金！シベリア鉄道！大聖堂！ロシア！ウラー！って感じがとてもいいよね🇷🇺;0;auto: 0/6 signals
493569464;MarkKearns3;Mark Kearns;Mark, 22, Irish. #MUFC, #Heat, #finsup;South Dublin, Ireland;18813;3465;12;10814;19079;False;2012-02-15T23:06:29;False;False;1;2018-06-15T18:46:25;2018-06-15T18:46:25;0,1842;8,26;0;0,0;RT @selecaoportugal: BIS DE CRISTIANO RONALDO!!!  #PORESP | 2-1 | #ConquistaOSonho #WorldCup https://t.co/e9oqo9SIl5;;
276766394;terraqueoqqr;só Sá;Membro da SBPC - Sociedade Brasileira das Putas Carinhosas 🌈✨;Terra Média;1134;1314;3;22485;21701;False;2011-04-04T01:38:13;False;False;1;2018-06-16T13:39:26;2018-06-16T13:39:26;1,1587;8,25;0;0,0;The first player of the Island to take a goal at World Cup https://t.co/7jRD1sLxEO;0;auto: 0/6 signals
186107260;amhar_Abdl;R;##Gooner##AFC##Red Army##Loner🙅🏼;Earth;785;357;3;4253;23320;False;2010-09-02T16:04:20;False;False;1;2018-06-14T14:39:13;2018-06-14T14:39:13;0,4548;8,21;0;0,0;RT @MesutOzil1088: That moment when you realize your mobile phone battery is on 1% ... 🔋🔌 #DieMannschaft #Worldcup2018 @DFB_Team https://t.…;;
62835275;diogoberniz;Диого;Corneteiro de rede social alheia;São Luís - MA - BRASIL;289;289;4;3921;25978;False;2009-08-04T14:45:29;False;False;35;2018-06-14T11:58:04;2018-06-17T16:41:21;1,0;8,02;3;11,67;HAAAAAAAJ CORAÇÃO #GER #MEX #WORLDCUP ||| No 3 contra 2 eles não sabem o que fazer com a bola e o animal chuta no calcanhar do zagueiro germânico #ger #mex #worldcup ||| MEU DEUS BICHO, ESSEA JOGADORES DO MÉXICO SÃO PÉSSIMOS. OSÓRIO FAZ MILAGRE. #MEX #GER #WORLDCUP ||| Fraca esta Alemanha #ger #worldcup ||| Chicharito não está inspirado há anos #mex #ger #worldcup;0;auto: 0/6 signals
303694284;ItsJustPope;波比;🌏| IG: _nosideshows_;VA;776;691;1;1242;19996;False;2011-05-23T08:57:23;False;False;1;2018-06-14T13:44:03;2018-06-14T13:44:03;0,8905;7,75;0;0,0;RT @BleacherReport: It starts today. #WorldCup https://t.co/FlLLg2reYF;;
3196117365;francoisfruch;Francois;Passionné par les sneakers, le sport et le journalisme #TeamPSG;;125;351;10;7515;8856;False;2015-04-22T21:07:00;False;False;3;2018-06-16T08:05:15;2018-06-16T18:36:04;2,808;7,7;0;0,0;RT @paulpogba: Papa c’étais por toi 🇫🇷 Dad this one was for you. @equipedefrance #allezlesbleus #fiersdetrebleus #weliveforfootball #WorldC… ||| RT @paulpogba: Très hereux de notre victoire allez les Bleus!! 🇫🇷🙏🏾 @equipedefrance #AllezLesBleus  #weliveforfootball #WorldCup #WorldCup2… ||| RT @ThomMills: Bonne chance aux copains du @PSG_inside et aux français dans l'ensemble 😁 De tout coeur avec vous... jusqu'à un certain stad…;;
941374756581818368;illohsemmen;wujisan;mulakan disini;Malaysia;6;18;0;494;1386;False;2017-12-14T18:30:06;False;False;3;2018-06-14T14:43:11;2018-06-14T14:43:25;3,0;7,66;0;0,0;RT @sportbible: Robbie Williams doing bits here. #WorldCup https://t.co/c7dSx7NKOH ||| RT @2010MisterChip: And down the waterfall 🎵 #WorldCup https://t.co/4lxHIDhh0B ||| RT @cherylopossom: is this Russian culture? it looks like the hunger games opening ceremony #WorldCup https://t.co/NXdrnUsSyh;;
559655613;gandomgoun;مامانِ ترمه 🇩🇪;دلم می‌خواست یه دختر داشته باشم اسمش رو بذارم «ترمه» اما همیشه اونی نمیشه که ما دلمون می‌خواد...;پايتختِ دودُ گوگرد;1564;132;9;22627;17189;False;2012-04-21T14:09:31;False;False;1;2018-06-15T23:08:51;2018-06-15T23:08:51;0,0844;7,65;0;0,0;می‌تونم ساعت‌ها به این سه قاب نگاه کنم. به مرد‌ی که پشت زنی ایستاده، به بوسه‌ای که با همه‌ی وجود روی لب‌های دخترک ن… https://t.co/EQQ3LvBHqm;0;auto: 0/6 signals
62421462;hakbumi;safina;am every woman, it's all in me.. anything you want done, i'll do it naturally;;634;185;13;3003;24526;False;2009-08-03T03:08:46;False;False;1;2018-06-16T01:49:07;2018-06-16T01:49:07;0,2918;7,57;0;0,0;😄1️⃣7️⃣ https://t.co/FDEkbJk9Sx;0;auto: 0/6 signals
797424252;annaaiirraam;Mariana💗;Beyond blessed. Following my dreams & enjoying the little things ☯;;644;488;2;11848;15910;False;2012-09-02T03:37:58;False;False;1;2018-06-15T05:01:15;2018-06-15T05:01:15;0,7578;7,53;0;0,0;RT @ChivaZ71: a whole lotta Mexico Jerseys for a country who hates Mexico https://t.co/piXip0hs5R;;
2378427768;_moyyo;MOSCOBITE;Ugly and fat!.;|LOST.|;414;338;0;4966;11747;False;2014-03-08T09:09:06;False;False;1;2018-06-16T23:02:07;2018-06-16T23:02:07;0,8164;7,53;0;0,0;RT @bensonedo_: Make una shut up abeg. This is not the time. https://t.co/6p8tvVmZTq;;
317023154;PSKRATCH1;DJ PSKRATCH™;FOR BOOKINGS --pskratch1@gmail.com \\BRAND STRATEGIST \\MARKETER \\SOCIAL MEDIA CONSULTANT FOR BUSINESS & EVENTS  \\ 📱 0717160545;;5177;3018;7;5064;19229;False;2011-06-14T09:44:55;False;False;8;2018-06-14T17:19:23;2018-06-16T15:18:26;0,583;7,51;1;8,0;#WorldCup Who is the best ? ||| RT @BBCSport: A memorable #WorldCup debut for #ISL. A goal from Alfred Finnbogason and a penalty save from Hannes Halldorsson help them to… ||| #WorldCup https://t.co/jDWO4h0wMl ||| Karius degea 🤣🤣 Viva #cr7#WorldCup ||| Egypt doing a good job making Africa proud @LuisSuarez9 @ECavaniOfficial  have been silenced #WorldCup;0;auto: 0/6 signals
106500360;anavab_;aninha na copa, o hexa vem 🇧🇷;"▶ Clube Náutico Capibaribe ⚽♥/  ▶Recreadora; Professora de Educação Física; Dançarina.

anavitoriabarros81@gmail.com 📩";Recife, Pernambuco;437;102;0;2062;22787;False;2010-01-19T19:29:54;False;False;5;2018-06-15T12:26:36;2018-06-17T12:33:42;0,2334;7,42;2;2,5;"BOMMM DIAAAAA MINHA NAÇÃO, HOJE É DIA DE TORCER, VIBRAR, GRITARRR!!!!! BORA BRASIL #WorldCup #BRA #Copa2018 O HEXA VEMMMMM!!!!!!!! ||| BOMMM DIAAAAA MINHA NAÇÃO, HOJE É DKA DE TORCER, VIBRAR, GRITARRR!!!!! BORA BRASIL #WorldCup #BRA #Copa2018 O HEXA VEMMMMM!!!!!!!! ||| Ана Витория, связанная в кубке #WorldCup ||| ""A COPA É DO POVO."" Valorizem a magnitude do esporte!!! Isso é copa do mundo!!!! Bora Brasil 🇧🇷⚽ #WorldCup #bra… https://t.co/35PeUGCJlb ||| ""A COPA É DO POVO."" Valorizem a magnitude do esporte!!! Isso é copa do mundo!!!! Bora Brasil 🇧🇷⚽ #WorldCup #bra https://t.co/VmXhIpIJsn";0;auto: 0/6 signals
117552786;sway_gha;Oluwaseyi 🇬🇧🇳🇬;I can’t come and kill myself;London, England;630;403;12;6277;22463;False;2010-02-25T22:28:22;False;False;2;2018-06-15T09:10:18;2018-06-15T20:53:15;0,6397;7,41;0;0,0;RT @Ebuka: And France. Don’t forget France 🇫🇷 https://t.co/b5tPIUNO6u ||| RT @_wangwe: Their wives. https://t.co/EtokCdHal2;;
22815722;ralph_belair;Cassius;Brand director of BELÄIR;Seattle/New York/Haiti;691;986;21;8111;24621;False;2009-03-04T18:57:31;False;False;1;2018-06-16T10:17:36;2018-06-16T10:17:36;1,4269;7,26;0;0,0;RT @DanColasimone: Nice day. #WorldCup https://t.co/j6lFKWFqzO;;
294146528;RipzHustles;Finesse;;;2236;1309;5;2319;18750;False;2011-05-06T16:16:59;False;False;2;2018-06-15T18:06:59;2018-06-16T19:00:03;0,5854;7,22;1;2,0;RT @eromzy: As Nigerians we have to adopt AS Roma as our 2nd club irrespective of who we support. We have to pay back all the love shown. F… ||| RT @Squawka: Cristiano Ronaldo is only the fourth player in #WorldCup history to score in four consecutive tournaments:  ☑️ 2006 ☑️ 2010 ☑️…;;
907237076;MelaniePalina;Melanie Palina;Amar al rojo toda la vida♡ If you can dream it, you can do it. SE LLAMA ACTITUD Y TE PUEDE CAMBIAR LA VIDA ☀️;;373;349;2;932;14656;False;2012-10-27T02:50:47;False;False;1;2018-06-15T14:24:11;2018-06-15T14:24:11;0,9357;7,12;0;0,0;RT @SerUniv: “Prometo que para el próximo Mundial ya voy a estar recibido”. #SerUniversitario #Rusia2018 #WorldCup https://t.co/qMFvk0a91p;;
920489708;syafiqminion;syfqmnn;21 - n5 rider;Batang Kali, Selangor;285;216;1;723;14399;False;2012-11-02T06:35:27;False;False;5;2018-06-15T07:54:50;2018-06-16T19:05:31;0,7579;7,02;1;5,0;RT @TrollFootball: The updated #WorldCup pool https://t.co/RqRXADZAMe ||| RT @TrollFootball: This #WorldCup is a tournament of late goals 😍 https://t.co/ph4sOXm786 ||| RT @EPLBible: RETWEET if you think Cristiano Ronaldo is the best player in the world.  #WorldCup https://t.co/9x83eUVdjx ||| RT @ijaicool: Egypt tak fokus ni bolos last minute sebab semua orang dah terfikir jemputan open house raya #WorldCup ||| RT @9GAG: Sons of #WorldCup icon Clovis Acosta Fernandes takes up their father's legacy. https://t.co/WFAlnzSwKf;;
93102433;WandyBadipe;Wandy;70% of my tweets are about movies;London, England;375;534;10;8991;21937;False;2009-11-28T02:34:25;False;False;2;2018-06-14T05:48:57;2018-06-17T11:42:24;1,424;7,02;3;0,67;RT @bensonedo_: Make una shut up abeg. This is not the time. https://t.co/6p8tvVmZTq ||| RT @sweeethoneytee: best world cup anthem tbh https://t.co/zjWvXXa1xG;;
3762489197;PP_JJorge;Jota;Ig: PP_jorge3 || Santarém || Karaté 🥋 #TeamDoDuca #NSCAL🎉;Santarém, Portugal;304;195;0;4851;6880;False;2015-09-24T17:46:21;False;False;1;2018-06-15T12:02:18;2018-06-15T12:02:18;0,6414;6,92;0;0,0;RT @Telo_j01: Arranjem descrições para isto #ConquistaOSonho #WorldCup https://t.co/HYmduEJOqr;;
50245103;duditdewanto;dudutdewanto 두딧;"INTP | Occasional Fashion Terrorist | Overthinking in multiple languages.

🎮 Kelseto-DianYing/Constable TaxTax";Indonesia;775;761;5;69;22347;False;2009-06-24T07:38:27;False;False;1;2018-06-14T17:01:44;2018-06-14T17:01:44;0,9819;6,82;0;0,0;FT #RUS 5-0 #KSA | #WorldCup #RUSKSA | I'm speechless.;0;auto: 0/6 signals
83969757;YooWally;AllPurpose;it's always Just?;Smokey Bear ln, Bay Area ;309;513;2;1321;21522;False;2009-10-21T01:12:57;False;False;1;2018-06-14T17:20:32;2018-06-14T17:20:32;1,6602;6,82;0;0,0;Come on Saudi 5-0 to Russia #WorldCup2018;0;auto: 0/6 signals
565968434;RahimC7;Rahim;Tunnel Vision;;204;193;1;9600;15221;False;2012-04-29T04:13:15;False;False;1;2018-06-15T16:55:30;2018-06-15T16:55:30;0,9461;6,8;0;0,0;damn two 90 min game winners 😲 #WorldCup2018;0;auto: 0/6 signals
42911405;Darren_Chandler;Darren Chandler;Postie by day at @RoyalMail.📮 Idiot the rest of the time!😜 Supporter of @TheGillsFC.⚽️ Pro Wrestling fan.💪 Video game nerd.🎮 Metal fan 🎸Lots of hair.💇‍♂️;Someone's doorstep probably.;390;550;14;730;22393;False;2009-05-27T15:57:58;False;False;11;2018-06-15T13:42:43;2018-06-17T15:42:16;1,4103;6,77;2;5,5;Mexico look impressive so far. #Ger vs #Mex #WorldCup ||| Personally think VAR should stay but it needs tinkering management wise. People say it takes away controversy etc e… https://t.co/r8fjUeqErj ||| I really don’t know what people expected from VAR? It’s just looking back over an incident and then a human final d… https://t.co/PrANUcyCYG ||| Lol! Roy Keane couldn’t give up what the other pundits think! 😂😂😂😂 #Cro   vs #Ngr #WorldCup   ||| Lol! Roy Keane couldn’t give up what the other pundits think! 😂😂😂😂 #Cro  vs #Nigeria #WorldCup ;0;auto: 0/6 signals
47271170;mad_african;Philawatomie;Ma catabase en Europe a pris fin et suis de retour au #Congo. En pleine cure de #désamericanisation sauf les #Knicks, Ginsberg & 2pac.;République Démocratique Du Congo;728;809;26;2251;22151;False;2009-06-15T05:50:17;False;False;1;2018-06-16T06:26:10;2018-06-16T06:26:10;1,1113;6,74;0;0,0;"#Nasir &gt; #WorldCup2018";0;auto: 0/6 signals
1592429173;buricon2006;大山ぶり大根;「大山ぶり大根」です。月１でフットサルを開催してます。その他、花火・BBQ・花火・忘年会・雪山・パズドラなど多岐に活動中。Twitterではイベント情報などを呟いてます。;KANTO;62;66;1;0;12025;False;2013-07-14T03:14:20;False;False;1;2018-06-14T22:27:38;2018-06-14T22:27:38;1,0645;6,7;0;0,0;The latest 日刊 *ぶりコン新聞*（サッカー編）! https://t.co/MISmkqDpt8 Thanks to @weeklysd #daihyo #worldcup;0;auto: 0/6 signals
22156798;mikespalding;michael spalding;;iPhone: 53.377808,-2.259474;657;1096;9;751;22285;False;2009-02-27T16:26:39;False;False;1;2018-06-14T16:12:29;2018-06-14T16:12:29;1,6682;6,57;0;0,0;RT @TomTugendhat: This is very worrying. Civil rights are human rights. With Russia on display to the world if Putin can’t respect them now…;;
245971502;Sjwred1892;Steve 🇬🇧🔞😉;"Life long Liverpool FC Supporter,i have a wonderful wife & daughter,a believer in fate and chance. YNWA it's a family thing. ;) #lfcfamily";the blue marble thing.EARTH;1626;668;26;36;17442;False;2011-02-01T21:20:11;False;False;2;2018-06-14T16:41:03;2018-06-14T16:44:57;0,4108;6,49;0;0,0;RT @AmyKate8LFC: Excited to FINALLY announce I’m a member of #FanMovement by FIFA. I’ll be working w/fans chosen from 44 countries by FIFA… ||| I have the excitement of a Pebble for the #WorldCup2018   looking forward to when the real football ⚽️ starts ...th… https://t.co/M47DAOwr3h;0;auto: 0/6 signals
97206407;Ichigerc;...and justice 4 all;Political Scienceを中心にツイートしてます。日本の民主主義ってなんでしょうか？チャーチルの言葉「しかしそれしかない」も脇において。最近はシステムとしての「金」について勉強してます。音楽とスポーツもつぶやきます。;;585;662;4;90;20148;False;2009-12-16T13:17:42;False;False;1;2018-06-16T22:16:21;2018-06-16T22:16:21;1,1316;6,49;0;0,0;RT @Bbcbuta: モスクワには3万人のアイスランドサポーターがやって来た。これは総人口の9％が押し寄せた事になる！ #worldcup #FIFAワールドカップ   RT @SportsQuotient: 30,000 Iceland fans in Moscow (a…;;
193093019;jacki3mo0n;Well John;your ma's your ma;Los Angeles, CA;907;538;2;2683;18086;False;2010-09-20T23:24:13;False;False;1;2018-06-15T14:57:46;2018-06-15T14:57:46;0,5932;6,4;0;0,0;RT @ClickScolmore: 🏆WIN🏆 yourself a Scolmore Fridge stocked FULL of Beer in time for England's last game of the group stages in the World C…;;
2253911828;OaklandWire;Oakland Wire;Oakland news and views.;Oakland, CA;1435;874;56;118;10261;False;2013-12-19T18:42:45;False;False;1;2018-06-14T21:17:09;2018-06-14T21:17:09;0,6091;6,26;0;0,0;RT @RepBarbaraLee: As #WorldCup2018 kicks off, we’re celebrating in #Oakland at #OaklandTechnicalHighSchool.  #youthsoccer #oakland #letsmo…;;
3192572641;DonquixoteAguil;CHARLOTTE KATAKURI CABRON1;;Amarillo, TX;108;225;0;49758;6960;False;2015-05-11T21:33:23;False;False;1;2018-06-15T01:44:39;2018-06-15T01:44:39;2,0833;6,16;0;0,0;RT @metaposible: Se registra atentado en la embajada de Arabia en España. Se capta a sospechoso de origen musulmán con arma de largo alcanc…;;
62791368;gj_afg18;Orhe 🤪;One person: Bakit ang tahimik mo? Me: Bakit ang daldal mo?👷🏼🤴🏼🦆🐞🍄🎄🌚🌧❄️🌊🥝🥑🥚🍝🍱🍡☕️🍾🎾🏊🏼🚴🏼🎧🎼🚲🛶🗼🏰🎢🎡🏔🏗;Las Pinas City, National Capital Region;293;1656;4;39411;19950;False;2009-08-04T11:26:04;False;False;1;2018-06-15T20:40:38;2018-06-15T20:40:38;5,6519;6,16;0;0,0;RT @CNN: Cristiano Ronaldo scores a hattrick to earn Portugal a thrilling draw against Spain https://t.co/3KTRkWFbpj #WorldCup https://t.co…;;
819095010;HrvatAK;Nathan Mitchell;Interior Crocodile Alligator, I drive A Chevrolet Movie Theatre| 🇭🇷🇵🇱🇨🇿 | ΣΑΕ;;337;1091;10;34310;12881;False;2012-09-12T08:08:10;False;False;1;2018-06-15T16:56:47;2018-06-15T16:56:47;3,2374;6,13;0;0,0;RT @FIFAWorldCup: Our full-time graphics have been ruined again!   #IRN net a last-minute winner!  #MARIRN // #WorldCup https://t.co/HYf5JR…;;
75633258;vero_9_4;Vero Yrausquín;Irremediable adicta a la brisa fresca;ÜT: 11.6784,70.17618;325;241;1;333;19175;False;2009-09-19T20:19:55;False;False;1;2018-06-14T13:15:59;2018-06-14T13:15:59;0,7415;6,01;0;0,0;RT @BSchweinsteiger: Looking forward to the next 4 weeks! ⚽️🏆 Good luck to everyone, especially the German national team. 👊🇩🇪 #tbt #worldcu…;;
1236972331;DeniseTocchetto;Deu ☆;"23 Años /Est. Derecho en Unr/Hincha del Ciclón





SnapChat: denisetocchetto";;737;546;0;10970;11544;False;2013-03-02T23:37:53;False;False;1;2018-06-15T02:39:22;2018-06-15T02:39:22;0,7408;5,98;0;0,0;Es en el 2035 el próximo eh @giulilombardini ? Pq si No, no me dan las cuentas jajajaja https://t.co/3JDrhPJlqS;0;auto: 0/6 signals
493728432;JacubG6;Jacub;Nothing ventured, nothing gained  | Chelsea FC;;506;534;3;19240;13824;False;2012-02-16T03:47:04;False;False;2;2018-06-14T11:20:13;2018-06-14T11:37:27;1,0553;5,98;0;0,0;RT @LaczyNasPilka: ZACZYNAMY MUNDIAL! 🏆🇷🇺  #WorldCup https://t.co/b9TE6bLev2 ||| RT @bbc5live: The start of the #WorldCup is just a few hours away but where are all the @England fans?  @RachelBurden goes in search of Eng…;;
112859612;BronwynOrsatti;Bronwyn Orsatti;I like to eat, laugh, take photos, dream, work in the agile 'inter-webs', help people & balance that with being a mum of 2 autistic kids. All my own opinions;Sydney;1097;516;365;3552;18087;False;2010-02-09T23:09:58;False;False;6;2018-06-14T09:55:10;2018-06-17T04:16:19;0,4704;5,93;2;3,0;Everything you need to know about the #WorldCup in 60 seconds.  Love ur work @LucyZelic #SBSTheWorldGame https://t.co/edE1xcEk5V ||| RT @TheWorldGame: FT: Australia 1 France 2  A cruel loss. But an impressive effort by the @Socceroos! On to the next game against Denmark o… ||| RT @LucyZelic: Come on lads! The whole country is behind you! #GoSocceroos #WorldCup ||| RT @TheWorldGame: Tune into @SBS NOW for LIVE, FREE and HD coverage of the @Socceroos clash against France. #SBSTheWorldGame #WorldCup #FRA… ||| RT @SJR1978: It all kicks off tonight  10.30pm EST The #worldcup preview live from Red Square with @LucyZelic @Craig_Foster @olgaklep plus…;0;auto: 0/6 signals
79142229;jeffandika1;Jeff Andika 林豪;ktbffh;南京;186;415;0;66;18733;False;2009-10-02T09:50:43;False;False;2;2018-06-15T18:20:39;2018-06-17T15:34:22;2,2312;5,89;1;2,0;RT @BrazilStat: South Korea's manager has admitted that his players have exchanged shirts during training sessions and friendlies in order… ||| RT @saadabdulhai: There are 5 salaahs in a day There are 5 pillars of Islam There are 5 main Prophets  Saudi are secretly giving us reminde…;;
442802604;justaimane;Aiimaneee;Zendaya / Olga / demi / Серебро / Ханна;Olga Seryabkina's closet;1704;547;5;3865;13955;False;2011-12-21T13:48:02;False;False;1;2018-06-16T13:23:19;2018-06-16T13:23:19;0,321;5,89;0;0,0;#WorldCup https://t.co/UwxYMnS2MC;0;auto: 0/6 signals
24078124;angiereid;tis me...really!;i'm all about animals and RT animal causes like crazy... sorry! adopt dont shop!!;vancouver;350;817;32;4491;19851;False;2009-03-13T00:03:22;False;False;2;2018-06-16T05:29:37;2018-06-17T09:04:18;2,3343;5,87;1;2,0;RT @Krowd9: This is the best video you’ll see today. School kids in Uruguay reacting to their late winner. More than a game. 😍🇺🇾 #WorldCup… ||| RT @RobertKazinsky: So while we’re all excited for #WorldCup2018 there is still a huge animal welfare crisis happening in Sochi, if you’re…;;
1942098517;Miriamm36;Miriam;Stay at home mom;;188;416;1;9624;9985;False;2013-10-06T21:19:29;False;False;1;2018-06-16T01:29:38;2018-06-16T01:29:38;2,2128;5,83;0;0,0;RT @ChivaZ71: a whole lotta Mexico Jerseys for a country who hates Mexico https://t.co/piXip0hs5R;;
1105792201;TheeVickey;Dιρσℓєℓσ Mαρнαℓє;Agriculture Graduate,Feminist,Music,Pirates , Real Madrid & Fashion fanatic. Ambitious n a go getter. A Fighter ✊;Welkom,Pretoria ;1015;1470;4;21385;11311;False;2013-01-20T09:10:14;False;False;2;2018-06-14T12:41:45;2018-06-17T08:53:01;1,4483;5,73;2;1,0;RT @Soccer_Laduma: Here's a guideline of today's #WorldCup fixtures. https://t.co/9QqBLv5dGn ||| RT @osipuka: Watching Bafana Bafana players who played in the 2010 #WorldCup providing expert advice on the Cup. You would think they quali…;;
2902419979;NessHopi;노라 엘리;;;23;62;0;12762;7455;False;2014-11-17T05:34:01;False;False;1;2018-06-15T20:27:48;2018-06-15T20:27:48;2,6957;5,71;0;0,0;"RT @billboard: Shawn Mendes unveiled a different version of ""In My Blood"" for Portugal's official #WorldCup song https://t.co/y9DCryMTDV ht…";;
111307648;soushunn2003;はるちゃま卍 @ 6/16ナゴド(世界選抜総選挙);"◆SKE48“ #竹内彩姫 ”推し
◆Parfait“ #西山乃利子 ”
推し♪ヽ(´▽｀)/
◆欅坂46“ #原田葵 ”始まりました
◆元NMB48“#與儀ケイラ ”の亡霊
◆元DokiDoki☆ドリームキャンパスの人←
◆自称横浜FCサポーター
◆虎党
◆つくば市在住←
◆ｦﾀ卒寸前Parfaitに拾われました←";常陸の国;416;1227;0;18671;17261;False;2010-02-04T13:34:51;False;False;1;2018-06-15T23:02:42;2018-06-15T23:02:42;2,9495;5,65;0;0,0;ロナウド1人で追いついたスゲーな(笑) https://t.co/phhsSjL5sw;0;auto: 0/6 signals
2883805335;MedyaCimbomOrg;Medya Cimbom;'' MENFAATSİZ GALATASARAY '';İstanbul, Türkiye;8086;167;9;3993;7203;False;2014-11-19T09:37:32;False;False;1;2018-06-15T08:10:20;2018-06-15T08:10:20;0,0207;5,53;0;0,0;RT @tribunselcom: Ole ole❤️#WorldCup https://t.co/H7LhcrhIDz;;
2200528079;rjtbaptista;ricardobaptista.;@realmadriden;Portugal;837;214;1;12091;9157;False;2013-11-29T13:38:36;False;False;2;2018-06-15T20:12:19;2018-06-17T16:04:09;0,2557;5,51;1;2,0;RT @realmadriden: We can't WAIT to see @MarceloM12 in action at the #WorldCup! #HalaMadrid https://t.co/rbzqcQtAM3 ||| RT @B24PT: HAT-TRIIIIIIIIIICK RO-NAL-DOOOOOOOOOO! 3-3  #PORESP #WorldCup https://t.co/xSyg4e0Sf4;;
1484359339;simona_poletti;Simona Poletti 🐝 🇪🇺 ⚽️ 🇵🇪;Loyal & proud supporter of @hicusick ✨ Creator & manager of @cusickonscreen ☀️ Contributor photographer at @istock by @gettyimages 📷 Green manager ♻️;Hawaii, USA;924;991;34;27721;10037;False;2013-06-05T07:25:35;False;False;2;2018-06-14T05:32:13;2018-06-16T19:38:38;1,0725;5,46;2;1,0;Peru deserved better!  I’m toasting to the next match, hoping for a win #WorldCup 🇵🇪  #PiscoSour @hicusick https://t.co/F8N0CP0rjF ||| RT @cusickonscreen: Happy FIFA #WorldCup y’all ⚽️ https://t.co/zu3Hr9aG2p;0;auto: 0/6 signals
321172751;ayin_ola;KING!!!;There haven't been a more reserved persona. #MUFC ...;Lagos.;497;245;2;1054;13924;False;2011-06-21T04:09:56;False;False;4;2018-06-16T15:26:38;2018-06-17T14:08:08;0,493;5,45;0;0,0;RT @realFemiOtedoIa: You that I'm still sending pocket money. How much do you have sef 😂😂😛 #NaijaAllTheWay #WorldCup https://t.co/yECjxDB4lL ||| @genakhena https://t.co/EajPqrCdlH ||| RT @KingAbsolute_: Just in case you're still looking for the pig 🐖 it's now a barbecue.  #CRONGA #WorldCup https://t.co/nNrls5MfUs ||| RT @The_Nifemi: Ghana is ready for the #WorldCup 😩 https://t.co/lkV8nM2Sax;0;auto: 0/6 signals
88647311;voziedwards;Vozi Edward;High affinity for current affairs w/ a particular penchant for the African story | #mufc to the marrow | Chess Enthusiast | A libero-maverick.;Juba, South Sudan.;1129;2338;18;4041;17057;False;2009-11-09T11:49:13;False;False;1;2018-06-14T10:55:49;2018-06-14T10:55:49;2,0709;5,44;0;0,0;@LemmyRyans The #WorldCup will take us there than sooner.;0;auto: 0/6 signals
3385026419;o_jonito;ᴊᴏɴɪᴛᴏ 🦅;Red or dead;Coimbra;147;85;1;6869;5746;False;2015-07-20T21:43:31;False;False;1;2018-06-15T20:49:05;2018-06-15T20:49:05;0,5782;5,42;0;0,0;RT @EuroGuyXX: So in group B: ✔️ Morocco scored 1 goal, ✔️ Spain scored 3 goals, ✔️ Portugal scored 3 goals, ✔️ Iran scored 0 goals  and  I…;;
339371717;Agy_doubleaa;Aaron;GMU Alum ... IA | ΑΦΑ;;927;1087;5;9032;12996;False;2011-07-21T00:41:20;False;False;2;2018-06-14T15:03:26;2018-06-14T15:19:17;1,1726;5,16;0;0,0;RT @FOXSoccer: What a time to get your first international goal!  Gazinsky scores the first goal of the FIFA #WorldCup to put Russia ahead… ||| RT @BleacherReport: It starts today. #WorldCup https://t.co/FlLLg2reYF;;
1676039089;JiriLeniValenta;Valenta;Inst. Post-Comm Studies/Terrorism. JV a CFR member, NY. Contrib to The Nat'l Int,  NYT, FP. &   RIAC, Moscow. Unafraid, bi-partisan. Uphold U.S. & freedom!;Miami, FL;1075;4860;18;2617;9102;False;2013-08-16T15:35:42;False;False;1;2018-06-14T19:21:30;2018-06-14T19:21:30;4,5209;5,16;0;0,0;RT @coolghost101: Meanwhile... at the World Cup.   #WorldCup https://t.co/Tw3E2kYTbz;;
321673617;MatiasBallivian;Matias Ballivian;River desde la cuna hasta el cajón 🐓💗;;757;675;0;13470;13039;False;2011-06-21T23:28:18;False;False;1;2018-06-14T16:58:21;2018-06-14T16:58:21;0,8917;5,12;0;0,0;RT @FIFAWorldCup: Looking good, Robbie 👌  #WorldCup https://t.co/ZBd82tqXap;;
1002569765464956928;seblayos;Sebastian 🦀;🦀 1% Tweets Serios, 99% Drama, chisme y mierda 💩       ME LLAMO COMO EL CANGREJO DE LA SIRENITA 🦀;Top of The World;6;35;0;69;75;False;2018-06-01T15:17:13;False;False;1;2018-06-17T11:53:26;2018-06-17T11:53:26;5,8333;5,0;0;0,0;RT @FIFAWorldCup: Welcome to Russia, @FCFSeleccionCol!   #WorldCup https://t.co/O7RjJzsfeJ;1;auto: 4/6 signals
1421244649;SoapDouze;Douze;Dwight, you ignorant slut! http://twitch.tv/Douze;United States;213;210;2;4978;9290;False;2013-05-11T17:50:00;False;False;1;2018-06-17T17:01:06;2018-06-17T17:01:06;0,9859;4,99;0;0,0;RT @FIFAWorldCup: Wow!   #MEX stun the #WorldCup champions in Moscow!   #GERMEX 0-1 https://t.co/XOtAWcKD8U;;
387449056;CeesarQuiroz;CesarQuiroz;#Alemania#RealMadrid#Chelsea#Bayern / #Químico / #Orgulloso/ #Payaso/ Necio únicamente si vale la pena/ Conocerme no es lo peor ni lo mejor.;"Guate ;)";260;429;3;437;12186;False;2011-10-09T02:45:21;False;False;1;2018-06-14T14:22:00;2018-06-14T14:22:00;1,65;4,99;0;0,0;RT @FCBayern: 2⃣0⃣0⃣6⃣: Miroslav #Klose  ⚽⚽⚽⚽⚽  2⃣0⃣1⃣0⃣: @esmuellert_  ⚽⚽⚽⚽⚽  2⃣0⃣1⃣4⃣: @jamesdrodriguez  ⚽⚽⚽⚽⚽⚽  2⃣0⃣1⃣8⃣: 🤔  #FCBayern #…;;
791615069406765056;ElPinsheBruno;MrBruno de Grey 👌;Intento de Friki ,Geek , pero mas paresco un Naco  :'v Greytiliano por siempre... #NacoYOrgulloso #HailBrigitte  #HailSatan  #WakandaForever  #InfinityWar;Lima, Perú;87;228;2;11260;2966;False;2016-10-27T12:18:34;False;False;1;2018-06-17T00:22:15;2018-06-17T00:22:15;2,6207;4,97;0;0,0;RT @ivanrakitic: Idemo vatreni.!!!🇭🇷🙏 What a great feeling to start the #WorldCup in this way 😊➕3⃣ Great team effort 👏🇭🇷! Qué gran sensació…;;
105812378;chibi_chico;トリコ;むすび丸とペンギンをこよなく愛すサッカー好き。ドイツに住んでたにも関わらず、あんまりブンデス見にいかなかったことを後悔中。現在はシフトと有給をやりくりしつつ、ベガルタホーム参戦中。 Instagramやってます。主にベガルタの写真上げてます。 http://Instagram.com/chibi_chico0421;;165;245;4;14639;15130;False;2010-01-17T15:28:22;False;False;6;2018-06-15T12:46:42;2018-06-17T13:19:24;1,4848;4,93;2;3,0;"RT @chidajunsei3163: 四日目、前回王者とブラジル登場⚽️ #今節の個人的注目カード #WorldCup　毎日結果イラストはしんどかったので早くも断念😑 https://t.co/wkQUrH7bcL ||| RT @Birkanovitz: @FIFAWorldCup Iceland has arrived #VikingClap #WorldCup #FyrirIsland #ARGISL #fotboltinet https://t.co/wik27IzU2I ||| RT @sagankurume: 『身長、体重、国際試合の経験値などのデータからは明らかにライバル国より劣るアイスランドだが、突出していたものがあった。決勝までの全試合の合計で、得点などをチーム全員で喜び合った回数は２９９回で、対戦国の計１３５回の２倍以上に達した。』  日本人… ||| RT @chidajunsei3163: 二日目の結果&amp;今日もJリーガー登場⚽️ #今節の個人的注目カード #WorldCup https://t.co/vC2fbZjkJZ ||| RT @chidajunsei3163: 昨日の結果&amp;二日目！！Jリーガー登場⚽️ #今節の個人的注目カード #WorldCup https://t.co/1kn3JBCHdG";;
1918279285;xMystical_Elfx;Marisol🌙;Can we pretend like it's just you and me? I wanna act like I can FEEL SOMETHING.. @movementsCA | 21|UNT|Catholic.🌙💕👑;Japan...i wish.;603;1077;3;6481;8436;False;2013-09-29T22:03:33;False;False;3;2018-06-14T05:42:24;2018-06-17T16:41:17;1,7861;4,9;3;1,0;RT @miseleccionmxEN: History!!!! Congratulations @RafaMarquezMX for making this your 5th @FIFAWorldCup!! 👏🏻👏🏻👏🏻👏🏻  #NadaNosDetiene | #World… ||| RT @miseleccionmxEN: 🚫⚽️  @yosoy8a being Ochoa.   #NadaNosDetiene | #WorldCup https://t.co/BnBQSw57ef ||| RT @miseleccionmxEN: We’ve been waiting 4 years for this moment. 🤗  1⃣ day to go for the #WorldCup!!!  📍Luzhniki Stadium 🇷🇺   #NadaNosDetie…;;
50353623;erik_bennett;erik bennett;I live where you vacation. Unless you vacation outside of south Florida. Pastor at Hope Fellowship. #GoCanes #GoCubs;South Florida;1099;298;31;2769;15943;False;2009-06-24T16:29:13;False;False;1;2018-06-16T14:35:56;2018-06-16T14:35:56;0,2712;4,86;0;0,0;Also. Pretty sure #Iceland has steins instead of water bottles. #WorldCup2018;0;auto: 0/6 signals
811509403;alainGN;alainGN;Défense de l'identité et de la souveraineté des nations.;Essonne, FRANCE;273;527;3;375;10230;False;2012-09-08T19:01:31;False;False;1;2018-06-14T11:42:21;2018-06-14T11:42:21;1,9304;4,86;0;0,0;RT @ThierryMARIANI: Les milliers de supporters et journalistes en #Russie vont souvent découvrir un pays étonnant qui est bien loin de l’en…;;
4021912694;JustSoccerCR;Только футбол CR 🇨🇷;"Información del fútbol femenino.
2 años 🎂

#Rusia2018 #VamosTicos #CRC

Resumen Semanal en http://teleredtelevision.com

 #FutFemCR, #FPD ⚽";Costa Rica;1463;249;2;2563;4644;False;2015-10-26T07:15:15;False;False;3;2018-06-14T14:29:56;2018-06-15T20:19:02;0,1702;4,82;1;3,0;RT @FIFAWorldCup: And so, Group B looks like this:   1) #IRN 2) #POR 3) #ESP 4) #MAR   #WorldCup https://t.co/u97e6W0rDL ||| RT @2010MisterChip: Jugadores que marcaron con la cabeza el primer gol de una Copa del Mundo #worldcup: 1978 Lacombe #FRA (contra #ITA) 199… ||| Listo ya están los 11 #Rusia2018 https://t.co/YmRAgyJPps;0;auto: 0/6 signals
3026075257;MorreQPassaa;man〇liveira;Se cá nevasse fazia-se cá ski;313;341;657;0;17485;5795;False;2015-02-18T14:11:32;False;False;2;2018-06-14T23:17:19;2018-06-15T21:18:44;1,9267;4,78;0;0,0;RT @B24PT: OBRIGADO, @Cristiano 👑   #ConquistaOSonho #WorldCup https://t.co/T9buo5LQ7n ||| RT @rubslb: A bandeira do país! #POR #WorldCup https://t.co/pOBC562C2Z;;
26724458;5tevenFilms;#AfricanCinematographer;Film & TV Production Company based in West Africa 🇬🇭 #Ghana ,Digital Brands PR Strategist, Kreative5 Agency.;London/Accra Worldwide;2322;674;65;16907;15964;False;2009-03-26T10:54:17;False;False;4;2018-06-14T20:43:23;2018-06-17T08:50:52;0,2903;4,74;2;2,0;RT @selorm_romeo: Africans are currently missing Ghana at this #WorldCup  Only Ghana can bring joy and hope to Africa at the #WorldCup   Ni… ||| RT @PressTV: Russia crushes Saudi Arabia 5-0 in #WorldCup opener  Watch the highlights here: https://t.co/n1vCsHuclB https://t.co/zN863jt5sT ||| RT @WorIdCupUpdates: Legends are watching 👀 #WorldCup  https://t.co/Hr2b142LSC ||| RT @dkbghana: #Russia2018 opening match Russia 5 - 0 Saudi Arabia  RT if you are thinking what I'm thinking😂😂 https://t.co/fABR2pLnZg;;
187541278;HamiltonsLondon;Hamiltons of London Escorts Agency 18+;London Escorts agency female owned specialising in English, XXX stars, European,Mature,Indian girls chosen for good looks & love of fun. (+44) 0207 160 0277;London United Kingdom;10392;11329;134;4196;13419;False;2010-09-06T14:33:51;False;False;3;2018-06-17T00:30:15;2018-06-17T11:23:53;1,0902;4,72;0;0,0;"How Portugal finally fell in love with Cristiano Ronaldo https://t.co/gjKaXn6JQU #WorldCup ||| https://t.co/MKxgA8Yc2p English escort Daphne has poise,confidence &amp; charm &amp; some very naughty escorting skills &amp;te… https://t.co/Vu5B5D3Cxr ||| https://t.co/SQypO2dAfK All our escorts in Fulham are close to Fulham Broadway station, which is served by the Dist… https://t.co/gjVShujWVJ";0;auto: 0/6 signals
1277160912;TheRoyalLoyal;Maryanne;Aries baby | f4f | Unsullied | don't ask my opinion if you cant handle it;;2749;2149;14;7382;9021;False;2013-03-18T08:32:36;False;False;8;2018-06-15T12:22:35;2018-06-16T20:27:35;0,7817;4,71;1;8,0;RT @newscantell: Messi: Anyone can score a penalty.  Ronaldo: Take, come and score.😂😂  #WorldCup #ARGISL https://t.co/NRFhwkb5Ax ||| RT @iGitz_: Croatia fans earlier today arrived to the stadium on a Kenyan bus. #WorldCup https://t.co/dvq8p2Mtwm ||| RT @bringitonguyz: The Iceland Keeper is a flim maker. He deserves an Oscar for this performance. #WorldCup ||| RT @beINSPORTS: SAVE! Messi is denied 😮  #beINRussia #beINFWC #ARGISL #WorldCup https://t.co/8bNCh2c5Lp ||| RT @FourFourTwo: Somewhere in Russia... 🇷🇺  #WorldCup #ARGISL https://t.co/RnBcVuUm7D;;
317176780;nikfaris1607;faris;KCH↔KL;Kuching, Sarawak;1126;446;1;763;12033;False;2011-06-14T15:08:04;False;False;1;2018-06-15T11:50:46;2018-06-15T11:50:46;0,3961;4,71;0;0,0;RT @ESPNFC: Mohamed Salah is on the bench for Egypt's first match of the #WorldCup: https://t.co/fxRZlAfLcJ https://t.co/BmgJxxohpL;;
217771621;Mike__etareh;.exe;All We Want To Do Is Be Free;;559;416;2;4259;13002;False;2010-11-20T13:51:22;False;False;1;2018-06-16T19:50:09;2018-06-16T19:50:09;0,7442;4,7;0;0,0;Lmaoooooo 😭😭😭 https://t.co/sn5A6c45vZ;0;auto: 0/6 signals
258216635;marioguzman8;Mario G;Ingeniero químico. Baloncesto, fútbol, deporte en general, Historia, lectura, series, música...Y sobre todo frikezas y humor. Azulón 💙🐱🐱🐱🐱💙;;438;345;8;1741;12537;False;2011-02-27T06:11:13;False;False;5;2018-06-16T12:07:39;2018-06-16T17:56:23;0,7877;4,7;0;0,0;#PER puso las ganas y el juego (fallando penalti) y #DEN ha puesto la efectividad. Muy bien Carrillo y Advincula, y… https://t.co/bSwliMGDw1 ||| Pues no se impuso la lógica y esto es lo bonito del fútbol. #ISL ha resistido como vikingos ante una decepcionante… https://t.co/T2NclqCjwf ||| RT @8bitfootball: Any Iceland supporters around? #ISL #WorldCup https://t.co/xgIUChVe66 ||| Y, aunque creo que se impondrá la lógica y #ARG ganará, apoyo máximo de mi parte de los vikingos de #ISL . Me representan. #WorldCup ||| Y, aunque creo que se pondrá la lógica y #ARG ganará, apoyo máximo de mi parte de los vikingos de #ISL . Me representan. #WorldCup;0;auto: 0/6 signals
4398859528;MarcoGilardigno;Sommité Gilardigno;"Entrepreneur Italien Elegant et Charismatique
🇮🇹🖼🇮🇹🏟💲🌄♨️⚡🕯💸 📰🔛🖍🗝";Milan, Lombardie;113;290;4;3911;4225;False;2015-12-06T23:21:57;False;False;1;2018-06-15T16:13:10;2018-06-15T16:13:10;2,5664;4,59;0;0,0;RT @delpieroale: Cosa dire ancora di Momo Salah.  Giocatore dell’anno! Il suo infortunio nella #UCLfinal ha fatto soffrire tutti quelli che…;;
2836940189;Justin_90716;Justin 🤯;;California, USA;133;218;5;3693;6003;False;2014-10-19T07:44:57;False;False;8;2018-06-14T03:12:48;2018-06-16T01:32:54;1,6391;4,5;1;8,0;RT @JackGrimse: Ronaldo's day started off with a €19m fine from the Spanish authorities.  It ended with him scoring a 🎩 trick against #ESP… ||| RT @soccerdotcom: Is @cristiano the 🐐? CR7's celebration today says YES. Agree? #CelebrateNext #WorldCup https://t.co/rH5ZQruHHV ||| RT @IntChampionsCup: ⚽ 89th-minute winner for #URU against #EGY ⚽ 95th-minute goal hands #IRN a first World Cup victory in 20 years v #MAR… ||| RT @soccerdotcom: What. A. Game. Stunning goals. A @Cristiano hat-trick. If this #WorldCup wasn’t already 🔥, it is now. https://t.co/4e6iuH… ||| RT @WrldSoccerShop: Hattrick King 👑⚽️⚽️⚽️   Ronaldo's hat trick powers #POR  to a 3-3 draw against #ESP  in Group B.  @Cristiano becomes th…;;
67231551;fiernandes;lih;Uma pessoa que apesar das dificuldades não abre mão do que acredita e entende que cada um tem sua verdade e ela é o caminho.;Minas Gerais , Brasil;39;78;2;3142;14493;False;2009-08-20T04:50:07;False;False;1;2018-06-17T16:37:54;2018-06-17T16:37:54;2,0;4,5;0;0,0;😍👊 #BoraBrasil #War #WorldCup #BRAZIL ❕❕💖 https://t.co/HYJkMe7chu;0;auto: 0/6 signals
117791714;Pmoney_Talks;Mr Nwanganga 🌞;Digital Strategist/Content Creator/Influencer/Presenter/Voice Over/Enviable Humor-mind/Author @cfatechdotng /Curator @urbaninstatweet,@mobomedix;Lagos, Nigeria;1585;2148;28;45163;13529;False;2010-02-26T16:40:46;False;False;4;2018-06-14T17:57:55;2018-06-17T06:27:49;1,3552;4,46;2;2,0;Absolutely! https://t.co/ZuEdmV8JyJ ||| I swear! Man must've cooked up his CV https://t.co/1s2Zi7RZZP ||| Naija will sha chop plenty L after this march #CRONGA https://t.co/4zLST9pOVf ||| RT @iSlimfit: Hi, my name is Wale Adetona. They call me Slimfit, and I am not a Tailor but a Social Media Marketer and Strategist! 😊  Yeah…;0;auto: 0/6 signals
1944200833;ritaespindola15;Rita;•🏀Esgueira Basket • u19 •📍Aveiro •;Aveiro, Portugal;789;250;1;7459;7508;False;2013-10-07T13:49:04;False;False;1;2018-06-17T14:14:57;2018-06-17T14:14:57;0,3169;4,38;0;0,0;RT @B24PT: Candidato a momento mais fofo do #WorldCup 😍 https://t.co/FvQKGfw2u3;;
36046814;ZOOXnumba1;Zuko Nomnganga;DE KING OF DE JUNGLE;ÜT: -26.1664556,27.8384459;395;393;5;156;14459;False;2009-04-28T11:59:24;False;False;2;2018-06-14T14:45:08;2018-06-14T14:49:22;0,9949;4,34;0;0,0;Is it over already? Wow that was the worst opening ceremony I've ever seen #rus #WorldCup #OpeningCeremony ||| Robbie Williams just pulled a Zap sign to the world #WorldCup #RUS #OpeningCeremony;0;auto: 0/6 signals
500146783;architect_GM;GM;Arquitecto/GM;;551;660;13;11791;9691;False;2012-02-22T21:07:57;False;False;1;2018-06-17T12:15:03;2018-06-17T12:15:03;1,1978;4,2;0;0,0;RT @MesutOzil1088: M A T C H D A Y ! ⚽️💥🇩🇪 #M1Ö #Worldcup2018 #GERMEX #DieMannschaft #Predator https://t.co/cRSMZNgFal;;
102418021;Patrick_Hberg;Patrick H;Vader / Sparta supporter / Meubelmaker/machinaal houtbewerker / Australië / hobby Fotograaf / WOTE fan / Volleyballer en in PR-commissie voor sociaal media;;187;137;18;741;12876;False;2010-01-06T16:46:11;False;False;1;2018-06-14T15:49:06;2018-06-14T15:49:06;0,7326;4,18;0;0,0;Wordt die bal bestuurd vanuit die VAR wagen? De bal lijkt soms vreemd te rollen over het veld. #russau #WorldCup;0;auto: 0/6 signals
29706375;theodelaney;Theo Delaney;Partner at @watchablefilms, director at @Hotspur_Argyle. @spursshow & Watchable Radio Show host https://www.facebook.com/groups/watchableradioshow/ #COYS;London W1, N8, N17;5970;2000;184;4856;13900;False;2009-04-08T12:46:57;False;False;6;2018-06-15T14:22:02;2018-06-17T07:25:43;0,335;4,14;1;6,0;😂😂😂😂😂😂 https://t.co/wnshpSqeNt ||| Do you think Mark Clattenburg is being kept in that van against his will? #WorldCup ||| Bloody hell. France have taken off the sublime and brought on the ridiculous! #FranceVAustralia #WORLDCUP ||| Increasingly Lawro is that miserable, grumpy old git relative everyone’s dreading coming to stay because he’s is go… https://t.co/MdOEnM3TId ||| Love it!!! https://t.co/naXP1nTHnU;0;auto: 0/6 signals
153980267;AriVillarrealM;Ari Villarreal;El que NO Vive para Servir NO sirve para Vivir. #Coahuilense Apasionada de la #Justicia y la #Política;Distrito Federal, México;1514;1467;14;4593;12137;False;2010-06-10T02:02:40;False;False;4;2018-06-17T15:29:28;2018-06-17T16:45:19;0,969;4,14;0;0,0;Vamos México 🇲🇽 @miseleccionmx  #MexicoVsAlemania #WorldCup https://t.co/yLEuXJ73Ur ||| Que pinches Nervios a 10 min de acabar el juego #MéxicoVsAlemania #WorldCup https://t.co/FnBrGSmfRw ||| Que Gol @miseleccionmx  Vamos México 🇲🇽 #WorldCup ||| RT @acereros: ¡Buena Suerte México! #MexicoVsAlemania #WorldCup https://t.co/6gLeeE47FJ;0;auto: 0/6 signals
980361289;Hareth___;🏳️‍🌈;yessss;;382;218;1;1663;8336;False;2012-11-30T12:21:17;False;False;1;2018-06-16T10:17:47;2018-06-16T10:17:47;0,5707;4,12;0;0,0;"RT @padangbolasepak: Dimitri Petratos formerly of Kelantan &amp; Andrew Nabbout formerly of Negeri Sembilan could be in action later today agai…";;
37389909;Varvara13;Barbara Loots;"Bookworm. Geek. Wine lover. Lawyer.
Living a #DontWalkDANCE life!
#LoveTheatre voice behind @TheatreSceneCpt, a @lootsdigital project.
@CTAngelsZA director.";;1031;1005;49;4336;13620;False;2009-05-03T08:41:54;False;False;1;2018-06-14T05:31:33;2018-06-14T05:31:33;0,9748;4,09;0;0,0;RT @FCBayernEN: And the award for the most 🔥 team at the #WorldCup goes to... 😎🇩🇪  📸@GQMagazine https://t.co/RPscXNnqWm;;
326788059;caiodasilva0;eu Caio;♻️;Guaruja-SP;261;83;0;940;10368;False;2011-06-30T13:57:41;False;False;2;2018-06-14T03:15:22;2018-06-14T19:18:34;0,318;4,08;0;0,0;RT @legendarychld: AH MEU DEUS OS FILHOS DELE LEVARAM A TAÇA E O CHAPEU DELE #Russia2018 https://t.co/4mGgMIYU32 ||| RT @10Ronaldinho: Vai começar!! 🤙🏾 ⚽ 🇧🇷 #WorldCup https://t.co/QgiBrHZ2oU;;
2866253793;natz_1888;Natz;Celtic Season Ticket Holder and apparently A Nippy Sweetie. Eyebrows 100% hair. 🍀🏴󠁧󠁢󠁳󠁣󠁴󠁿;People's Republic of Shawlands;1231;1327;2;1708;5351;False;2014-11-07T20:34:54;False;False;1;2018-06-17T09:45:15;2018-06-17T09:45:15;1,078;4,06;0;0,0;RT @BobProcterr: I'm convinced Roy Keane is going to kill Slavan Bilic if he keeps touching his shoulder 😂 #CRONGA #WorldCup https://t.co/W…;;
398575227;bahari_22;Firman Bahari;"Ipin.
-
 Sastra Akuntansi"; Jakarta - Padang;435;133;5;36;9736;False;2011-10-26T07:55:44;False;False;3;2018-06-14T10:07:18;2018-06-16T16:00:30;0,3057;4,01;2;1,5;RT @popokman: Sementara bek nomor 2 #ISL aslinya kerja di pabrik bungkusin garem. Buat main di world cup kudu izin dulu. 🤣🤣🤣  Dan tadi dia… ||| RT @popokman: Kalo lagi gak gagalin peluang Messi and Friends, kiper #ISL nyambi jadi sutradara. https://t.co/7mYVtfZK1E ||| Prediksi Final : #Bel vs #Bra #WorldCup;0;auto: 0/6 signals
210455372;kosid7;SiD;"Γαυρομάνιακ, 80's boy, Painter artist, Judo.
Σεβασμός στα ΑμεΑ.
Πατήστε το λινκ http://youtube.com/watch?v=9-_xqj…  για τις δύσκολες μέρες...";Greece;800;291;7;9211;11046;False;2010-10-31T13:40:12;False;False;2;2018-06-16T15:26:49;2018-06-17T06:53:22;0,3638;3,97;0;0,0;RT @NitwikFootball: That's 0.0009% of Iceland's population chasing Messi...  #WorldCup https://t.co/xbfQojpBqb ||| RT @dimzgrfs: Το δεύτερο πιο σημαντικό γκολ του Φινμπόγκασον στην καριέρα του. Το πρώτο ξέρετε ποιο είναι. #WorldCup #wc18gr https://t.co/D…;;
612509004;Kaitlyn_Nolan99;🥀;this is why mom doesn’t FUCKING love you;hell;115;200;0;21278;8571;False;2012-06-19T09:51:29;False;False;1;2018-06-15T04:45:42;2018-06-15T04:45:42;1,7391;3,92;0;0,0;RT @ChivaZ71: a whole lotta Mexico Jerseys for a country who hates Mexico https://t.co/piXip0hs5R;;
578628216;Monde_rigma;ÁFRAM ÍSLAND 🇮🇸 🙌;MONDE THE EXPLORER  🌎 | AIM HIGHER DREAM BIGGER 🤘| FANBOY | MAMON IT YOURSELF WITH MONDE 💕;Republic of the Philippines;729;367;0;2833;8543;False;2012-05-13T01:33:50;False;False;35;2018-06-14T12:03:13;2018-06-17T08:18:20;0,5034;3,84;2;17,5;RT @bayer04_en: It's game day for Julian Brandt!!  He'll face former teammate @CH14_ as #GER take on #MEX in the #WorldCup! https://t.co/OF… ||| RT @icelandworldcup: Cheer on Iceland with the viking clap. Visit https://t.co/9l31lFULFZ to play and show your support  #WorldCup #teamice… ||| Omaaaygad! Sa sobrang busy ko sa #WorldCup  diko napansin ang ganap! Langyaa. Hahaha  Dodong uwi kana kasi 😔🙁… https://t.co/FCMt3Py9oQ ||| RT @flipsidefeels: Will be cheering for Iceland!  #WorldCup ||| RT @MARCAinENGLISH: Lionel Messi missed a penalty as #ARG were held by #ISL 😱  Jorge Sampaoli and co. saw their #WorldCup campaign get off…;0;auto: 0/6 signals
2579628096;sarahhtig;sarah;;;514;662;4;15252;5585;False;2014-06-21T02:19:32;False;False;1;2018-06-16T01:09:12;2018-06-16T01:09:12;1,2879;3,84;0;0,0;RT @ChivaZ71: a whole lotta Mexico Jerseys for a country who hates Mexico https://t.co/piXip0hs5R;;
404151604;IsaacKartel;Jax Teller;had to get my head set, now I get hands free.;Medellin.;144;127;1;4088;9238;False;2011-11-03T14:33:45;False;False;2;2018-06-14T15:39:16;2018-06-14T17:25:22;0,8819;3,83;0;0,0;Well that went well 😂😂 https://t.co/DOldyp65U6 ||| RT @AliquamScripto: “At least a homosexual didn’t score right?!” https://t.co/9t6hNSps4G;0;auto: 0/6 signals
260375871;Ugwu_10;Ugwu Uzochukwu;Embrace the process... Proverbs 22:4.;Israel ;862;506;2;534;10002;False;2011-03-03T19:28:03;False;False;2;2018-06-15T19:18:13;2018-06-15T19:21:15;0,587;3,76;0;0,0;Artistic Isco #WorldCup ||| Oh well...... #WorldCup;0;auto: 0/6 signals
719682449656164353;maia_alen;Maia;ASUHSOM;;265;402;0;16024;2973;False;2016-04-12T00:24:01;False;False;1;2018-06-16T03:27:38;2018-06-16T03:27:38;1,517;3,74;0;0,0;That’s right Idaho and Mississippi. Viva Uruguay! https://t.co/qLCFmjVxpf;0;auto: 0/6 signals
264023886;PolethCota;Po ✨;Sagitario ♐️;Hermosillo, Sonora;212;389;0;12789;9924;False;2011-03-11T05:29:20;False;False;1;2018-06-15T06:53:06;2018-06-15T06:53:06;1,8349;3,74;0;0,0;RT @ChivaZ71: a whole lotta Mexico Jerseys for a country who hates Mexico https://t.co/piXip0hs5R;;
26310144;mrdarrenperry;◄Darren Perry►;The greatest things in this world are knowledge and laughter... interests include: #Spurs #Science #Humour #Family #Astronomy #Food #Nature #Documentaries;England;672;2755;22;15370;12597;False;2009-03-24T20:01:23;False;False;4;2018-06-16T08:47:30;2018-06-17T06:25:57;4,0997;3,74;0;0,0;RT @Joey7Barton: The beautiful game! Not many sports have this impact. https://t.co/08Msh32eWh ||| RT @IcelandFoods: We're always serious about savings. https://t.co/ygZ17v4XD6 ||| RT @BobProcterr: I'm convinced Roy Keane is going to kill Slavan Bilic if he keeps touching his shoulder 😂 #CRONGA #WorldCup https://t.co/W… ||| RT @FourFourTweet: The scenes when Cristiano Ronaldo equalised for #POR vs. #ESP.   Listen to episode 3 of the @FourFourTweet #WorldCup pod…;;
855820172;charlesilvasco;Jorg Ancrath;"eu sou patético.    n de follow.


Vasco e Bulls";itaborai;128;658;1;6069;7679;False;2012-10-01T04:16:06;False;False;1;2018-06-14T15:22:45;2018-06-14T15:22:45;5,1406;3,69;0;0,0;"RT @glaubermacario: Galvão: ""Deve ser um barato fazer o primeiro gol da Copa em casa"". #WorldCup https://t.co/yDqOh0N7xD";;
4723062492;nooresafa;Sana;Writer, poet, equalities, social, human and communities support. #FeministFest blogger All views are my own.;Delhi, India;682;1665;27;4908;3254;False;2016-01-07T11:15:53;False;False;2;2018-06-16T21:17:14;2018-06-16T21:23:26;2,4413;3,65;0;0,0;Full Time: Croatia 🇭🇷 2-0 Nigeria 🇳🇬  A disappointing start to the FIFA #WorldCup for Nigeria. Etebo's own goal and… https://t.co/7ZMwcLXABX ||| FT | #CRO dismantle #NGA in Kaliningrad to top Group D!   #WorldCup https://t.co/m9FkxXEJ6m;0;auto: 0/6 signals
254452480;tritshuri;Huey;Young soul with a canvas heart;Worldwide;1242;260;4;13033;9735;False;2011-02-19T09:09:52;False;False;5;2018-06-15T06:28:25;2018-06-16T15:00:53;0,2093;3,64;1;5,0;RT @FCBarcelona: Leo Messi and @Argentina start the #WorldCup with a draw but there is still a lot of football to be played. 💪 🔵🔴 #BarçaWor… ||| RT @jn_shine: If Cristiano Ronaldo continues performing like this, He will reach Messi's Level. 👏👏👏👏 he just needs to play against world cl… ||| RT @deoluajao: The David De Gea we expected Vs the One we got against Portugal 😭 #WorldCup #PORESP  #Davidsaves 😭 https://t.co/lWckOltR90 ||| RT @newcityrel: Update!!!   A female fan has sneaked into the spain dressing room to give De Gea her phone number...   Guess what!!!  He co… ||| RT @ManCity: It's time! #WorldCup https://t.co/L7q9vpBE4t;;
217805491;PeterHuguenin1;Peter Huguenin;Sports reporter at the Columbus Telegram, and Boise State alumnus. All tweets and opinions are my own.;Columbus, NE;767;3690;17;9851;10015;False;2010-11-20T15:50:15;False;False;3;2018-06-16T02:27:41;2018-06-16T16:15:35;4,811;3,62;0;0,0;Peru plays soccer, like I play FIFA. Screw trying to get into the box let’s just launch shots and hope something goes in. #WorldCup ||| RT @lthomasnews: SportsCenter is a joke tonight. Zero #WorldCup highlights after an hour of watching. Top 10 plays were minor league baseba… ||| RT @NBCSportsSoccer: The schoolchildren of Uruguay got a little excited when Jose Gimenez delivered his late #WorldCup game-winner.   (via…;0;auto: 0/6 signals
478230928;JessyCristobal;jess🔅;EHS '19✈️ | IG:jess_cristobal | ♌️ | 🇲🇽🌵;316;572;546;4;7372;8297;False;2012-01-30T02:02:35;False;False;1;2018-06-15T22:34:45;2018-06-15T22:34:45;0,9545;3,56;0;0,0;RT @COrtega_10: This is your “best player” https://t.co/bqMxh797HU;;
1576538936;arisbetttorres;arisbet.;I think I’m hilarious but Alexander says otherwise.;;262;101;2;4036;6387;False;2013-07-08T02:24:57;False;False;1;2018-06-17T07:55:53;2018-06-17T07:55:53;0,3855;3,54;0;0,0;RT @OCmayra: The streets of Moscow turned into a huge party last night. La Chona went worldwide getting people from all over the world danc…;;
2374468278;marianamar2404;🌊iana;oh God make me good, but not yet;Santa Maria da Feira;167;89;0;12289;5308;False;2014-03-05T23:15:14;False;False;1;2018-06-16T11:21:45;2018-06-16T11:21:45;0,5329;3,4;0;0,0;RT @insoniascarvao: ❤️ #PORESP #WorldCup #CristianoRonaldo https://t.co/fywgK6hwEy;;
388915846;CSummersMedia;Connor Summers;Journalist, from Bristol, studying Journalism in Southampton. Part of Team Solent Media team and Co-Founder of CWS Sports. Bristol Rovers fan! All views my own.;Bristol;516;965;6;3382;8274;False;2011-10-11T15:10:45;False;False;2;2018-06-16T11:20:06;2018-06-16T16:22:49;1,8702;3,39;0;0,0;Magical😂 https://t.co/5LPPMeuIKP ||| VAR is finally taking over #FrancevsAustralia #Russia2018;0;auto: 0/6 signals
85113816;JohnBarr92;John Barr;😎☀️;Inverkeithing;345;420;4;1644;10446;False;2009-10-25T16:31:43;False;False;2;2018-06-15T16:14:51;2018-06-17T08:45:47;1,2174;3,31;1;2,0;RT @Joey7Barton: The beautiful game! Not many sports have this impact. https://t.co/08Msh32eWh ||| RT @Sporf: 🇧🇷 Clovis Fernandes followed Brazil for 7 consecutive World Cups from 1990 to 2014, but passed away from cancer in 2015 😢  🇷🇺 Hi…;;
116170460;louise_balingit;louibean ✨ nine-nine!;“let’s become a me who loves myself”;923;330;332;3;11034;10050;False;2010-02-21T12:30:23;False;False;1;2018-06-16T18:00:19;2018-06-16T18:00:19;1,0061;3,31;0;0,0;RT @ChivaZ71: a whole lotta Mexico Jerseys for a country who hates Mexico https://t.co/piXip0hs5R;;
2594533723;TheRoarcast;The Roarcast;Brisbane Roar F.C. podcast, dedicated to all the news, views and opinions on the BRFC & A-league. available on iTunes & Soundcloud Search : The Roarcast;Brisbane, Queensland;447;116;5;462;4731;False;2014-06-29T09:09:03;False;False;2;2018-06-16T11:13:38;2018-06-16T11:15:04;0,2595;3,27;0;0,0;RT @TheFootballSack: EVEN IN THE WORLD CUP WE STILL GET FUCKED BY VAR CAN'T ESCAPE IT EVERYONE IT'S OUR DESTINY #FRAAUS #WorldCup ||| 56' Penalty. VAR review guves the French a pen. Of course we're the first to get fucked by VAR at the #WorldCup #FRAAUS;0;auto: 0/6 signals
2940761753;erickhcs2;Erick Henrique;;BH - MG;222;239;0;4451;4119;False;2014-12-25T14:17:15;False;False;1;2018-06-14T19:35:53;2018-06-14T19:35:53;1,0766;3,25;0;0,0;Meu olho suou https://t.co/xG5gyxcEKy;0;auto: 0/6 signals
1489482974;alaa_shika;loly;The one thing that U have that nobody else has is U. Ur voice, ur mind,ur story, ur vision. So write & draw & build & play & dance & live as only U can.;Cairo, Egypt;181;620;1;17147;5941;False;2013-06-07T04:22:54;False;False;1;2018-06-15T18:59:50;2018-06-15T18:59:50;3,4254;3,24;0;0,0;RT @FutballTweets: 🇪🇬 RT for Salah  🇺🇾 Like for Suarez  #WorldCup https://t.co/Nmq4FZ5Z0D;;
181866741;_abdlhh;aas;Sundays;kuala lumpur, MY;172;457;4;336;8926;False;2010-08-23T07:06:44;False;False;1;2018-06-17T16:54:14;2018-06-17T16:54:14;2,657;3,13;0;0,0;what a start for the first leg of world cup matches. i kenotttt... https://t.co/rCIkobZLRl;0;auto: 0/6 signals
341192453;_moonofsaturn;Moon;♍;Brazil;946;1955;0;2004;7745;False;2011-07-23T23:43:34;False;False;1;2018-06-15T21:52:09;2018-06-15T21:52:09;2,0666;3,08;0;0,0;RT @CBF_Futebol: - Também sei fazer, Zabivaka!  #Canarinho dando show de habilidade e simpatia na Rússia! 🤙🐥🇧🇷 #GigantesPorNatureza #WorldC…;;
308577381;mrmiddle09;Malcolm #584831;Work in travel. Crawley Town, Liverpool, Surrey, Chiefs, Darts player. moved t'up north so a crawley exile! run a marathon or 4 #oneinamillion;;557;1646;7;7546;7923;False;2011-05-31T17:00:49;False;False;1;2018-06-16T16:48:00;2018-06-16T16:48:00;2,9551;3,08;0;0,0;What a shit peno #WorldCup #PER;0;auto: 0/6 signals
114505828;Memories_Die;🇧🇪  El Mágico 🇵🇹;"""Galatasaray iyiyse biz de iyiyiz. """;06 / 35 DEU;602;177;3;3856;9273;False;2010-02-15T17:00:40;False;False;8;2018-06-14T12:13:21;2018-06-17T14:58:05;0,294;3,05;3;2,67;#GER #MEX #WorldCup⁠ ⁠ ||| #CRC #SRB #WorldCup⁠ ⁠ ||| #CRC #SBR #WorldCup⁠ ⁠ ||| #CRO⁠ ⁠⁠ ⁠ #NGA⁠ ⁠⁠ ⁠ #WorldCup⁠ ⁠⁠ ⁠ ||| Senciyiz futbol senci. #Per⁠ ⁠ #Den⁠ ⁠ #WorldCup⁠ ⁠;0;auto: 0/6 signals
80515178;hardika_ws;hardika widi satria;Saya bersyukur maka saya ada.;Indonesia;389;460;4;124;9678;False;2009-10-07T06:58:29;False;False;1;2018-06-17T15:09:31;2018-06-17T15:09:31;1,1825;3,05;0;0,0;Akankah Joachim Loew menikmati kudapan ringan berupa upil organik disela-sela pertandingan Jerman vs Meksiko kali i… https://t.co/S96bWZZ6Lt;0;auto: 0/6 signals
2257318988;_brendizzleeeee;Bren Diesel;heaven sent, hell bent.;;161;247;2;3196;4964;False;2013-12-22T05:33:33;False;False;1;2018-06-15T20:42:29;2018-06-15T20:42:29;1,5342;3,03;0;0,0;RT @ChivaZ71: a whole lotta Mexico Jerseys for a country who hates Mexico https://t.co/piXip0hs5R;;
919881692;calcapelle;Callaghan Capelle;Writer//Director//Actor//Film & Theatre Lover;;328;391;1;19112;6195;False;2012-11-01T21:31:12;False;False;1;2018-06-14T17:50:13;2018-06-14T17:50:13;1,1921;3,02;0;0,0;RT @KyleMSherry: Oh, the #WorldCup is on? Sorry, I don't have time to watch silly games while I'm focusing on our REAL pastime: Respecting…;;
859056112724836353;IsleOfTruth;IsleOfTruth;I.D.'s illegal. It's #illegal to use a #legal #name. #Why http://truthbillboards.wordpress.com/bccrss;;85;96;0;5801;1228;False;2017-05-01T14:45:12;False;False;6;2018-06-17T12:55:06;2018-06-17T12:55:18;1,1294;2,99;0;0,0;https://t.co/0MDKYkP2ms #FCBBVB #presseclub #dopa Costa Rica Özil Seehofer und Söder Sérvia Milinkovic-Savic #DHS18… https://t.co/1g95VRfKF5 ||| https://t.co/0MDKYkP2ms #FCBBVB #presseclub #dopa Costa Rica Özil Seehofer und Söder Sérvia Milinkovic-Savic #DHS18… https://t.co/iktnfMI91B ||| https://t.co/0MDKYkP2ms #FCBBVB #presseclub #dopa Costa Rica Özil Seehofer und Söder Sérvia Milinkovic-Savic #DHS18… https://t.co/VZYs5Vwb2L ||| https://t.co/Nci3I9QhZ2 #FCBBVB #presseclub #dopa Costa Rica Özil Seehofer und Söder Sérvia Milinkovic-Savic #DHS18… https://t.co/FzfGNc7Ouz ||| https://t.co/eWHYPBmEdT  #FCBBVB #presseclub #dopa Costa Rica Özil Seehofer und Söder Sérvia Milinkovic-Savic… https://t.co/NDVPnE4UwU;;
1654617500;XIVMike;Michael Turner;;;353;78;0;18732;5255;False;2013-08-08T05:07:22;False;False;1;2018-06-15T19:32:03;2018-06-15T19:32:03;0,221;2,97;0;0,0;RT @zemie: LETS GOOO!!! ⚽️ #IRN #WorldCup;;
49527561;Kaboli_;Sahra;I like all things french fries and I/O Psychology.;;680;570;5;24179;9740;False;2009-06-22T03:47:59;False;False;3;2018-06-15T15:11:08;2018-06-15T17:46:47;0,8382;2,97;0;0,0;RT @MazJobrani: Who needs @Nike shoes when we’ve got Moroccan heads! #TeamMelli #WorldCup ||| The first 80 mins of the game vs. when Morocco scores on themselves #TeamMelli 🇮🇷 #WorldCup https://t.co/8aMXrpcEVI ||| Odds are I have a stroke during this game #TeamMelli #WorldCup;0;auto: 0/6 signals
2169463332;BitterAfterDark;BitterAfterDark;When I'm not talking baseball on my other Twitter account (@bittergiantsfan), I’m here getting philosophical drinking after dark.;San Francisco;311;79;25;3748;4988;False;2013-11-02T03:01:17;False;False;1;2018-06-14T15:23:25;2018-06-14T15:23:25;0,254;2,96;0;0,0;RT @RideTheLlama: I haven't seen Russia dictate play like this since the 2016 US Presidential campaign. #WorldCup;;
149087081;Tucker_O_Cole;Tucker COLE;...Heading towards the mark...;Lagos, Nigeria;309;729;1;253;8686;False;2010-05-28T11:19:44;False;False;1;2018-06-15T20:37:22;2018-06-15T20:37:22;2,3592;2,95;0;0,0;RT @SuperSportTV: ✔️ First #WorldCup hat-trick. ✔️ Scored the 51st #WorldCup hat-trick. ✔️ Scored his 51st career hat-trick  Who else? CR7.…;;
106906694;CONTADORCLAUDIO;Claudio;#readoneplayer #READYPLAYERONE Soy Claudio Violante. Soy ANTISIXER contador y me encanta The Beatles y la Salsa. Ya tenemos la mayoria de edad mi cruz azul;Puerto Vallarta, Jalisco;495;2054;7;2112;8800;False;2010-01-21T01:37:46;False;False;1;2018-06-16T12:32:06;2018-06-16T12:32:06;4,1495;2,87;0;0,0;RT @SanCadilla: Y en la sección #SiYaSabenCómoSomosParaQuéNosInvitan, aquí el cántico que los aficionados de #MEX le dedican a #GER #Rusia2…;;
252631999;LupHDeLLa;Adela Augustine;I'm Love;Malaysia;305;252;0;1919;7630;False;2011-02-15T15:57:05;False;False;2;2018-06-14T10:32:24;2018-06-16T04:01:50;0,8262;2,85;1;2,0;RT @SPNSportsIndia: Day 2 of the #WorldCup was all about late goals and plenty of drama! Any guesses on which was the most exciting match?… ||| RT @WorIdCupUpdates: 🗓 32 days 🏟 64 games  Happy #WorldCupDay! https://t.co/dfYtDlAfMw;;
159315579;victorLestrada;Victor Lara E;#VL #Lara Lic. Gestión Estratégica de Empresas;;192;310;2;203;8301;False;2010-06-25T01:46:56;False;False;2;2018-06-14T23:20:46;2018-06-14T23:21:20;1,6146;2,85;0;0,0;RT @8bitfootball: Let the games begin!! #WorldCup https://t.co/Pnj1Zwu27V ||| RT @UnSinLetras_: Desde 1990 que este señor iba a alentar a Brasil a todos los mundiales. Por culpa de un cáncer en 2015 no alcanzó a coron…;;
1388457180;ComoseDise;Dise;don't you fear the light the dwells deep within, you are powerful beyond what you imagine. PhD Student;Los Angeles, CA;371;626;3;11078;5335;False;2013-04-29T02:44:48;False;False;1;2018-06-15T21:40:34;2018-06-15T21:40:34;1,6873;2,85;0;0,0;When a black soccer player does anything during the #WorldCup2018 https://t.co/k6Xq0hFIRZ;0;auto: 0/6 signals
496248925;Scar_Gaze;Oscar;It’s never that serious;;644;528;1;197;6499;False;2012-02-18T19:22:27;False;False;1;2018-06-15T22:30:30;2018-06-15T22:30:30;0,8199;2,81;0;0,0;RT @HailKayode: Whenever De Gea sees Ronaldo 😂😂😂😂 #WorldCup #PORESP https://t.co/rZtOnX07bQ;;
289745998;alfcarajo117;Alfcarajo;Es divertido jugar con la imaginación, pero cuando ella juega contigo, las cosas se ponen locas.Alfcarajo con todo;Tepic, nayarit;168;384;4;15219;7250;False;2011-04-29T04:23:41;False;False;1;2018-06-16T17:04:53;2018-06-16T17:04:53;2,2857;2,78;0;0,0;RT @TheSportsman: 🤣🔥 Ian Wright watching Lionel Messi's penalty has just lit up the World Cup...  (📹 @IanWright0)  #ARGISL  #WorldCup https…;;
909466523416371201;ak2cozy;ㅤ;21 | akvicious :snap,ig;Houston, TX;47;59;0;144;747;False;2017-09-17T17:18:11;False;False;1;2018-06-15T22:56:26;2018-06-15T22:56:26;1,2553;2,76;0;0,0;RT @eselchinoromero: #Rusia2018 #PortugalSpain #Ronaldo scores a Hattrick  #DeGea was not good enough   #DiegoCosta scores a brace  #nacho…;;
531216938;Marwan_KOR;Marwan - マルワン - 마르완;"#ultra #tomorrowland

instagram: m3r.o

한국어학생.";Incheon, Republic of Korea;313;787;1;474;6259;False;2012-03-20T13:03:21;False;False;1;2018-06-17T11:44:52;2018-06-17T11:44:52;2,5144;2,75;0;0,0;RT @MesutOzil1088: M A T C H D A Y ! ⚽️💥🇩🇪 #M1Ö #Worldcup2018 #GERMEX #DieMannschaft #Predator https://t.co/cRSMZNgFal;;
913145991347494912;abdologyy;عبدالرحمَن حمٌُوده🎨;"Extroverted introvert !

•Instagram📷 & SC👻: @Abdologyy |💟🦅";Cairo, Egypt;48;146;1;57;707;False;2017-09-27T20:59:04;False;False;5;2018-06-14T02:56:28;2018-06-17T15:39:25;3,0417;2,7;3;1,67;"ألمانيا بتلعب بتناكة مبالغ فيها. االي هو....أنا بطل العالم يابني، لا حول ولا قوة إلا بالله. #GER #GERMEX #WorldCup ||| #WorldCup https://t.co/M75P7tENd9 ||| عاجبني الثقة اللي بتلعب بيها نيچيريا. شكلهم هيعملوا حاجة🙄 #CRONGA #WorldCup ||| Vodka Vs. Kabsa https://t.co/SUzk3oIeqG ||| The guys who call football soccer will host the 2026 @FIFAWorldCup (along with Mexico &amp; Canada). Hard luck #Maroc 🇲🇦.  #FIFA2026 #WorldCup";0;auto: 0/6 signals
165731980;miiko_salmon;さ−もん;体操競技が大好き✨順大、セントラルを絶賛応援中🤸🏻‍♂️サッカー、カーリングも応援してます。観戦遠征しながらマンホールカード収集、大沢たかおさん、秦基博さんも大好きです！;;72;186;4;5350;7795;False;2010-07-12T11:42:26;False;False;1;2018-06-14T14:11:33;2018-06-14T14:11:33;2,5833;2,69;0;0,0;RT @jfa_samuraiblue: ＼#Worldcup 本日開幕／ 日本代表戦テレビ放送情報  ①6/19(火)21:00　 コロンビア🇨🇴vs🇯🇵日本 NHK  ②6/24(日)24:00 日本🇯🇵vs🇸🇳セネガル 日本テレビ、NHK-BS  ③6/28(木)23:0…;;
1868317531;HFahmiii;hasnolfahmi;The Gunners;Emirates Stadium;314;285;1;300;4603;False;2013-09-15T16:09:08;False;False;1;2018-06-15T20:30:01;2018-06-15T20:30:01;0,9076;2,65;0;0,0;RT @Football__Tweet: Cristiano F**king Ronaldo Mate.   #WorldCup #POR #PORESP https://t.co/oK8hhOBc3U;;
725415339710898176;niamiis;nicole;uma menina aleatória;casa do charlie puth;97;130;0;2742;2038;False;2016-04-27T20:04:29;False;False;1;2018-06-14T14:36:09;2018-06-14T14:36:09;1,3402;2,62;0;0,0;RT @KenetPepin: Hindi ba mag perform si Vitas sa opening ceremony? Hahaha #WorldCup #WorldCupRussia2018;;
2425381480;SElGhazwoni;SAAD ELGHAZWANI;;;254;153;5;372;4017;False;2014-03-20T19:49:00;False;False;2;2018-06-15T20:40:17;2018-06-16T15:09:21;0,6024;2,59;0;0,0;Best of luck, World Champions! 🇩🇪 #WorldCup https://t.co/DT2cfycwc7 ||| Great performance from great guy! #WorldCup #PORESP #CRonaldo;0;auto: 0/6 signals
93945554;fithipaldi;Christian Ramirez 💀;;El Defectuoso;247;614;4;2344;8049;False;2009-12-01T21:18:19;False;False;1;2018-06-15T03:21:39;2018-06-15T03:21:39;2,4858;2,58;0;0,0;RT @Yubiajando: Ya comenzó el mundial #Rusia2018 ¿Cuál es su equipo favorito?  #WorldCup #WorldCupRussia2018  #FelizJueves;;
1976806458;bryanmarti97;Bryan Martinez;amos: bryan_martinez9 👻;;377;537;2;3604;4256;False;2013-10-21T00:13:33;False;False;1;2018-06-14T16:38:51;2018-06-14T16:38:51;1,4244;2,51;0;0,0;RT @Football__Tweet: Squad. #WorldCup  https://t.co/ubqLI8O02L;;
328415455;Mashari4004;Mashari mohammed;Don’t sit down and wait for the opportunities to come. Get up and make them. Sometimes you have to see things in different way.;Eastern, Kingdom of Saudi Arabia;172;450;2;310;6349;False;2011-07-03T09:54:56;False;False;2;2018-06-14T16:36:09;2018-06-16T19:09:20;2,6163;2,5;2;1,0;RT @alkasschannel: صور حادث إصابة أشخاص في وسط موسكو اليوم عن طريق سيارة أجرة #WorldCup #alkassworldcup #Moscow https://t.co/zAy8Mpqp9o ||| RT @BBCMOTD: Mohamed Salah watching the #KSA defence like...  #WorldCup #bbcworldcup https://t.co/9B90zkkjkN;;
928736236595970048;OkponuO;okponu oberhiri;Analogue at birth, digital by design.;;46;74;0;2366;539;False;2017-11-09T21:29:08;False;False;1;2018-06-16T14:00:13;2018-06-16T14:00:13;1,6087;2,47;0;0,0;RT @premierleague: 🇫🇷 When you need a spark, @paulpogba can provide it  #WorldCup #PL https://t.co/oMV54ehThR;;
618011779;RhysLewis95;Rhys David Lewis;Loves watching Mock the Week on TV Enjoying Borderlands and looking forward to Black Ops 4;;152;897;7;6688;5383;False;2012-06-25T11:15:00;False;False;1;2018-06-16T10:16:16;2018-06-16T10:16:16;5,9013;2,47;0;0,0;"RT @LeeTrundle10: We'll be giving away this Neymar Jr shirt if Brazil qualify from World Cup Group E.   Retweet and follow myself &amp; @bet_cl…";;
113518659;ojosderockaleta;Sandra Santana;Aficionada de la moda y del maquillaje. Trabajo en Notimex. Amo la política, la NFL y el café;Mexico DF;299;541;7;396;7477;False;2010-02-12T02:09:03;False;False;1;2018-06-14T17:02:11;2018-06-14T17:02:11;1,8094;2,46;0;0,0;RT @Notimex: #WorldCup | En estos momentos la selección nacional de #RUS venció 5-0 a #KSA.  #Rusia2018 https://t.co/1J2KsDSo7X;;
394668588;MIMOWESTB;MIMO;;;87;140;2;5667;5964;False;2011-10-20T12:58:17;False;False;5;2018-06-14T07:29:46;2018-06-15T14:49:36;1,6092;2,45;1;5,0;"RT @NaplesAndNapoli: Cavani comforting Salah after the final whistle. Always a gentleman. 💙😍🙇🏼 #URUEGY #WorldCup https://t.co/S0Mii4Yff7 ||| JE SUIS UN ENFANT À QUI ON A DIT : ""ON VA À DISNEYLAND !""  OVERHYPE TOTAL !   Manque plus que la vuvuzela histoire… https://t.co/ZS31mkxyTW ||| RT @PharaFoot: JEUDI 14 JUIN :  Début de la coupe du monde de la FIFA 2018 en Russie !  Programme :  @Pharaohs 🇪🇬 - Uruguay 🇺🇾 Vendredi 15… ||| RT @PharaFoot: [INFO] Nos supporters sont déjà présent en Russie pour soutenir l'équipe nationale🇪🇬, on remarque qu'ils ne manquent pas d'i… ||| RT @King_Fut: Brilliant chant from these Egyptian fans in Russia! 🇪🇬🇪🇬🇪🇬  ALLEZ ALLEZ ALLEZ! #EGY #WorldCup  [📽️@mabouward] https://t.co/Uf…";0;auto: 0/6 signals
23495217;PhilFikes;Phil Fikes;The University of Alabama, 2017 | Faulkner Law, 2020;Sweet Home;762;1160;4;8220;8285;False;2009-03-09T20:28:15;False;False;1;2018-06-14T16:58:26;2018-06-14T16:58:26;1,5223;2,45;0;0,0;RT @BleacherReport: The #WorldCup is here https://t.co/NQW8PkCzyu;;
2778882519;MarcosBento98;Katchau ⚡;Altas doses de cafeína e muita paranóia! ☕;São Paulo, Brasil;324;519;1;33757;3341;False;2014-09-21T12:34:38;False;False;1;2018-06-16T21:38:44;2018-06-16T21:38:44;1,6019;2,45;0;0,0;RT @Curiosidades_PL: 30 mil Islandeses em Moscou.   #ISL #WorldCup  https://t.co/3j0FNz39X3;;
819275146431066112;bernzzzzzzzzz;Ernesto Iniguez;Chloe Rose 🌷💞;chilling at home ;141;535;0;928;1274;False;2017-01-11T20:09:51;False;False;1;2018-06-15T23:57:02;2018-06-15T23:57:02;3,7943;2,45;0;0,0;RT @okcthunder: When legends met.  That day in Madrid 2016. #WorldCup https://t.co/M7p3pcx3Je;;
54954051;MartinAnscombe;Martin Anscombe;Cycle commuter of distinctly average ability, with a reasonable sense of wanderlust.  Saddo Muso.  My thoughts exactly, not of my employer.   2x @cinglesventoux;SW19;845;1936;15;2128;7831;False;2009-07-08T16:55:30;False;False;1;2018-06-16T16:48:19;2018-06-16T16:48:19;2,2911;2,4;0;0,0;That ball is still in the air...⚽ #WorldCup;0;auto: 0/6 signals
1176343788;breezychambe;RICARDÃO 🍑🇲🇿;"MOZAMBICAN 🇲🇿





















































τнis is σทℓy sσciαℓ cσททєcτiσท";Maputo, Maputo City, Mozambiqu;2996;2301;2;2102;4608;False;2013-02-13T17:50:55;False;False;1;2018-06-15T21:27:11;2018-06-15T21:27:11;0,768;2,37;0;0,0;Haaa porque CR7  é quilo... Haaa porque ele fez coiso  Haaa porque ele  é egoista bla bla   (FUCK YOU PHA)...  #WorldCup  #SDVX;0;auto: 0/6 signals
120275729;cybernerbi;Armando GM;Para gustos los licores.;Malascalles;45;87;2;6850;7163;False;2010-03-06T00:03:49;False;False;1;2018-06-15T20:34:50;2018-06-15T20:34:50;1,9333;2,37;0;0,0;RT @LaLigaenDirecto: #DATO Clubes con jugadores con más partidos en una #WorldCup con España: [208] Barcelona [189] Madrid [066] Athletic […;;
239891197;jonesibfc;Gareth Jones;Usually found in the mountains of Snowdonia ⛰️, or on some random Welsh football match 🏴󠁧󠁢󠁷󠁬󠁳󠁿, Burnley FC ⚽️, Bangor City FC ⚽️, Wales RU 🏉.;Anglesey, Wales ;671;1151;14;11687;6396;False;2011-01-18T17:31:46;False;False;3;2018-06-14T14:17:46;2018-06-17T16:51:55;1,7154;2,36;3;1,0;Haha! Awesome 😎🇲🇽 #GERMEX #WorldCup ||| Prick! 😡 #WorldCup ||| Why's this arsehole on my TV? 😡 #WorldCup;0;auto: 0/6 signals
3437859783;CallMheTimmex;StupidGenius🇳🇬;I have no regret in life, all thank to the most high!! GGMU!!!;Lagos;1325;1861;7;2571;2406;False;2015-08-24T12:53:06;False;False;2;2018-06-15T16:10:31;2018-06-15T22:05:29;1,4045;2,35;0;0,0;who’s hot, who not? Tell me who scores, who shut down Russia? You tell me who flopped, who copped the blue drop who… https://t.co/Ax3sNlw1aw ||| RT @ogbeni_opa: AS Roma Twitter handler is very mad. 😂  Which do you prefer? #WorldCup  RT for left   Fav for Right https://t.co/nk0saK5yJr;0;auto: 0/6 signals
302655095;stringless101;small bean regarder;official patron of W.O.F.T.C.A.P;;62;34;2;1995;5899;False;2011-05-21T14:58:58;False;False;2;2018-06-14T16:00:39;2018-06-16T11:54:30;0,5484;2,28;1;2,0;RT @SiCraig81: Mark Lawrenson owns 12 pairs of bootcut Wrangler jeans #WorldCup ||| Mark clattenburg HAHAHAHAHA!! Got the garms of an absolute dickhead. #Russia2018 https://t.co/w5KdektO1W;0;auto: 0/6 signals
798034729;mylifeasval0;Val;?????????;Somewhere far away;1271;115;2;1121;4784;False;2012-09-02T11:00:51;False;False;1;2018-06-16T17:43:28;2018-06-16T17:43:28;0,0905;2,26;0;0,0;RT @ChivaZ71: a whole lotta Mexico Jerseys for a country who hates Mexico https://t.co/piXip0hs5R;;
45398702;emmavandyk;emma;sure yeah, i write songs;Hamilton, Ontario;772;685;6;13816;7431;False;2009-06-07T19:00:48;False;False;1;2018-06-16T12:18:05;2018-06-16T12:18:05;0,8873;2,26;0;0,0;RT @ChivaZ71: a whole lotta Mexico Jerseys for a country who hates Mexico https://t.co/piXip0hs5R;;
98740234;mollyrivasv;Mol;Con un poco de esto y un tanto de aquello.;Mexico;317;351;6;4580;6757;False;2009-12-22T23:03:55;False;False;1;2018-06-16T06:24:36;2018-06-16T06:24:36;1,1073;2,18;0;0,0;RT @ChivaZ71: a whole lotta Mexico Jerseys for a country who hates Mexico https://t.co/piXip0hs5R;;
826097063658135553;writeandsee;Scott;"""Dad"" @ twodo.gs. Dog lover.";Virginia, USA;41;361;1;589;1080;False;2017-01-30T15:57:42;False;False;1;2018-06-14T14:46:13;2018-06-14T14:46:13;8,8049;2,16;0;0,0;"RT @SimpsonsQOTD: ""You'll see all your favourite soccer stars. Like Ariaga! Ariaga II! Bariaga! Aruglia! and Pizzoza!"" #WorldCup https://t.…";;
15356678;andyraffalski;Andy Raffalski;http://www.linkedin.com/in/andyraffalski   Works for Bonita Springs Citizen of the Year 2017;Fort Myers, FL;994;1892;28;2784;7675;False;2008-07-08T18:49:55;False;False;2;2018-06-16T14:19:20;2018-06-17T14:59:36;1,9034;2,11;1;2,0;#SundayMorning  #Russia #WorldCup2018  #WorldCup  #GER v. #MEX ||| #WorldCup2018 If you see #Gazprom signs at a soccer game this Summer you know you are in #Russia;0;auto: 0/6 signals
2795711568;joaograca17;Graça;Au au | RF | ISEP;;114;215;0;1287;2900;False;2014-09-07T11:01:37;False;False;1;2018-06-15T00:24:06;2018-06-15T00:24:06;1,886;2,11;0;0,0;RT @frasesdem3rda: #WorldCup #WorldCupRussia2018 https://t.co/InAu63lo7s;;
597705671;SJzehri;Shahjahan_Baloch;"In triangular relationship with Literature,philosophy and Politics. Captain of  skepticism and absurdity, rebel from love, lust and Chaos.
From #Balochistan";islamabad, pakisan;2125;118;5;7375;4591;False;2012-06-02T20:08:44;False;False;1;2018-06-16T12:40:46;2018-06-16T12:40:46;0,0555;2,08;0;0,0;My team #Argentina    #WorldCup;0;auto: 0/6 signals
936724928618954753;Right_Realist;█▓░ᴄʜᴀʀʟᴇs ʀɪɢʜᴛ✝✡;#Deplorable and #Trump supporter. I am in favor of Israel, Women and against Goat Fuckers;I live in a quiet city in some;33;108;0;429;407;False;2017-12-01T22:33:21;False;False;1;2018-06-16T05:13:41;2018-06-16T05:13:41;3,2727;2,08;0;0,0;RT @Ostrov_A: OMG! That #PORESP match at #WorldCup last night was unbelievable. One of best you’ll see. And @Cristiano? Just wow. What a pl…;;
714624898472263681;JoacoZerpaoc;Joaking Zerpa☁️;"Mi vida es un cubo de Rubik,
fotografía de Lubezki...
Dirigida por Stanley Kubrick y banda sonora de Hendrix.";Mendoza, Argentina;62;62;0;1351;1673;False;2016-03-29T01:27:07;False;False;1;2018-06-16T18:20:48;2018-06-16T18:20:48;1,0;2,07;0;0,0;RT @HasvikMC: Si mañana gana Mexico contra Alemania le doy follow a TODOS los que le den RT a este tweet¡! #WorldCup #MEX;;
69519981;Karthik_Gooner;Karthik Subramanian;Engineer. Gooner. Movie Buff. Bibliophile. Foodie. Quizzer. Idealist. Sports Enthusiast. Music Lover. Tamizhan. Indian.;Kuala Lumpur City, Kuala Lumpur Federal Territory;391;542;12;3064;6598;False;2009-08-28T06:06:18;False;False;1;2018-06-14T11:14:18;2018-06-14T11:14:18;1,3862;2,05;0;0,0;RT @WelBeast: RT if you can relate #WorldCup https://t.co/4T233LQnVa;;
142307854;EliseeMpirwa;Mpirwa 🇷🇼;Reporter at The New Times Publications Ltd/IZUBA RIRASHE;Kigali, Rwanda;2033;1188;20;564;6030;False;2010-05-10T14:42:04;False;False;1;2018-06-15T11:58:49;2018-06-15T11:58:49;0,5844;2,04;0;0,0;I think @rbarwanda is using the wrong ball on the banner to background of the commentators on #RTV. That one is for… https://t.co/iyrhovH8dH;0;auto: 0/6 signals
473412517;mobuya_;Maria;sju '20 | 🇰🇪🇹🇿;Philadelphia, PA;516;372;2;33282;4775;False;2012-01-24T23:23:27;False;False;2;2018-06-16T18:36:07;2018-06-17T00:00:47;0,7209;2,04;0;0,0;RT @ookonma: All Nigerian fans right now.. #WorldCup https://t.co/WMOQlnNjc5 ||| RT @AF_ROdisiac: Nah, good luck to Nigeria and Senegal. The other 3 countries racist to black Africans. https://t.co/uXd8r4cgvQ;;
1932165175;Aidan__Vance;Aidan Vance;;Ohio, USA;152;174;1;19798;3480;False;2013-10-03T21:36:31;False;False;1;2018-06-15T07:11:09;2018-06-15T07:11:09;1,1447;2,03;0;0,0;RT @ChivaZ71: a whole lotta Mexico Jerseys for a country who hates Mexico https://t.co/piXip0hs5R;;
347161598;L1XMJXYC3;Sergeant Popwell;God/Ghandi/Liam. Tubular mate. TeamSesh 🌊 AFC 🔴;Steventon, England;287;339;1;2361;5102;False;2011-08-02T11:09:45;False;False;1;2018-06-16T19:09:39;2018-06-16T19:09:39;1,1812;2,03;0;0,0;RT @IanWright0: Messi 😱😱😱😱 #Worldcup https://t.co/DOvuBeb8c6;;
2369039011;MeliksahDipcin;Melikşah Dipçin;8 harf, 3 hece sadece BEŞİKTAŞ!;İstanbul, Türkiye;332;472;0;8698;3136;False;2014-03-02T15:29:42;False;False;2;2018-06-14T17:14:02;2018-06-14T17:21:53;1,4217;2,0;0;0,0;Bundan sonra Araplar Urugay'dan fark yer. Mohammed Salah da 2-3 tane atar. Suudi Arabistan grubu dördüncü bitirir.… https://t.co/sPRMm6YpIG ||| Araplar maça iyi başladı. Ben kazanacakların düşündüm. Fakat ilk golden sonra hemen dağıldılar. #WorldCup;0;auto: 0/6 signals
454519562;luissorto11;Luis Sorto;Family is Life | Georgetown University '18 | School of Foreign Service | لا سلام بدون عدالة | Ningún Ser Humano Es Ilegal |;Washington D.C.;694;492;4;6762;4604;False;2012-01-04T02:48:06;False;False;1;2018-06-16T13:49:11;2018-06-16T13:49:11;0,7089;1,95;0;0,0;RT @ChivaZ71: a whole lotta Mexico Jerseys for a country who hates Mexico https://t.co/piXip0hs5R;;
786216958270201857;EslamElmoorsy;Eslam Elmoorsy;"My Name/ Eslam Abdo Elmoorsy
⏩Student✍️⏪
Age/ 20 years old
I love you Army Egyption👮💪
Alahly And Real Madrid ⚽
Facebook _Instagram_GooglePlus➡️ Eslam Elmoorsy";الدقهلية, مصر;890;2753;0;11860;1171;False;2016-10-12T14:48:24;False;False;1;2018-06-16T03:52:15;2018-06-16T03:52:15;3,0933;1,92;0;0,0;RT @WCar2018: مباريات اليوم من #كأس_العالم2018م.. ستشاهد اي مباراة؟ #WorldCup https://t.co/eANAySuMio;;
31248973;Kddaniels;Kristina Daniels;I am krissy. I am a dreamer. I love to write. Humor is the key to my heart3 i love feet, socks never match. and if u aren't a fan of sarcasm you won't like me.;New Tazewell, TN;596;4939;1;134;6382;False;2009-04-14T22:32:17;False;False;1;2018-06-14T20:01:40;2018-06-14T20:01:40;8,2869;1,91;0;0,0;"RT @Stallion83: RT &amp; follow for a chance to win FIFA 18 on Xbox One. #WorldCup #Giveaway https://t.co/pGzkv8kbvg";;
541526310;HeyH4rry;Hasbestos;Our history and loneliness has defeated our devices;Naboo.;201;200;0;648;4300;False;2012-03-31T07:21:32;False;False;1;2018-06-16T15:02:33;2018-06-16T15:02:33;0,995;1,9;0;0,0;RT @iamthe_eagle: I think Iceland's goalkeeper swapped souls with David De gea. #WorldCup #ARGISL https://t.co/UanNRgETnn;;
4657974315;TorerMehmet;Mehmet Törer;;;228;205;0;5610;1683;False;2015-12-30T22:00:45;False;False;1;2018-06-14T12:49:44;2018-06-14T12:49:44;0,8991;1,88;0;0,0;Her erkeğin izlemesi gereken DÜNYA KUPASI başlıyor. Şampiyonlar Ligini katlıycak tek etkinlik. #WorldCup;0;auto: 0/6 signals
419988742;kookiebuhain;Kookie Buhain;Proud Iska | Water baby | Will work for food. http://www.instagram.com/kookiebuhain;;1185;338;7;1605;4358;False;2011-11-24T01:53:36;False;False;2;2018-06-15T06:14:42;2018-06-16T14:14:01;0,2852;1,82;1;2,0;The dads next to our table are acting like commentators and I KENNAT HANDLE IT. Ang sakit sa ears. Kung hindi lang… https://t.co/crMPViPhXJ ||| It's a seagull party in da club! 🐦 Enjoy the long weekend, mga besh! Imma spend it watching #WorldCup2018! 🙌🏼… https://t.co/WdLGZ8e86o;0;auto: 0/6 signals
419387495;ConnecttBTP;Connectt BTP;;Paris, France;307;228;17;133;4363;False;2011-11-23T08:58:16;False;False;3;2018-06-14T16:30:02;2018-06-15T13:00:01;0,7427;1,82;0;0,0;Les Bleus ont bien marqué l’histoire du football, et ils le feront encore cette année pour la coupe du monde. A nou… https://t.co/mQZHAfyo9s ||| La Coupe du monde nous réserve pleins de surprises, et Connectt entend suivre de près! Alors, joignez vous à nous e… https://t.co/5CPEmi2au4 ||| La Coupe du monde nous réserve pleins de surprises, et Connectt entend suivre de près! Alors, joignez vous à nous e… https://t.co/j6LVihJnf0;0;auto: 0/6 signals
247836666;HeatherC_YYC;Heather Campbell;Inspired, engaged, politicised, compassionate, engineer and citizen of the world. *Tweets are always my own.*;Calgary, Alberta, Canada;879;574;31;2039;4852;False;2011-02-05T17:36:20;False;False;1;2018-06-16T15:26:21;2018-06-16T15:26:21;0,653;1,81;0;0,0;RT @RC_Sports: Le match en quelques chiffres   Possession du ballon : 73 % (Argentine) - 27% (Islande) Fautes : 10 (Argentine) - 14 (Island…;;
409400779;pattyboi100;Patrick Ngwerume;Living life with a passion for greatness!;Worldwide;254;270;3;647;4355;False;2011-11-10T17:49:02;False;False;1;2018-06-17T12:11:55;2018-06-17T12:11:55;1,063;1,81;0;0,0;RT @bizzleosikoya: Good luck to all the African teams #WorldCup⁠ ⁠  ⁠ ⁠   Nigeria 🇳🇬  Egypt 🇪🇬  Morocco 🇲🇦  Tunisia 🇹🇳  Senegal 🇸🇳 France 🇫🇷;;
326080995;FioonaKirk;Fiona Kirk;Communications exec for Dutch based not-for-profit working on global nutrition challenges. Also member of Dutch-Irish Abortion Rights Campaign #repealthe8th;Dublin/ Utrecht;294;866;5;5264;4558;False;2011-06-29T10:25:57;False;False;1;2018-06-14T20:38:08;2018-06-14T20:38:08;2,9456;1,79;0;0,0;RT @AmnestyIreland: Human rights have taken a significant nose-dive in #Russia in recent years, making it impossible to ignore the rampant…;;
437867154;di_azua;Diana Azua;🤭;México;50;255;4;4454;4180;False;2011-12-15T22:52:27;False;False;1;2018-06-15T22:44:56;2018-06-15T22:44:56;5,1;1,76;0;0,0;RT @karenfelizlive: When you meet #Ronaldo ⚽️⚽️⚽️ #CristianoRonaldo #Cristiano #PortugalVsSpain #PortugalEspana #Portugal #MARIRN #Spain #E…;;
304207839;TomasJuan03;The Waco Kid;Give tweets, save lives.;;181;577;1;981;4485;False;2011-05-24T03:35:53;False;False;1;2018-06-16T14:27:28;2018-06-16T14:27:28;3,1878;1,74;0;0,0;Iceland! Let's do this! #WorldCup;0;auto: 0/6 signals
2512853377;AdamCam2;AdamCam;Database administrator, Freelancer. Die hard Chelsea FC fan.  Blue is the color, football is the game.;;466;732;2;7677;2569;False;2014-05-21T15:08:54;False;False;5;2018-06-14T18:46:53;2018-06-16T20:54:36;1,5708;1,73;2;2,5;Ho my Naija ☹️☹️☹️ #CM2018 #WorldCup ||| That's so what's up 💪💪💪 #WorldCup https://t.co/9UcCe5MVCq ||| Let's go Iran ⚽️⚽️⚽️🔥🔥🔥💪💪💪💪 #WorldCup #IRNMAR ||| Les Pharaons une equipe qui manque de leader en l'absence de Mo Salah, quel gachi #WorldCup2018 #EGYURU ||| Demain Maroc vs Iran, je roule pour l'Iran. Je ne support pas un pays qui se reclame Africain que quand ca les arra… https://t.co/7EXqB18VOv;0;auto: 0/6 signals
3429482625;messedamm22;Messe Berlin;Hier twittert die Messe Berlin direkt aus dem HQ am Messedamm 22. Alles zu #MesseBerlin #CityCube #Gastgeber Impressum: http://bit.ly/ImpressumMB;Berlin, Germany;1418;392;73;1376;1787;False;2015-08-18T07:57:20;False;False;2;2018-06-14T10:49:55;2018-06-14T11:21:46;0,2764;1,73;0;0,0;#WorldCup: #MesseBerlin Tochterunternehmen veranstaltet größtes Public-Viewing-Event Deutschlands. Über zwei Millio… https://t.co/2Zubnpah7h ||| RT @beBerlin: Ob Public, Meile, Couch, Freunde, Bar, Biergarten oder Office - es gibt unzählige Möglichkeiten in #Berlin bei der #WM2018🇷🇺…;0;auto: 0/6 signals
453485080;joshwyke_;Josh Wyke;Oasis, Italy & Paul Scholes;Liverpool;338;464;3;4000;4071;False;2012-01-02T23:57:53;False;False;2;2018-06-16T23:51:51;2018-06-16T23:51:59;1,3728;1,73;0;0,0;RT @Krowd9: This is the best video you’ll see today. School kids in Uruguay reacting to their late winner. More than a game. 😍🇺🇾 #WorldCup… ||| RT @GaryLineker: Love this. Football, folks. Nothing quite like it. https://t.co/CYLR0giOFg;;
606482487;lexavvmp;Mauro P;lawyer - skier - ⛷⛷🦅🦅;Anzio, Lazio;740;946;12;8466;3661;False;2012-06-12T15:27:23;False;False;1;2018-06-15T20:47:04;2018-06-15T20:47:04;1,2784;1,67;0;0,0;RT @delpieroale: Gli occhi di @Cristiano prima di calciare la punizione del 3-3 e poi quella traiettoria magica che non è mai figlia del ca…;;
139725414;andressulbaran;Andres Sulbaran;MARACUCHO,ingeniero industrial, amante del fútbol fanático del @realmadrid y @zulia_FC, SILVESTRISTA!! #SoyVenezolano!!;Maracaibo, Venezuela ;400;1937;6;625;4965;False;2010-05-03T13:53:09;False;False;1;2018-06-15T22:27:57;2018-06-15T22:27:57;4,8425;1,67;0;0,0;RT @InvictosSomos: Hoy no le tocó disfrutar con él. Hoy, Sergio Ramos sufrió a Cristiano. #POR #ESP #Rusia2018 #WorldCup https://t.co/qkey0…;;
2898811723;Oyalminhali;بونهيان;;;93;149;0;949;2147;False;2014-11-13T22:01:59;False;False;3;2018-06-15T14:00:05;2018-06-17T12:34:43;1,6022;1,64;1;3,0;RT @MattFUTTrading: Oh Milinkovic-Savic, if only... that PTG Selected upgraded was ready and waiting #SRB #CRC #WorldCup ||| RT @MattFUTTrading: *WORLD CUP - DAY 4 OVERVIEW* Day 4 of the #WorldCup! 3 big games today, with the big guns in #GER and #BRA in action. W… ||| RT @AlBayanSports: صور هدف منتخب أوروجواي الوحيد في شباك الفراعنة #كأس_العالم_2018  #مونديال_روسيا #WorldCup #البيان_القارئ_دائما https://t…;;
769052042;wilkewildha;WilkeWildha Gardina;;Banyuwangi - Bali, Indonesia;125;93;1;158;3473;False;2012-08-20T07:40:10;False;False;1;2018-06-17T16:08:55;2018-06-17T16:08:55;0,744;1,63;0;0,0;RT @FCBarcelona: Will Leo 👑 #Messi be the MVP of the #WorldCup? https://t.co/dMWkwUafND;;
18288038;skozoze;Shelly ✟⚾🎶 ❌❌🥀🎷🎸🎹🎧;"Love is the answer.
Kindness is contagious.

ig: @smslade15; @inspired4990
@kissthesky_phonephotos
@shellyreads0803";GA;583;1589;1;21082;5455;False;2008-12-21T16:57:52;False;False;1;2018-06-14T05:13:40;2018-06-14T05:13:40;2,7256;1,58;0;0,0;RT @BHun1984: The #1 podcast in Chicago @AFactsChicago is back for #Episode49 with a recap of #SpringAwakening + discussing topics: #Terrel…;;
193805159;tipperaryphil;philip hayde;Tipperary man living in Melbourne. Love all things related to Tipperary GAA , the Manchester music scene and Man Utd;Melbourne, Victoria;394;866;1;1075;4436;False;2010-09-22T18:28:12;False;False;2;2018-06-16T08:18:45;2018-06-16T12:20:45;2,198;1,57;0;0,0;RT @WorIdCupUpdates: Iceland have arrived at the #WorldCup  https://t.co/tdYUzxjQnh ||| RT @TodayFM: We have reached peak ridiculous!! 😂Tony Cascarino was joined by Kevin Kilbane and his ice cream van live from Russia for today…;;
519419058;MohFirdausA;Mohammad Firdaus A;;Sumedang, West Java;210;198;0;54;3534;False;2012-03-09T11:49:32;False;False;1;2018-06-14T15:16:10;2018-06-14T15:16:10;0,9429;1,54;0;0,0;RT @FIFAWorldCup: We're under way! #RUSKSA #WorldCup https://t.co/9PmNgh1AN7;;
143439233;RobDodsworth;Robert Dodsworth;Co-Presenter of From Under The Thumb @underthumbpod, as well as being a dad and lover of Music & Film/TV!;Leeds/Bradford;257;418;43;1929;4526;False;2010-05-13T13:28:07;False;False;2;2018-06-16T13:54:16;2018-06-16T15:23:41;1,6265;1,53;0;0,0;RT @underthumbpod: Episode 12 - Total ReSchmuck  News of a guy who invented Dog Testicle Implants, but how far do you go? Also.. Cat alarms… ||| RT @underthumbpod: It's new! Episode 12 - Total ReSchmuck  We talk #Proclaimers, @ODEONCinemas, Dog Testicle Implants , The #Terminator, #C…;;
138612343;Wolfe__Tyler;Tyler Wolfe;Official account of an optimistic Flames fan. 8-6-0;Calgary, Alberta;143;269;2;1200;4536;False;2010-04-30T01:48:52;False;False;2;2018-06-15T21:16:49;2018-06-15T21:17:49;1,8811;1,53;0;0,0;RT @TSN_Sports: HAT TRICK FOR RONALDO!  CR7 scores a GORGEOUS free-kick goal to tie the game for Portugal at 3-3 #WorldCup https://t.co/vYq… ||| RT @theScore: 🔥🔥🔥  #WorldCup https://t.co/6vj4U4teFS;;
2521255898;jmar1739;Joaku;Video games, music and movies are bomb.;Medford, OR;328;512;1;21086;2221;False;2014-05-24T20:09:41;False;False;1;2018-06-15T18:15:54;2018-06-15T18:15:54;1,561;1,5;0;0,0;RT @ChivaZ71: a whole lotta Mexico Jerseys for a country who hates Mexico https://t.co/piXip0hs5R;;
3272864227;ensan1985;khalid;...;...;62;274;0;436;1530;False;2015-07-09T10:12:48;False;False;1;2018-06-15T21:39:45;2018-06-15T21:39:45;4,4194;1,43;0;0,0;RT @RevolutionSyria: كأس العالم لكرة القدم 2018 في #روسيا كأس يفيض بدماء أطفال سوريا يشهد على إجرام روسيا ونفاق وتخاذل العالم، بل ومشاركته…;;
333404001;zaGAZA_;java;Ohio University '19 T&F|🇳🇬|ΔΣΘ❤️🐘;Athens, OH;663;645;0;2963;3587;False;2011-07-11T13:53:19;False;False;1;2018-06-15T16:39:43;2018-06-15T16:39:43;0,9729;1,42;0;0,0;RT @Mel_Mzansi: Good luck to all the African teams #WorldCup⁠ ⁠   Nigeria 🇳🇬  Egypt 🇪🇬  Morocco 🇲🇦  Tunisia 🇹🇳  Senegal 🇸🇳;;
10056772;hectorsanchez;Hector Sanchez;Blogger, Accountant, Financial Analyst and former Mobile App Developer. Currently selling in Amazon.;Mexico;510;184;21;124;5462;False;2007-11-08T05:33:22;False;False;1;2018-06-15T22:13:00;2018-06-15T22:13:00;0,3608;1,41;0;0,0;RT @Arturo_Sarukhan: The top-selling #WorldCup jerseys by state in the US. https://t.co/edJmw4VNFb;;
1128855908;TamyVega_;Tami;You only live once;Puerto Madryn;343;432;2;2943;2761;False;2013-01-28T18:28:41;False;False;1;2018-06-16T16:01:20;2018-06-16T16:01:20;1,2595;1,41;0;0,0;RT @urupzia: Resumen del encuentro entre Argentina e Islandia. #WorldCup https://t.co/rn3mdaIQkv;;
726253184;YonathanKevin20;Yonathan Kevin;Indie // PERSISTENCE // 2nd;Knowhere;228;672;3;31;3022;False;2012-07-30T15:14:47;False;False;1;2018-06-16T14:47:07;2018-06-16T14:47:07;2,9474;1,41;0;0,0;RT @BleacherReport: Yesterday vs. today   #WorldCup https://t.co/zOnfMhXG6j;;
45389844;Russell1947;Russell1947;;Massachusetts, USA;14;297;0;219;4645;False;2009-06-07T18:21:48;False;False;1;2018-06-16T21:42:03;2018-06-16T21:42:03;21,2143;1,41;0;0,0;RT @entiendodtv: #MundialRusia2018  #Rusia2018  #WorldCup2018  #WorldCupRussia2018  #STOPHOMOPHOBIA https://t.co/6FDvmaNc0c;1;auto: 3/6 signals
1726768488;Junemata28;28;Woke up this morning feeling fine 🎶 Got Man United on my mind 🔴🔝;#MUFC;86;145;0;1055;2419;False;2013-09-03T22:19:48;False;False;1;2018-06-14T08:58:53;2018-06-14T08:58:53;1,686;1,39;0;0,0;RT @HelenBunker: 4 yrs ago my husband was dying of cancer so he flew to the World Cup in Brazil. Thanks to some incredible friends he got a…;;
1900978952;DavoMaidana;David Maidana;;;480;411;0;458;2388;False;2013-09-24T16:06:52;False;False;2;2018-06-14T14:56:55;2018-06-16T15:02:06;0,8562;1,38;2;1,0;Estamos con vos más que nunca MESSI! Arriba que de vos dependemos! 🇦🇷🇦🇷 #WorldCup #Rusia2018 #ARG ||| Nos vemos a mediados de julio! Arrancó el MUNDIAL #WorldCup #Rusia2018 #VamosArgentina 🇦🇷🇦🇷🇦🇷🇦🇷;0;auto: 0/6 signals
15694008;moumenakel;مؤمن عكل;x poet, x photographer, currently a very confused IT guy..always good listener;Riyadh;488;456;5;114;4933;False;2008-08-01T20:25:26;False;False;2;2018-06-14T19:23:36;2018-06-14T19:38:43;0,9344;1,37;0;0,0;RT @RevolutionSyria: A #WorldCup for a mass child-killer. #Russia_War_Cup #Russia_Bloody_Cup #Syria https://t.co/LoLhzye2mM ||| RT @ali1978813: الآن في هذه اللحظات تقصف الطائرات الروسيه الشعب السوري وترعى #كأس_العالم  عالم بات فيه الإجرام قيمة القيم https://t.co/FQnY…;;
104731854;ady_8_26;Adriana R.;Reproductive Health Program Officer at Population Council. Strong believer on the positive effects of investing in girls.        #SRHR   Tweets mine.;Mexico;196;744;6;6104;4032;False;2010-01-14T06:20:18;False;False;1;2018-06-16T15:47:25;2018-06-16T15:47:25;3,7959;1,31;0;0,0;RT @FIFAWorldCup: What a penalty save from @hanneshalldors to deny Lionel Messi!   #ARGISL 1-1 #WorldCup https://t.co/jRXB6piFYj;;
224754387;ewejeoyewole;Eweje O. Ayodele;Computer Scientists¦ MC¦ Data Analyst! Data Entry officer! Customer centric fellow! Believe in selfless service to humanity! Activist;;315;314;3;65;3507;False;2010-12-09T19:53:29;False;False;3;2018-06-15T01:09:45;2018-06-15T17:05:44;0,9968;1,28;0;0,0;RT @ASRomaEN: #ASRoma fans voted these two Nike kits the best home and away shirts of the #WorldCup - but which is the one winner to rule t… ||| RT @GOtvNg: Can you name the legends in this picture? #Epic #Russia2018 #BringRussiaHome https://t.co/I0oMgk9f87 ||| I’m behind the Super Eagles at the 2018 FIFA #WorldCup. Join @SuperSportTV in getting behind NIGERIA 🇳🇬 Click below… https://t.co/uYTwd9Nvgd;0;auto: 0/6 signals
895732399085989889;NickyRomeroNE;Nicky Romero NL;Proud fan page of @nickyromero created in The Netherlands.;Nederland;14;138;1;485;383;False;2017-08-10T19:43:40;False;False;2;2018-06-16T13:06:28;2018-06-16T13:16:13;9,8571;1,24;0;0,0;RT @Alluniimusic: WC Match #ARGISL Who will win? #Arg or #IJS ⚽️⚽️⚽️⚽️ #WorldCup ||| RT @Alluniimusic: Who will win the #WorldCup2018 Best Player ? ⚽️⚽️⚽️ #PremierLeague #LaLiga #soccer #football #HalaMadrid #WCRussia2018 #W…;;
4033665153;follow_me_1984;followme;;;20;81;1;416;1164;False;2015-10-24T19:33:20;False;False;1;2018-06-17T16:42:00;2018-06-17T16:42:00;4,05;1,2;0;0,0;#ALLMEX #Herrera What a player!!! #WorldCup;0;auto: 0/6 signals
823216072757284864;RnanSoares;Renan;Snap: renansoares.11;Dois Vizinhos;237;156;0;7620;606;False;2017-01-22T17:09:41;False;False;1;2018-06-17T14:46:08;2018-06-17T14:46:08;0,6582;1,19;0;0,0;O CARA É UM GÊNIO https://t.co/3TXRMtToPq;0;auto: 0/6 signals
229578672;nick_jones27;Nick Jones;Essex Boy, in Lancashire. Talking funny, trying to translate since 2004. Sales Executive, BMW.;Chorley, England;235;786;1;1402;3214;False;2010-12-22T19:30:03;False;False;4;2018-06-15T18:47:45;2018-06-16T07:38:32;3,3447;1,18;0;0,0;Still can’t get over last nights game, possibly the best 90mins of football I’ve ever witnessed. I’d happily sit an… https://t.co/VSwZKOKGnW ||| Ronaldo....GOAT 🐐  That is all.   #WorldCup #PORESP ||| WHAT A GAME! #PORvESP #WorldCup ||| I thought De Gea was meant to be the best in the world!? 🤔#WorldCup #PORESP;0;auto: 0/6 signals
67441843;NandoXavierIV;Crooked Finger;🇳🇮🇺🇸🇲🇽 UTD Alum. ΩΔΦ. Peace Corps Volunteer. Tweets expressed are my own and does not represent anyone else.;Machala, Ecuador;440;531;9;1726;3731;False;2009-08-20T22:17:12;False;False;3;2018-06-14T15:46:42;2018-06-16T14:58:50;1,2068;1,16;1;3,0;RT @FIFAWorldCup: We're half-way through Super Saturday!   Next up, we welcome #PER back to the #WorldCup https://t.co/PAFlbO8EGi ||| Sloppy ass game by both teams...it had to be who ever fucked up the most that be the deciding factor of the game. #WorldCup2018 #IRAvsMOR ||| Atrocious defending by SA, good cut tho by the Russian #WorldCup2018 #RUSvKSA;0;auto: 0/6 signals
460922651;Light_g1;NORAH ALGHWAINEM;ذات العشرون | لاالرذيلة تفتٌنني ولاأهيَم بالفضيلة |أدرس الطب |لِ أمانينا فأل يوسف ✨;الأحساء مؤقتاً ;203;254;0;155;2702;False;2012-01-11T08:14:17;False;False;1;2018-06-14T17:24:44;2018-06-14T17:24:44;1,2512;1,15;0;0,0;RT @mazzahrani: في دراسة اجريت على مشجعى فريق ألماني ( #كأس_العالم_2018 )مشاهدة مباراة كرة القدم لفريقك قد  تضاعف خطر مرض القلب والأوعية ال…;;
64709861;puppetmasteruk;Wayne Davies;I'm a gin drinking, night clubbing, Man United supporting, song singing, guitar playing, cake making, video gaming kinda guy. Oh... And a huge Big Brother fan!;;112;173;6;4763;3612;False;2009-08-11T13:17:12;False;False;2;2018-06-16T11:49:27;2018-06-16T14:52:46;1,5446;1,12;0;0,0;Anyone else wishing they picked @Cristiano instead of #Messi for their FFT? 🙈 #ARGISL #WorldCup ||| That chip by @paulpogba though? 😮🔥 #FRAAUS #WorldCup;0;auto: 0/6 signals
623046492;DeanMutter;Deano 🍀;@rachel200110 💚 • warburtons a fanny;Dunfermline, Scotland;239;460;0;1118;2417;False;2012-06-30T16:57:27;False;False;1;2018-06-14T09:22:24;2018-06-14T09:22:24;1,9247;1,11;0;0,0;RT @Pschmeichel1: Is this a coincidence??? 🤷🏼‍♂️ #WorldCup https://t.co/xCzmzFAHPW;;
100424307;FlavaDave069;David Leyva;CSUF Alumni. Surfing Space. Journalist. Sports Junkie.;San Diego, CA;275;616;3;3129;3362;False;2009-12-30T06:20:29;False;False;2;2018-06-14T15:54:12;2018-06-15T19:14:26;2,24;1,09;1;2,0;Ronaldo: *scores*  Diego Costa: “hold my beer”  #WorldCup2018 ||| RT @miseleccionmxEN: Let them know!! 🔊  The #WorldCup is here and we have the best fans In the world!! 🏆💚⚽  #NadaNosDetiene https://t.co/5J…;0;auto: 0/6 signals
897119049653637121;rnwoficial;🇵🇹 RNW;"👤  Vasco RNW Pereira  🎓 20 years  old
🇵🇹Portuguese
🎙️ Caster / Analyst and Observer
💼 Coach / Manager of @exec_org";Porto, Portugal;214;125;0;1781;325;False;2017-08-14T15:33:43;False;False;1;2018-06-16T00:52:27;2018-06-16T00:52:27;0,5841;1,07;0;0,0;"Chorei , Nunca desistas dos teus sonhos 😭 🍀🙏 "" Até a tua vida terminar, luta pelo que mais queres e anseias "" 🍀🙏 https://t.co/3X8S56InCW";0;auto: 0/6 signals
165891539;PrietoSebastien;Sébastien Prieto ☨;Blond aux yeux de raisin | E-Marketing #TalentsSync | Fooding #GarnettBurger Founder | #HipHop #LaMusiqueCroate | Sport #FcMetz #Barca #RedStar #Napoli | ☨;Paris;511;513;45;435;3087;False;2010-07-12T20:21:24;False;False;1;2018-06-17T13:10:57;2018-06-17T13:10:57;1,0039;1,07;0;0,0;Imagines le niveau qu'aurait la Yougoslavie en mattant la Serbie et la Croatie 😳🙆🏻‍♂️ #CoupeDuMondeDeFootball… https://t.co/cfXpVfUpjE;0;auto: 0/6 signals
242153236;flacosbae;Sara | سارا;I just want my money, chips, guac, and queso.;i'm here so i don't get fined;208;637;4;5704;2859;False;2011-01-24T02:33:09;False;False;1;2018-06-16T02:34:51;2018-06-16T02:34:51;3,0625;1,06;0;0,0;RT @ChivaZ71: a whole lotta Mexico Jerseys for a country who hates Mexico https://t.co/piXip0hs5R;;
807752892;jckdoherty;The Modern Spectacle;Jack Doherty | Denver | Photographer | Film Lover | Narcissist | Instagram: jackthemodernspectacle;Denver, Co;133;381;2;5346;2211;False;2012-09-06T22:59:02;False;False;1;2018-06-17T16:40:50;2018-06-17T16:40:50;2,8647;1,05;0;0,0;Ok like I think if we used VAR to stop stupid yellow cards like that I don’t think anyone would have a problem like… https://t.co/ZTPIjD56Ho;0;auto: 0/6 signals
194912640;ncrystaln;CRYSTAL  N;"A fool tells more than he knows; but a wise knows more than he tells. #Photography #Graphics #WebDeveloper #ITConsultant #DigitalMarketing";London, England;154;242;7;649;2915;False;2010-09-25T09:00:59;False;False;1;2018-06-15T21:23:06;2018-06-15T21:23:06;1,5714;1,03;0;0,0;Supporting this season  1. England  2. Germany  3.Spain  #WorldCupRussia2018 #WorldCup2018;0;auto: 0/6 signals
214146542;Gr1mmG1rl;Toni Mair;I like to Game. I like Cats, Owls, Nail Art and Holo. Not necessarily in that order.;Southend;115;163;7;590;2789;False;2010-11-10T17:47:03;False;False;1;2018-06-14T17:17:04;2018-06-14T17:17:04;1,4174;1,01;0;0,0;RT @thegrandtour: Foreshadowing England's chances. #TheGrandTour #WorldCup https://t.co/LKnEj1zhqS;;
868680858;OOOAAEEI;Myster111;"Atheist..and still surviving & living life happily.
PS: Following/ReTweet doesn't necessarily mean an endorsement (of opinion/view/fact) from my side.";Bombay, India.;142;170;7;2483;2063;False;2012-10-08T21:04:58;False;False;2;2018-06-16T18:50:31;2018-06-17T07:17:38;1,1972;0,99;0;0,0;RT @FIFAWorldCup: Moment of the Day 👀    When @A_Finnbogason drew #ISL level against #ARG on their #WorldCup debut ️⚽️  🎥 Highlights 👉 http… ||| RT @FIFAWorldCup: 1st #WorldCup match. ✅ 1st goal. ✅ 1st penalty save. ✅ 1st point. ✅ FT: #ARG 1-1 #ISL https://t.co/QyMeTWaQrh;;
363753939;mattchapmann;matt chapman;Leicester 🦊;England, leicestershire;207;469;1;2763;2451;False;2011-08-28T16:48:36;False;False;1;2018-06-16T20:27:22;2018-06-16T20:27:22;2,2657;0,99;0;0,0;RT @GaryLineker: Me 👍🏻 https://t.co/TetRxnK5AI;;
170067862;luchopipe91;Luis Felipe Muñoz;Bendiciones;Concepción, Chile;166;337;0;629;2822;False;2010-07-23T21:32:17;False;False;1;2018-06-16T18:28:38;2018-06-16T18:28:38;2,0301;0,98;0;0,0;RT @WenaOndaNoMa: #Peruanos y #Argentinos sigan cantando canciones hermosas a #Chile  Todo eso hace parte del lindo #karma No paren, porfa!…;;
281501142;_MyLifeReviewed;Dani Hunter;"Founder #mylifereviewed & #OtherFloor | #InfluencerMarketing | Follow my digital adventure on Instagram & Youtube
  ✨";LONDON;695;915;62;916;2523;False;2011-04-13T12:08:13;False;False;1;2018-06-14T14:32:53;2018-06-14T14:32:53;1,3165;0,96;0;0,0;This is a bit of me... https://t.co/z0j3ayuhP8;0;auto: 0/6 signals
753675922709020672;beafxcosta;Bea ♡;YouTube is my therapy  GH ❤🎥   student 📚;youtubeland  &  EFAF 🔁;111;817;0;2997;663;False;2016-07-14T19:41:57;False;False;1;2018-06-16T12:14:34;2018-06-16T12:14:34;7,3604;0,95;0;0,0;RT @VillageParrot: If Ronaldo’s third goal didn’t make you scream last night, you’re just a hopeless hater #WorldCup;;
129134815;kulchamai;mind;;;48;44;1;16;2819;False;2010-04-03T08:21:31;False;False;1;2018-06-14T07:59:27;2018-06-14T07:59:27;0,9167;0,94;0;0,0;RT @Oops_Goodboy: #สวัสดีบอลโลก #WorldCup2018 ปีนี้คือฟุตบอลโลกครั้งที่ 21 เจ้าภาพคือรัสเซีย ที่ผ่านมา 20 ครั้ง ทีมที่เคยเป็นแชมป์โลก มีดัง…;;
32926534;LZMarine;Blaine Elzey;tech junkie, husband, and father of 3 boys;Wilmington, DE;54;164;5;64;3143;False;2009-04-18T16:09:58;False;False;1;2018-06-14T10:35:15;2018-06-14T10:35:15;3,037;0,94;0;0,0;#WorldCup coverage starts live on FOX at 10am, first game, Russia vs Saudi Arabia, at 11am.;0;auto: 0/6 signals
244142898;SWCIndependent;Stuart Cardozo;I do the financial advice thing. I've also been known to kick and punch things at karate.;Edinburgh;390;632;7;533;2478;False;2011-01-28T16:22:14;False;False;5;2018-06-16T10:08:41;2018-06-17T13:17:46;1,6205;0,92;1;5,0;By the way Serbia look really good. What a goal #WorldCup ||| Messi didn't look confident lining up that penalty. Contrast that with Ronaldo last night. Argentina are poor #WorldCup ||| Jeez, that Icelandic guy's throw in is as good as a corner or free kick!! #WorldCup ||| With Morocco and Iran to come Ronaldo could be on like 7 goals by the end of the group stages #WorldCup ||| France to win #WorldCup for me;0;auto: 0/6 signals
404882363;SunnySpotVenice;Sunny Spot;A colorful Cookshop at the intersection of Venice and Marina Del Rey.;Venice, California;1150;263;45;1226;2228;False;2011-11-04T14:59:43;False;False;2;2018-06-14T18:16:55;2018-06-16T19:30:09;0,2287;0,92;2;1,0;"WORLD CUP FOOD &amp; DRINK SPECIALS, now - JULY 15TH. 🍺 Mon- Fri 11:30am- 2pm. Sat-Sun 11:30am - 2pm at the bar only. 🌮… https://t.co/noDjxH6thb ||| Watch the #FifaWorldCup2018 at Sunny Spot! ⚽️ https://t.co/QQFwucenOX";0;auto: 0/6 signals
488846680;AdamTustain;Adam Tustain;Father of 2 baby daughters. Own a dog (that's her in the picture). Boring aside from that.;Maldon, Essex;108;304;2;894;2117;False;2012-02-10T22:24:45;False;False;6;2018-06-14T11:01:01;2018-06-16T13:57:15;2,8148;0,91;2;3,0;"RT @rvkgrapevine: We have three #SmiteTheWorld shirts left to give away! RT to win. Jokes help. #SmiteTheWorld #ARGISL #WorldCup #ISL https… ||| RT @rvkgrapevine: #ISL so relaxed, confidently knocking around on the edge of the #ARG box. Gylfi pings in a shot, narrowly wide. The half… ||| RT @tjc1981: Make the most of the break inbetween the #Worldcup games and read my blog on #Autism and #Football Please share and let us kno… ||| RT @rvkgrapevine: Are you ready for #ARGISL?  🎯 Sharpened your battle-axe 🎯 Fridge full of @EinstokBeer  🎯 Offers of meat &amp; mead to Óðinn 🎯… ||| RT @KitSoundUK: Fancy yourself a #WorldCup Shouter? RT + follow to enter our competition to #win the Reunion Speakers and a mini goal set t…";;
119958507;MaurizioBr1;Maurizio  Bruno;;Caracas Venezuela;215;363;0;276;2732;False;2010-03-05T02:06:20;False;False;2;2018-06-14T13:30:32;2018-06-14T16:13:37;1,6884;0,9;0;0,0;RT @MassMirabelli: Tutto pronto per l'inizio dei #Mondiali2018. Con mister #Gattuso allo stadio       Luzhniki di Mosca per assistere a #Ru… ||| RT @BleacherReport: Tomorrow, 32 countries start to compete for the #WorldCup Who you got? https://t.co/CtVQNVS4yt;;
1266772482;LethalJoke;LethalJoke;Ganon. Fluffal. Future Gamedev.;;400;525;0;1038;1713;False;2013-03-14T10:58:34;False;False;1;2018-06-16T12:07:49;2018-06-16T12:07:49;1,3125;0,89;0;0,0;I hate all the fuss around the #WorldCup;0;auto: 0/6 signals
17982459;planetonfire;не моя дерьмо-обезьяна;Twitter is a mouthpiece for the worst in society (racists, terrorists, Nazis, TRUMP). It's filthy with bots. The owners are doing NOTHING to stop it.;Earth;84;289;2;19229;3012;False;2008-12-09T03:19:15;False;False;1;2018-06-15T19:48:48;2018-06-15T19:48:48;3,4405;0,87;0;0,0;Coming soon to an country near you, unless... #VoteThemAllOut https://t.co/shskSta9R1;0;auto: 0/6 signals
636408588;insigutta;Gutta Insi;;;2566;172;3;3790;1850;False;2012-07-15T17:32:40;False;False;1;2018-06-17T15:08:15;2018-06-17T15:08:15;0,067;0,86;0;0,0;RT @MesutOzil1088: M A T C H D A Y ! ⚽️💥🇩🇪 #M1Ö #Worldcup2018 #GERMEX #DieMannschaft #Predator https://t.co/cRSMZNgFal;;
2179052989;DonKitty93;Daniel 🇩🇪 Kitson;This account was created due to peer pressure. Enjoy;;177;143;0;410;1430;False;2013-11-07T00:38:47;False;False;1;2018-06-17T14:05:53;2018-06-17T14:05:53;0,8079;0,85;0;0,0;#DefendingChamps #KingMesut #Germans #Russia2018 #Brazil1Germany7 https://t.co/0m399w44gB;0;auto: 0/6 signals
1964674519;fa_bio52;Tom Fabio;Ищу смысл там, где его нет...rap-жонглёр - уже давно нет, movie-рецензент - всё реже и реже, с недавних пор Let'splayщик - так, для себя. 👌✌️👊;;36;217;0;140;1430;False;2013-10-16T12:06:28;False;False;10;2018-06-14T12:47:48;2018-06-16T22:35:46;6,0278;0,84;2;5,0;Хорватия🇭🇷2:0Нигерия🇳🇬 #WorldCup  Калининград стартует: гол в первом голевом моменте спустя 30 минут записали, как… https://t.co/aZHMVIrb8h ||| RT @sportsru: Шмейхель-1998 vs Шмейхель-2018  Дело Шмейхелей живет #WorldCup #ЧМ2018 #PER #DEN #PERDEN https://t.co/avuQBThlhx ||| Перу🇵🇪0:1Дания🇩🇰 #WorldCup  Саранск продолжает эстафету: второй пенальти после видеоповтора - но Куэва пробил выше,… https://t.co/B91eHOoT2U ||| Футбольный вечер #WorldCup холодное обычное молоко, торт-пирог из печенья и зефира и звук фена - заменяют тонны успокоительного... ||| Футбольный вечер #WorldCup холодное обычное молоко, торт-пирог из печенья и зефира и звук фена - заменяют тонны успокоительного;;
349536323;garrybcfc1;Garry Cleary;;;158;319;2;2381;2078;False;2011-08-06T07:43:08;False;False;1;2018-06-15T20:41:05;2018-06-15T20:41:05;2,019;0,83;0;0,0;RT @ZoraSuleman: Meanwhile in an operating theatre in #Portugal #WorldCup  😂😂 😳 https://t.co/sas6Aock7E;;
236818705;chunni37;🇧🇪Cuneyd Sahin;Is the future truly set?;İstanbul;149;194;0;4954;2216;False;2011-01-11T12:54:40;False;False;2;2018-06-15T19:28:30;2018-06-15T19:54:35;1,302;0,82;0;0,0;Ronaldo 3 - 3 #ESP #WorldCup #Respect #CR7 ||| 2 gol daha olur at fav’a çok da beklemezsin zaten.. Anlık Skor: #POR 2 - #ESP 3 #WorldCup;0;auto: 0/6 signals
22737971;Thomas_Connor;Thomas Connor;Astrophysicist studying galaxy clusters. Strong proponent of infinitival copula deletion. Tweets are my own.;;189;85;15;2093;2678;False;2009-03-04T05:21:34;False;False;1;2018-06-14T17:24:24;2018-06-14T17:24:24;0,4497;0,79;0;0,0;It's kind of weird, but, with the States not participating in it, I don't think I've cared this little about a… https://t.co/tC7B9I4s2P;0;auto: 0/6 signals
628793367;MiurenFERNANDEZ;kattyta Roker;;Lima;66;1534;2;7318;1621;False;2012-07-06T20:52:30;False;False;1;2018-06-16T05:40:02;2018-06-16T05:40:02;23,2424;0,75;0;0,0;RT @Budweiser: Not one, not two… three goals for @Cristiano in #PORESP. Who else would be our #Budweiser #ManofTheMatch?! #WorldCup https:/…;;
4695488647;DREW_JB22;Melina;De River nací y de River moriré.⚽ Fernando Cavenaghi mí gran Idolo.❤;;115;200;1;1712;659;False;2016-01-02T10:33:39;False;False;1;2018-06-16T04:42:50;2018-06-16T04:42:50;1,7391;0,74;0;0,0;RT @marianr23: ES HOY ARGENTINA. Una nueva oportunidad para que Leo Messi logre cumplir su sueño y el de todos los argentinos. VAMOS ARGENT…;;
1356090470;Hardmoremasocha;Hardmore Masocha;Psychology student at Zimbabwe Open University.;Harare Zimbabwe;91;361;1;243;1320;False;2013-04-16T05:12:40;False;False;2;2018-06-16T14:16:48;2018-06-16T14:16:52;3,967;0,7;0;0,0;RT @ZB_Bank: Let's play! #ZBPredictandwin #Russia2018 #GOBIG https://t.co/0qGG9wq58Z ||| @ZB_Bank #ZBPredictandwin #Russia2018 #GOBIG Nigeria 2 Croatia 2;0;auto: 0/6 signals
502088725;IAMRACHAEL__;Dignitary;"Exhorter.. GOD is my inspiration :) Who's yours?  iamrachaeltheexhoter - tumblr                         IAMRACHAEL__ Instagram
Graphics Designer, upcoming Engr.";;308;279;4;1316;1578;False;2012-02-24T20:04:27;False;False;1;2018-06-16T22:04:18;2018-06-16T22:04:18;0,9058;0,68;0;0,0;RT @_subomio: Me after that performance. #WorldCup https://t.co/yvCjgUReZq;;
37374339;arafatnajib;Arafat;| Football Coach | SSTMI | Bandar Penawar,Johor | Married | 👦🏻👧🏻;Kota Tinggi,Johor;239;913;2;647;2230;False;2009-05-03T05:47:31;False;False;3;2018-06-14T16:41:16;2018-06-16T21:04:51;3,8201;0,67;2;1,5;"RT @SoccerIQ1: The man himself must’ve read our Role-Reinforcement cards before today’s game.. @Cristiano #Hatrick #WorldCup #Portugal #Soc… ||| RT @coachdogge: Space creates space. The concept of vacating &amp; occupying space between the lines is an effective way to disorient organized… ||| RT @michael_loftman: Goal Analysis: Russia 1-0 Saudi Arabia .. What shape should the team step out in after clearing a corner? Good use of…";;
45344077;DebasisPanda;Debasis Panda;Avid reader 📚 and love to travel🏃#ideamachine💡 Founder - http://Markenza.com ex-founder of @spacepopup @taskican @mycustomerlead;Bengaluru, Karnataka;1696;2781;159;4316;2224;False;2009-06-07T14:07:04;False;False;1;2018-06-16T19:57:14;2018-06-16T19:57:14;1,6397;0,67;0;0,0;RT @globaltimesnews: #ISL film director Hannes Thór Halldórsson, who directed this #WorldCup commercial for Coca-Cola, saved #Messi's penal…;;
3023317397;MiguelPereiraac;Miguel;;Portugal;303;556;0;1479;818;False;2015-02-07T15:23:39;False;False;2;2018-06-15T20:49:25;2018-06-16T10:05:18;1,835;0,67;0;0,0;RT @iAndreLucas: O golo do @Cristiano, ao som de @HansZimmer e do Nuno Matos, da @antena1rtp, é muito mais épico #ConquistaOSonho #WorldCup… ||| RT @_Goalpoint: ⚽ 🇵🇹 Portugal 🆚 Espanha 🇪🇦  Exibição soberba de Cristiano Ronaldo, talvez na maior diferença de sempre entre um rating indi…;;
152901208;candralight12;Kd Candra Cahya;"Business of Hospitality Student || Finance @Conrad Bali Hotel
@ClaraWuland";Nusa Dua, Bali;266;549;4;23;1958;False;2010-06-07T04:45:10;False;False;1;2018-06-14T10:44:31;2018-06-14T10:44:31;2,0639;0,67;0;0,0;"RT @SiaranBolaLivee: Marhaban #WorldCup #Rusia2018 ""Live It Up""  https://t.co/iFovYoITGx";;
4762038323;MrSeriedad;C L E I D E R;"Orgullosamente de 🇻🇪😍

18 😙 ACUARIANO ♒️

Ser diferente no te hace malo , te hace unico 😜";Caracas, Distrito Capital;862;1115;3;521;574;False;2016-01-10T07:15:13;False;False;1;2018-06-17T01:10:32;2018-06-17T01:10:32;1,2935;0,65;0;0,0;RT @NEORAM27: APLAUSOS! 😍👏🏆  Ella es Fernanda Colombo, una sexy brasileña, y hará historia en Rusia 2018 🏅 porque se convertirá en la prime…;;
2163251112;YeewdelCFC;Kamil Habrych;@ChelseaFC, @SlaskWroclawPl;Brzeg;16;46;1;3346;1097;False;2013-10-29T17:27:15;False;False;1;2018-06-16T15:18:51;2018-06-16T15:18:51;2,875;0,65;0;0,0;RT @Squawka: Shots attempted at the #WorldCup so far:  🇦🇷 Argentina (27) 🇺🇾 Uruguay (15) 🇷🇺 Russia (14) 🇪🇸 Spain (13) 🇲🇦 Morocco (13) Messi…;;
157967816;MFebriansyahT;Moch Febriansyah;;;294;292;1;8;1875;False;2010-06-21T11:27:29;False;False;2;2018-06-17T16:07:27;2018-06-17T16:26:14;0,9932;0,64;0;0,0;liga terbaik emang https://t.co/gpqKiMjsPY ||| RT @panditfootball: Perhatikan #MEX ketika diserang, mereka meninggalkan 3 pemain di garis depan dan sisanya mundur dalam untuk serangan ba…;0;auto: 0/6 signals
2953935328;GeneFelten;Gene Felten;https://www.instagram.com/genefelten/;;86;598;0;5174;804;False;2014-12-31T22:49:25;False;False;1;2018-06-16T21:36:00;2018-06-16T21:36:00;6,9535;0,64;0;0,0;Everyone lowkey wanted Nigeria to win today cuz of the hype their jerseys made before the tournament #WorldCup2018;;
62489236;SkiVerbierExclu;SkiVerbierExclusive;The Verbier Specialist - luxury ski chalet holidays in Verbier since 1992;Verbier;2926;1224;73;624;1992;False;2009-08-03T10:59:01;False;False;1;2018-06-14T10:18:13;2018-06-14T10:18:13;0,4183;0,62;0;0,0;RT @pubmontfort: Today we open for the #Summer with a cracking line up of @FIFAWorldCup games showing on our HUGE screens. We also have Hal…;;
27836421;DanCourtenay;Daniel Courtenay;CEO @MaxAxion, MD, @adjoinmedia, Promoter, DJ, Foodie, Sports Fan,;Cape Town, South Africa;509;304;52;177;2019;False;2009-03-31T08:15:25;False;False;1;2018-06-14T04:10:51;2018-06-14T04:10:51;0,5972;0,6;0;0,0;Happy World Cup Day from AdJoin Media...#worldcup2018 @HelloMobile Bea Strauss @Forewise Shauna Carter (Fulford) Ma… https://t.co/r8w4KSJDuA;0;auto: 0/6 signals
87917635;MercadoDeLaPaz;Mercado de  la Paz;Desde 1882 apostando por lo nuevo sin olvidar la tradición. ¿Todavía no nos conoces?;España;1712;600;65;1181;1860;False;2009-11-06T11:13:31;False;False;1;2018-06-14T14:46:20;2018-06-14T14:46:20;0,3505;0,59;0;0,0;Arranca el mundial y en el #mercadodelapaz ya tenemos todo listo! #mundial2018 #todosconlaroja #seleccionespañola… https://t.co/HlbFHq3mqM;0;auto: 0/6 signals
1264165862;ak_dagane;Abdi qader®;уσυ ωιℓℓ ηєνєя ωαℓк αℓσηє ..✌️                     Football in the DNA.                                             Everything Liverpool FC.;Nairobi,Kenya;243;575;1;1048;1139;False;2013-03-13T10:55:50;False;False;1;2018-06-17T16:14:50;2018-06-17T16:14:50;2,3663;0,59;0;0,0;Beautiful goal. https://t.co/h6uowKSoDC;0;auto: 0/6 signals
2965168613;shortsmallalex;Alex;Beauty, Fashion, Social Activism & General Musings ❤️;;22;95;3;780;725;False;2015-01-06T23:42:53;False;False;1;2018-06-17T16:30:14;2018-06-17T16:30:14;4,3182;0,58;0;0,0;Watching the #Germany v #Mexico game has my blood pressure way up #WorldCup #Deutchland;0;auto: 0/6 signals
1369860924;josephohanlon3;joeyoo;fuck your 140 characters, oh  we have more now ? well okay then thats better;;189;249;0;451;1066;False;2013-04-21T15:48:39;False;False;1;2018-06-15T07:43:07;2018-06-15T07:43:07;1,3175;0,57;0;0,0;Peru will win the world cup, you heard it here first 😂 #WorldCup2018 #sweepstake;0;auto: 0/6 signals
185774535;juanchidiz;Juanchi.;;San Isidro;155;217;0;1849;1607;False;2010-09-01T20:21:11;False;False;1;2018-06-15T16:44:14;2018-06-15T16:44:14;1,4;0,57;0;0,0;RT @SerUniv: “Prometo que para el próximo Mundial ya voy a estar recibido”. #SerUniversitario #Rusia2018 #WorldCup https://t.co/qMFvk0a91p;;
1722921794;THANDOGEE1;Scorpion (Date - TBA);"A Follow for A Follow

I.G -@Thandogee";Oslo Beach, South Africa;246;164;1;175;950;False;2013-09-02T17:07:00;False;False;2;2018-06-16T06:39:16;2018-06-16T14:40:32;0,6667;0,54;0;0,0;RT @Mpho_Blackstone: Truth be told I hate seeing Messi being frustrated #WorldCup #ARGxISL https://t.co/FbLY4TlL7h ||| Y'all Are Quick With It 😂😂😂😂😂😂 #FIFA2018  #PORESP  #WorldCup https://t.co/Sk7lSswPHR;0;auto: 0/6 signals
115004238;LetsTrain2Grow;Naveen43;#Hotelier from last 2 #Decades #Diverse at work #Learning #HR #FOM #OwnedABusiness #HK #FnB #Wanderlust #Bollywood Fan;Mumbai, India;1259;274;27;1651;1490;False;2010-02-17T08:54:14;False;False;1;2018-06-15T14:40:48;2018-06-15T14:40:48;0,2176;0,49;0;0,0;#FifaWorldCup2018 Which team you Cheer tonight?  #Russia2018 #WorldCup #Goal;0;auto: 0/6 signals
289319861;AndyMuckaluck;Andrew McCullough;Belfast born, now in NY via London. Work @wiplive;New York;688;1622;18;881;1148;False;2011-04-28T12:47:24;False;False;1;2018-06-14T16:06:21;2018-06-14T16:06:21;2,3576;0,44;0;0,0;No fighting in the VAR room #WorldCup https://t.co/PXUSlxPvba;0;auto: 0/6 signals
39982426;TheAlbionYoungs;The Albion - Youngs;Beautiful City of London sports bar with excellent award winning food and a wide range of local and craft beverages.;City of London - Blackfriars;2669;2936;63;8;1349;False;2009-05-14T12:26:55;False;False;1;2018-06-14T09:58:45;2018-06-14T09:58:45;1,1;0,41;0;0,0;It begins, #WorldCup2018 #Russia2018 #football @MatchPint @YoungsPubs https://t.co/IaQGurkwJq;0;auto: 0/6 signals
614566623;Tappster_7;Adam Tappenden;Proud supporter of the mighty Orient, East London is Red🔴⚽ #OurClub #lofc;;130;239;2;15147;861;False;2012-06-21T18:39:13;False;False;2;2018-06-15T19:39:59;2018-06-17T14:53:51;1,8385;0,39;1;2,0;RT @TheWorldCupLife: If Neymar scores today we’ll giveaway a Brazil #WorldCup⁠ ⁠ shirt with free personalisation! Retweet and follow @The20… ||| I'm just hoping that England don't have to face Spain if we make it out the group #WorldCup;0;auto: 0/6 signals
2232341628;FlyMikeyJ;FlyMikeyJ;Commercial Pilot. CEO of JFLY. Travel. Lacrosse. School I guess.;Chicago IL;99;150;2;2858;633;False;2013-12-06T02:43:21;False;False;1;2018-06-16T03:50:25;2018-06-16T03:50:25;1,5152;0,38;0;0,0;RT @ChivaZ71: a whole lotta Mexico Jerseys for a country who hates Mexico https://t.co/piXip0hs5R;;
3797857035;ftblEnergy;Energy☇;▪@RealMadrid▪| @CaptainRambo_ & @ReallyManzu;90th minute header;1277;1558;0;1108;365;False;2015-09-27T23:49:12;False;False;1;2018-06-16T19:27:02;2018-06-16T19:27:02;1,22;0,37;0;0,0;When you take GTA way too seriously https://t.co/IpFPfMDlzQ;0;auto: 0/6 signals
61260711;JCEzeokoli;Jack Reacher;;Lagos, Nigeria;115;520;0;24;1174;False;2009-07-29T18:26:13;False;False;4;2018-06-14T15:19:05;2018-06-16T20:48:47;4,5217;0,36;2;2,0;RT @Seankessie: If Croatia beats Nigeria I’m posting my nude!!! 🤕 Remind me  #WorldCup ||| To be fair to messi he was facing a god... #WorldCup #arg #ICEARG #bbcfootball @FIFAWorldCup https://t.co/C9bbXlUKVq ||| RT @Engr_Series: These Beers represent the 32 nations at the #WorldCup.  RT if you see #NGA standing firm! 😁 https://t.co/HrNsUsQH5l ||| For all of you about to complain referees we're told to keep their flags down on tight calls so #VAR will work #WorldCup;0;auto: 0/6 signals
336614142;mohamed_eldiesl;محمد موصلى;معد برامج تدريبيه;دمنهور محافظة البحيرة;186;197;0;796;871;False;2011-07-16T16:06:24;False;False;1;2018-06-15T07:11:52;2018-06-15T07:11:52;1,0591;0,34;0;0,0;RT @MLS: The #WorldCup is here and the first MLSer to play in it suits up for @Pharaohs tomorrow. Good luck, @omargaber! #EGY https://t.co/…;;
2269241449;Stuart_D_W;Stuart_D_W;Mildly eccentric with a warped sense of humour, prone to rambling on.;Planet Thanet;26;77;2;95;538;False;2013-12-30T18:21:42;False;False;1;2018-06-14T08:29:44;2018-06-14T08:29:44;2,9615;0,33;0;0,0;How wonderful (sic) the #WorldCup broadcast from both @DreamlandMarg and @margate_fc . I live between them, bet the… https://t.co/uw6aqljDdC;0;auto: 0/6 signals
479442100;Moondogga;Sean Mooney;football, journalism, politics and comedy: an unbalanced record of my passions;Perth;50;249;1;216;762;False;2012-01-31T11:37:33;False;False;1;2018-06-14T15:50:25;2018-06-14T15:50:25;4,98;0,33;0;0,0;Why is fuckin @CocaCola and fuckin @McDonaldsCorp sponsors of the #worldcup every fuckin year?;0;auto: 0/6 signals
3923489412;XThe_Anunnaki;Ã‚¢ãƒŒãƒ³ãƒŠã‚;"🦁✨❇️🦄🌈
I love only Hitomi🔺❣️
http://instagram.com/hitomii_0505";▲¨̮✩⃛;8660;6731;13;1;307;False;2015-10-17T09:49:39;False;False;1;2018-06-15T14:04:34;2018-06-15T14:04:34;0,7773;0,32;0;0,0;RT @Israel: Which of the 32 teams competing in the #WorldCup in Russia will be the one to take it all? These Israelis have the answer(s). W…;;
292979491;gabaguirrear;gabriela aguirre;;;435;385;0;314;787;False;2011-05-04T15:17:23;False;False;1;2018-06-14T13:55:05;2018-06-14T13:55:05;0,8851;0,3;0;0,0;Alguien me puede decir la hora de la inauguración del mundial en MX? #Russia2018;0;auto: 0/6 signals
405953599;MDParkerBI;Michael Parker;family man. CPA. business director/franchisee @ McD. SC Trojan. golfer. a little to the right. full of useless facts.;Pacific Northwest;54;79;2;385;733;False;2011-11-06T01:44:12;False;False;1;2018-06-16T16:46:05;2018-06-16T16:46:05;1,463;0,3;0;0,0;#VAR is ruining the #WorldCup2018;0;auto: 0/6 signals
113446913;tioluwalope_eme;Tioluwalope Adewuyi;A financial analyst n serial investor who is crazy about health n fitness and naija lover.;;211;403;5;68;867;False;2010-02-11T19:58:52;False;False;1;2018-06-17T07:38:12;2018-06-17T07:38:12;1,91;0,28;0;0,0;RT @Omojuwa: Spain lost their first game at the 2010 World Cup. They went on to win that World Cup. Random  #WorldCup tweet.;;
171151062;1997Martinez;Brian;;Hilltop, OH;156;104;1;1402;789;False;2010-07-26T17:45:40;False;False;2;2018-06-14T14:48:51;2018-06-16T15:43:10;0,6667;0,27;2;1,0;Peru is taking this big L doe https://t.co/7KVDZUSWH7 ||| RT @soccerdotcom: 🚨 GIVEAWAY 🚨  For every goal scored in today's #WorldCup opening match, we'll give away an adidas #Telstar ⚽. Follow and…;0;auto: 0/6 signals
339623084;MartyVonP;Martin V Pritzbauer;Coffee lover|| Musician & Nutcase🐒☕️ - Art should comfort the disturbed and disturb the comfortable || @LVSTCVLL;Norway, Earth;42;111;0;2213;631;False;2011-07-21T11:51:24;False;False;1;2018-06-16T13:10:58;2018-06-16T13:10:58;2,6429;0,25;0;0,0;OOOOOOOHHHH 🇮🇸 #WorldCup2018;;
2972376605;DCI_Morse_OXF;DCI Morse;Detective Chief Inspector Endeavour Morse GM - Αρχιεπιθεωρητής Μορς;Oxford, England;76;271;1;261;317;False;2015-01-11T01:36:22;False;False;1;2018-06-15T21:11:47;2018-06-15T21:11:47;3,5658;0,25;0;0,0;RT @ThamesVP: Happy #WorldCup day! ⚽️⚽️  We hope you all have fun and enjoyable tournament.   Keep safe and remember, you've got to hold an…;;
402739687;clankolicious_1;CLANKO;;Centurion, Zwartkop;46;64;1;1184;584;False;2011-11-01T14:17:24;False;False;1;2018-06-16T18:58:38;2018-06-16T18:58:38;1,3913;0,24;0;0,0;RT @Diddy: Good luck to the @NGSuperEagles today in the #WorldCup 🇳🇬🇳🇬🇳🇬;;
1257997140;bt_unal;Batuhan UNAL;;c://temp;130;311;6;427;467;False;2013-03-10T21:36:24;False;False;1;2018-06-14T06:48:18;2018-06-14T06:48:18;2,3923;0,24;0;0,0;Aşk acısı çekenler, siyasetçiler ve survivor tayfa çok acil timeline'ı boşaltır mısınız, 47 ay'ın sultanı geldi.… https://t.co/MPvBchE7Em;0;auto: 0/6 signals
319599754;IanKenet;Ian Kenneth Vergara;90% sipon. 10% tigyawat. 100% engineer.;DC, Cavite;93;360;1;9506;618;False;2011-06-18T12:00:39;False;False;1;2018-06-16T22:11:03;2018-06-16T22:11:03;3,871;0,24;0;0,0;RT @Niket_Wingman11: Spain gave the G.O.A.T 2 years in jail sentence and also fined him. But he replied by doing this to their national tea…;;
417107971;RealKwameForson;Forson 🇬🇭🇵🇳;Cool Guy..Just here to laugh and make fun;kumasi;490;3277;0;615;560;False;2011-11-20T14:50:13;False;False;3;2018-06-16T13:57:56;2018-06-16T16:44:15;6,6878;0,23;0;0,0;😂😂😂 https://t.co/FGzcA90XJH ||| Savage,😂😂😂 https://t.co/QbBBpj29YU ||| Niggar predicted his goal 3days ahead https://t.co/JrEWR8W99R;;
1394705738;D3ymg;Sizwe;blessed are those who receive and listen to house music in their homes...;Pretoria;249;497;0;3387;411;False;2013-05-01T13:52:34;False;False;1;2018-06-14T14:39:11;2018-06-14T14:39:11;1,996;0,22;0;0,0;RT @AdvBarryRoux: Because of World Cup TV remote control to be handed over today. #WorldCup https://t.co/NWz1HvaH8E;;
110676559;abhilashasokan;Abhilash;;Cochin, India;106;934;0;54;573;False;2010-02-02T11:33:54;False;False;2;2018-06-16T15:42:21;2018-06-16T15:42:55;8,8113;0,19;0;0,0;"RT @IndSuperLeague: .@Gauib ""Told you Hannes will be man of the match 😅""  #LetsFootball #WorldCup #ARGISL @FIFAWorldCup https://t.co/tCQZN7… ||| RT @IndSuperLeague: ""I am really proud to be an Icelandic right now!""  .@Gauib shares his thoughts on Iceland's performance after an exciti…";;
252422282;HX_Harby_;Alex HX;INGENIERO FÍSICO - Especialista en Energías Renovables - Fuel Cells SOFC PhD Student Colombia - Mexico;Colombia Manizales;64;386;0;315;495;False;2011-02-15T04:39:49;False;False;1;2018-06-14T23:49:51;2018-06-14T23:49:51;6,0312;0,18;0;0,0;perfedto edxacto jajaja https://t.co/kQkrig6t13;;
3294203712;georgeenespanol;George L. Leventhal;"Concejal del Condado de Montgomery. Postulado a ser su próximo Ejecutivo (By authority: George L. Leventhal for Montgomery County; Patricia Vitale, Treasurer)";;411;1576;1;147;177;False;2015-07-26T03:37:35;False;False;1;2018-06-15T22:47:27;2018-06-15T22:47:27;3,8345;0,17;0;0,0;RT @MoCoCouncilMD: Team USA didn't make it, but #MoCo, as one of the most diverse counties in the nation, is home to residents from all of…;;
447360219;alejohoyos04;Alejandro Hoyos;Llanero pero no de pura cepa. Ingeniero de castillos de arena.;Bogotá-Villavicencio;75;126;0;2894;358;False;2011-12-26T20:11:12;False;False;1;2018-06-14T20:31:33;2018-06-14T20:31:33;1,68;0,15;0;0,0;Son mejores las inauguraciones de los juegos intercursos en mi colegio que la de este mundial #Russia2018 #WorldCupRussia2018;;
20233621;0xnaomix0;Naomi J;"instagram: naomij91
🔴CAFC🔴";Bexley, London;106;188;0;1302;522;False;2009-02-06T12:38:26;False;False;1;2018-06-14T07:38:14;2018-06-14T07:38:14;1,7736;0,15;0;0,0;Taking my mind off the takeover for a minute just heard Fat les- Vindaloo now I'm in the mood for the world cup  #England #WorldCup #Cafc;0;auto: 0/6 signals
353028786;Alexander_vium;Alexander Vium;Columbia University | NHH;Kristiansand;73;128;0;714;303;False;2011-08-11T12:59:10;False;False;1;2018-06-14T15:33:31;2018-06-14T15:33:31;1,7534;0,12;0;0,0;RT @lolzathon: Saudi Arabia will beheading home after three games #WorldCup;;
56742591;Peguinha;Caio Cesar de Foggi;;;35;156;0;1166;397;False;2009-07-14T16:35:38;False;False;1;2018-06-15T19:55:11;2018-06-15T19:55:11;4,4571;0,12;0;0,0;RT @fearthe_beard11: RONALDO!! WOW! #WorldCup https://t.co/J2xerLu36T;;
2591243839;ZekiSzen3;Zekk;;Hatay, Türkiye;1092;334;1;8690;137;False;2014-06-27T11:26:30;False;False;1;2018-06-14T14:50:42;2018-06-14T14:50:42;0,3059;0,09;0;0,0;Dünya kupası geldi seni 1 ay düşünemem sevdiğim #WorldCup  #DünyaKupası;0;auto: 0/6 signals
264930059;chizboy5;Mvuyisi Zanazo🇿🇦;2014 📈💻Process Controller @ Foskor, 2015 🎓 BTech in Chemical engineering, 2017 studying 📝📚 Postgrad in Business management;Richards Bay;66;340;0;345;252;False;2011-03-12T18:04:16;False;False;1;2018-06-16T20:36:15;2018-06-16T20:36:15;5,1515;0,09;0;0,0;RT @greateraspect: [WATCH] Privilege simplified. All of us Black and White can relate.   #June16 #YouthDay #YouthDay2018 #WorldCupRussia201…;1;auto: 3/6 signals
261332822;massimoriviello;Massimiliano Riviello;"They call me Master Framer🖼
             Il pregiudizio è figlio dell’ignoranza.
(William Hazlit)";;45;127;0;1310;182;False;2011-03-05T18:55:53;False;False;3;2018-06-14T21:17:33;2018-06-16T13:51:05;2,8222;0,07;1;3,0;@rtl1025 @onnis4president @Stefano_Corti85 Forse non riesce a vedere  HD dell'#Argentina 🇦🇷 #WorldCup ||| Non si vede😂😂  HD  dell'#Argentina ⚽️⚽️⚽️ #WorldCup  #ArgentinaIslanda 1-1 ||| Non è vero che sono solo partite di calcio, i mondiali sono molto di più. Sono gli unici momenti in cui vedi un pae… https://t.co/rljlrdUuBH;;
2895104431;amolbhor04;Amol Bhor;;Mumbai, Maharashtra;29;75;4;61;83;False;2014-11-09T20:54:30;False;False;1;2018-06-15T20:18:01;2018-06-15T20:18:01;2,5862;0,06;0;0,0;RT @Squawka: Cristiano Ronaldo is the first player in #WorldCup history to score a hat-trick against #ESP  SIUUUUUUUUUUUUUU! https://t.co/o…;;
333536988;THORAUDGuillaum;THORAUD Guillaume;;;1;27;0;2;148;False;2011-07-11T17:58:53;False;False;1;2018-06-16T13:58:35;2018-06-16T13:58:35;27,0;0,06;0;0,0;RT @wesportfr: 🎁 CONCOURS ! 🎁  Tenter de remporter au choix le maillot d’une des 32 nations présentes à la #WorldCup ! 🏆  Pour participer :…;1;auto: 3/6 signals
60081740;goldnhrt;PB Stone;avid sports fan. college and pro 🏀🏈⚾️#MLB #NFL #NCAA #GatorsFB #NBA #GatorsMBK #GatorsWBK #GatorsSB #GatorsBB #Jaguars #Seahawks #SoundersFC #CrustaceanNation;;316;70;10;994;158;False;2009-07-25T15:37:50;False;False;1;2018-06-14T10:05:40;2018-06-14T10:05:40;0,2215;0,05;0;0,0;Come play in the #WorldCup Pick'Em in FireFan game with us. Click the link and, if prompted, enter share code: ''gl… https://t.co/TregDNZVVc;0;auto: 0/6 signals
306787669;mrdee102;Dinar Akhtyamov;;УФА (Ufa City);42;29;0;0;125;False;2011-05-28T13:03:16;False;False;1;2018-06-15T08:52:17;2018-06-15T08:52:17;0,6905;0,05;0;0,0;Смолов лишний в сборной! #ЧМ2018 #WorldCup;;
141585108;Alexbrockmeier;Alexander Brockmeier;Mitglied des Landtags Nordrhein-Westfalen | Jüngster Abgeordneter | 25 | Freie Demokraten | Jura-Student;;282;256;20;144;93;False;2010-05-08T13:22:43;False;False;1;2018-06-14T14:19:51;2018-06-14T14:19:51;0,9078;0,03;0;0,0;Ich freue mich schon auf spannende Spiele! Und natürlich auf den nächsten Titel 🤙 https://t.co/5OrFbFx16a;0;auto: 0/6 signals
541456661;b00zda;1n73rc3p70r;Against modern football.;;41;269;0;956;58;False;2012-03-31T07:50:45;False;False;1;2018-06-17T14:14:58;2018-06-17T14:14:58;6,561;0,03;0;0,0;RT @freddiec1994: Ronaldo: I just scored the best free-kick at this World Cup.   Kolarov: hold my beer   #CRCSRB #WorldCup2018;1;auto: 3/6 signals
198160015;MrLondono824;Jose Alberto Londoño;Por más larga que sea la tormenta, el sol siempre vuelve a brillar!!;New Port Richey, FL;54;85;0;55;58;False;2010-10-03T14:35:44;False;False;1;2018-06-17T04:12:07;2018-06-17T04:12:07;1,5741;0,02;0;0,0;#Rusia2018 #WorldCup #PrayforMexico https://t.co/xxqZPLpZX3;;
4782686929;footballempire;Football Empire;"Official account of the football manager game created by @Digamore. #FootballEmpire   ⚽️⚽️⚽️
Your team. Your club. Your empire.";Köln, Deutschland;25;27;1;30;13;False;2016-01-19T10:45:13;False;False;1;2018-06-14T13:30:25;2018-06-14T13:30:25;1,08;0,01;0;0,0;Who will be the new world champion? On Instagram we are starting a small giveaway for #footballempire Check our pro… https://t.co/Q9QJb5Dd2M;0;auto: 0/6 signals
2396063839;arynewsud;ARY News Urdu;ARY News is a Pakistani news channel committed to bring you up-to-the minute news & featured stories from around Pakistan & all over the world;Karachi, Pakistan;129062;25;189;1334;104407;True;2014-03-18T11:25:32;False;False;3;2018-06-14T09:36:23;2018-06-17T16:14:49;0,0002;67,27;3;1,0;فیفا ورلڈ کپ 2018: چیچن مداحوں‌ کا مصری سپراسٹار کے لیے انوکھا تحفہ  مزید تفصیلات کے لئے لنک پرکلک کریں:… https://t.co/RFW7bnXXb0 ||| مزید تفصیلات کے لئے لنک پرکلک کریں:  https://t.co/PlpUsPaRJ1 #FifaWorldCup2018 #WorldCup https://t.co/JaI7bRY98S ||| پاکستانی نوجوان سارنگ بلوچ فٹبال برائے دوستی کا سفیربن گیا  مزید پڑھیں: https://t.co/nM29fbiNCl  #Pakistan #Baloch… https://t.co/tgB4AZdwHF;;
18714479;PAPPYKOJO;Pappy Kojo;This is Pappykojo’s official twitter page.;;294414;315;101;7058;143789;True;2009-01-07T07:27:00;False;False;2;2018-06-16T11:53:55;2018-06-16T12:09:23;0,0011;41,71;0;0,0;Portugal lil Wayne https://t.co/fLH7KGt4d6 ||| RT @D_KoBzZ: Pappy kojo is that you? https://t.co/3Mif7PUYpP;0;auto: 0/6 signals
18161336;bbcrussian;bbcrussian;Официальный Твиттер Русской службы Би-би-си. Живые новости.  Еще в соцсетях http://www.facebook.com/bbcrussian ,  http://vk.com/bbc , https://t.me/bbcrussian;London;1144084;251;4064;10;128804;True;2008-12-16T12:46:15;False;False;12;2018-06-14T15:27:26;2018-06-15T13:25:10;0,0002;37,14;0;0,0;Египет вышел играть с Уругваем без Мо Салаха, а в соцсетях завязались первые дискуссии о посещаемости матчей:… https://t.co/K4qAcmTZQb ||| И напоследок (для любителей статистики): https://t.co/mYrEhsTR34  #чм2018 #worldcup https://t.co/MOIkNHnw1j ||| Автор четвертого гола - Денис Черышев.   https://t.co/MXdOUclcwM  #чм2018 #worldcup https://t.co/U0WM687Lxp ||| На последних минутах матча Россия забила четвертый гол!  https://t.co/WcgovdNZ7X  #чм2018 #worldcup https://t.co/9UCoTJ6IY4 ||| Россия укрепила свое превосходство, а Дзюба стал вторым в истории чемпионатов мира игроком, вышедшим на замену в ма… https://t.co/n2F05VVapz;0;auto: 0/6 signals
48371942;SonyMusicCol;Sony Music Colombia;Todos tus artistas Sony Music del mundo en un solo lugar. 🎼❤️ Instagram: @sonymusiccol;Colombia;234862;731;664;10646;68077;True;2009-06-18T14:51:06;False;False;1;2018-06-14T14:11:21;2018-06-14T14:11:21;0,0031;20,74;0;0,0;RT @monsieurperine: 🇨🇴⚽️🇺🇾⚽️🇦🇷⚽️🇧🇷⚽️🇵🇪⚽️🇲🇽⚽️🇵🇦⚽️🇨🇷  ¡Fuerza para nuestros equipos! 😬 a bailar al resto con #EncantoTropical se dijo 💪🏼 #Wor…;;
164336339;AlexHolleyFOX29;Alex Holley;Emmy-nominated Co-host of Good Day Philly! I'm #FallingforPhilly Follow&Tweet me and u might end up on TV :) http://Instagram.com/AlexHolleyTV;Philadelphia ;53005;479;242;2927;32557;True;2010-07-08T16:38:15;False;False;3;2018-06-14T13:00:16;2018-06-16T20:45:29;0,009;11,23;2;1,5;Cmmmmoonnn Nigeria 😩🇳🇬 #WorldCup ||| Yes!!! https://t.co/CyJj1rHNOK ||| I’m rooting for NIGERIA in the #WorldCup !!!!   Who are YOU rooting for?? #RootForYourRoots ⚽️ https://t.co/qns9F6G05O;0;auto: 0/6 signals
22019821;laurorobles;LAOTL;"🇲🇽  LAO aka ↪Lauro Robles↩ #psychickyouth Dj, Producer, A&R @N_A_A_F_I @ExtasisRecords
soundcloud ➡ https://soundcloud.com/lao
blog ➡ http://401mx.tumblr.com";México;5115;2265;103;4672;29092;True;2009-02-26T15:21:46;False;False;1;2018-06-16T03:03:55;2018-06-16T03:03:55;0,4428;8,57;0;0,0;RT @N_A_A_F_I: ⚽️ @WastedFates #Mundialero EP https://t.co/Sw4PEMtWtR #NAAFI #worldcup #rusia2018 https://t.co/V8iINd33rX;;
24525474;glindsey1003;George Lindsey;Movies, Music & Memes.                  (and radio guy on 100.3 The Bull in Houston);Houston;5631;5249;82;6082;23133;True;2009-03-15T13:50:24;False;False;1;2018-06-17T12:09:03;2018-06-17T12:09:03;0,9322;6,84;0;0,0;Hahaha / this made me think of @RadioDorian  #GoMexico #WorldCup #Houston #HoustonMedia #HoustonRadio #RadioBrothers https://t.co/EpZyMdPTwn;0;auto: 0/6 signals
36509091;paultwentworth;Paul Wentworth;Forza.;London // Portland;2757;854;78;23565;22727;True;2009-04-29T22:48:31;False;False;1;2018-06-16T00:07:09;2018-06-16T00:07:09;0,3098;6,82;0;0,0;Put me in fucking carbonite until Monday. If any of our lads cause this amount of limbs in the World Cup I’ll lose… https://t.co/eJSYbiNOSG;0;auto: 0/6 signals
183295235;CrisLeeMaza;Cristina Maza;Reporter covering foreign policy + international affairs @Newsweek, but opinions are still mine. Story tips: c.maza@newsweek.com DM for signal.;Brooklyn;6226;3674;249;11778;13482;True;2010-08-26T17:10:32;False;False;3;2018-06-14T15:15:15;2018-06-15T20:47:16;0,5901;4,73;1;3,0;RT @ReufBajrovic: Zaev will be the most consequential Macedonian leader since Gligorov if the gamble he’s taking w name change clears the w… ||| Thanks to @ReufBajrovic + @JamesKerLindsay for speaking to me about the Greece - Macedonia name dispute while simul… https://t.co/QUKYIUllkz ||| Shit. I'm actually getting excited   🙈#WorldCup https://t.co/wBnc6eJm6S;0;auto: 0/6 signals
122956317;suzemetherell;Suze Metherell;Kiwi-sounding Australian. News enthusiast. Formerly AAP in London.;Bondi Beach, Sydney;491;640;10;463;1372;True;2010-03-14T13:35:55;False;False;2;2018-06-16T18:31:34;2018-06-16T18:33:29;1,3035;0,45;0;0,0;Unsurprisingly the #worldcup is a national pastime (and inescapable) in Ronaldo’s Portugal. Note the speakers set u… https://t.co/eVAmnONqrU ||| Unsurprisingly, the #worldcup is a national pastime Ronaldo’s Portugal 🇵🇹  (Note the speakers out the window) https://t.co/iH2mb1OL6i;0;auto: 0/6 signals
