user_id,verified,default_profile,default_profile_image,tweet_count,urls_per_tweet,hashtags_per_tweet,mentions_per_tweet,retweet_rate,reply_rate,unique_sources,bot_source_ratio,followers_friends_ratio,reputation,favourites_per_status,listed_per_follower,account_age_days,days_since_last_tweet,observation_span_days,tweet_frequency,tweets_per_day_in_dataset,description_length,has_description,has_url,has_location,screen_name_length,screen_name_has_digits,label,kmeans_cluster
965652865447587840,False,True,False,37,0.43243243243243243243,4.08108108108108110000,1.10810810810810810000,1.00000000000000000000,0E-20,1,0E-20,7.344827586206897,0.8792569659442725,0.882337894871467,0.004694835680751174,117,0,3,0.3162393162393162,12.333333333333334,101,1,0,1,15,1,1,0
1004414366777823232,False,True,False,1,0E-20,2.00000000000000000000,1.00000000000000000000,1.00000000000000000000,0E-20,1,0E-20,1.2653061224489797,0.5535714285714286,0.0009062075215224287,0.03225806451612903,10,2,0,0.1,1.0,0,0,0,1,15,1,1,1
995510144317493248,False,True,False,1,0E-20,0E-20,1.00000000000000000000,1.00000000000000000000,0E-20,1,0E-20,0.383399209486166,0.27635327635327633,0.9190662278897573,0.0,34,1,0,0.029411764705882353,1.0,56,1,0,1,15,1,1,1
927198378194296835,False,True,False,3,1.00000000000000000000,1.66666666666666670000,1.33333333333333330000,1.00000000000000000000,0E-20,1,0E-20,0.20833333333333334,0.17227564102564102,1.1250197178161423,0.004651162790697674,223,0,2,0.013452914798206279,1.5,0,0,0,0,15,1,1,1
3317656799,False,True,False,2,0.50000000000000000000,1.00000000000000000000,1.00000000000000000000,1.00000000000000000000,0E-20,1,0E-20,0.7634894991922455,0.4328631617512365,0.5634628421578218,0.01819720694033009,1102,0,2,0.0018148820326678765,1.0,47,1,1,1,6,0,1,0
822517413732229120,False,True,False,1,1.00000000000000000000,1.00000000000000000000,1.00000000000000000000,1.00000000000000000000,0E-20,1,0E-20,1.0961846358336103,0.5229352509691458,0.3310309850991378,0.00022046462920605176,512,0,0,0.001953125,1.0,150,1,1,1,9,0,1,1
1007080862436020225,False,True,False,5,0.20000000000000000000,2.40000000000000000000,1.20000000000000000000,1.00000000000000000000,0E-20,1,0E-20,0.007853403141361256,0.007772020725388601,0.4076655052264808,0.0,2,0,0,2.5,5.0,0,0,0,0,6,1,0,1
3546758548,False,True,False,1,1.00000000000000000000,0E-20,1.00000000000000000000,1.00000000000000000000,0E-20,1,0E-20,0.6853932584269663,0.40653760710885434,0.15819109376874282,0.01717408274785324,1016,0,0,0.000984251968503937,1.0,39,1,0,0,14,0,0,1
1472225126,False,True,False,17,0.58823529411764705882,1.64705882352941180000,1.11764705882352940000,1.00000000000000000000,0E-20,1,0E-20,0.7834394904458599,0.43889384478144516,0.18657220293851934,0.13008130081300814,1842,0,2,0.009229098805646038,8.5,19,1,0,0,15,0,0,0
1005225453446148098,False,True,False,2,0E-20,3.50000000000000000000,1.00000000000000000000,1.00000000000000000000,0E-20,1,0E-20,0.4925373134328358,0.32673267326732675,1.369268897149938,0.0,8,0,0,0.25,2.0,0,0,0,0,15,1,1,1
996936761900195842,False,True,False,14,0.71428571428571428571,1.28571428571428570000,1.07142857142857140000,0.78571428571428571429,0E-20,1,0E-20,0.25980392156862747,0.2054263565891473,0.0914396887159533,0.0,30,1,0,0.4666666666666667,14.0,36,1,0,1,7,1,1,0
993190032369430528,False,True,False,1,0E-20,2.00000000000000000000,1.00000000000000000000,1.00000000000000000000,0E-20,1,0E-20,0.8589743589743589,0.4589041095890411,0.8384194053208138,0.0,41,2,0,0.024390243902439025,1.0,14,1,1,0,11,1,1,1
1001052025797447681,False,True,False,1,1.00000000000000000000,4.00000000000000000000,1.00000000000000000000,1.00000000000000000000,0E-20,1,0E-20,1.0531400966183575,0.5117370892018779,0.521865889212828,0.0045871559633027525,19,1,0,0.05263157894736842,1.0,48,1,0,1,10,0,1,1
1008003685471916032,False,True,False,12,0.66666666666666666667,3.58333333333333330000,0E-20,0E-20,0E-20,1,0E-20,0.06896551724137931,0.06349206349206349,0.08771929824561403,0.0,0,0,1,12.0,12.0,122,1,0,1,13,1,1,0
1003649197214748672,False,True,False,1,0E-20,3.00000000000000000000,1.00000000000000000000,1.00000000000000000000,0E-20,1,0E-20,0.32,0.24,1.502692998204668,0.0,12,0,0,0.08333333333333333,1.0,90,1,0,0,7,1,0,1
2805624278,False,True,False,2,1.00000000000000000000,2.00000000000000000000,0.50000000000000000000,0E-20,0E-20,1,0E-20,2.023201856148492,0.6689681626390487,0.3286777583187391,0.4076834862385321,1373,2,0,0.0014566642388929353,2.0,157,1,1,1,10,1,0,0
723940055304294400,False,True,False,11,0.54545454545454545455,2.54545454545454550000,1.09090909090909090000,0.90909090909090909091,0E-20,1,0E-20,0.7130559540889526,0.4160736709920469,0.9464834616294039,0.001006036217303823,784,0,3,0.01403061224489796,3.6666666666666665,90,1,1,1,10,0,0,0
856669623319756801,False,True,False,1,1.00000000000000000000,0E-20,1.00000000000000000000,1.00000000000000000000,0E-20,1,0E-20,1.3055555555555556,0.562874251497006,0.06864545083639331,0.0425531914893617,417,1,0,0.002398081534772182,1.0,12,1,0,1,11,0,0,1
893460383981199362,False,True,False,1,0E-20,1.00000000000000000000,1.00000000000000000000,1.00000000000000000000,0E-20,1,0E-20,0.9761904761904762,0.4880952380952381,0.011252045826513912,0.0,316,1,0,0.0031645569620253164,1.0,24,1,0,0,7,0,0,1
927206534874128386,False,True,False,7,0.28571428571428571429,2.28571428571428570000,1.85714285714285710000,1.00000000000000000000,0E-20,1,0E-20,0.19186046511627908,0.16058394160583941,1.200645508337816,0.0,223,0,2,0.03139013452914798,3.5,0,0,0,0,13,0,1,1
715811572447313920,False,True,False,13,0.53846153846153846154,1.15384615384615380000,1.15384615384615380000,1.00000000000000000000,0E-20,1,0E-20,0.6587301587301587,0.3967495219885277,0.09408553776018236,0.016867469879518072,806,0,1,0.016129032258064516,13.0,25,1,0,1,15,1,0,0
3039865253,False,True,False,8,0.62500000000000000000,2.25000000000000000000,1.37500000000000000000,0.87500000000000000000,0E-20,1,0E-20,1.0355555555555556,0.5081788440567067,0.4877442996742671,0.017167381974248927,1217,0,2,0.00657354149548069,4.0,24,1,0,0,13,1,0,1
918447382777421824,False,True,False,1,0E-20,4.00000000000000000000,1.00000000000000000000,1.00000000000000000000,0E-20,1,0E-20,0.9377049180327869,0.4837891175641387,0.9299781181619255,0.0,247,2,0,0.004048582995951417,1.0,64,1,0,1,13,1,0,1
419910721,False,True,False,4,0.75000000000000000000,1.25000000000000000000,2.75000000000000000000,1.00000000000000000000,0E-20,1,0E-20,1.0176502050276341,0.5043293868174589,0.0,0.003153468815697267,2397,0,1,0.001668752607425949,4.0,13,1,0,1,8,0,0,1
1648604791,False,True,False,1,1.00000000000000000000,0E-20,1.00000000000000000000,1.00000000000000000000,0E-20,1,0E-20,1.4157160963244613,0.5857367593078133,0.05728663799408994,0.007162041181736795,1776,0,0,0.0005630630630630631,1.0,14,1,0,1,10,1,0,1
415418186,False,True,False,3,0E-20,1.00000000000000000000,1.00000000000000000000,1.00000000000000000000,0E-20,1,0E-20,1.4599686028257457,0.5931122448979592,0.31521863618663676,0.00967741935483871,2402,0,1,0.0012489592006661116,3.0,9,1,0,0,12,0,0,1
3292253273,False,True,False,1,0E-20,1.00000000000000000000,1.00000000000000000000,1.00000000000000000000,0E-20,1,0E-20,1.4665676077265972,0.5943992773261066,0.6253182705856178,0.015197568389057751,1122,0,0,0.00089126559714795,1.0,133,1,0,0,13,1,0,1
3247548367,False,True,False,1,1.00000000000000000000,1.00000000000000000000,1.00000000000000000000,1.00000000000000000000,0E-20,1,0E-20,1.0737179487179487,0.5169753086419753,1.2843980186330621,0.05373134328358209,1095,1,0,0.0009132420091324201,1.0,90,1,1,1,7,1,0,1
919694538024906752,False,True,False,4,0.50000000000000000000,1.25000000000000000000,1.00000000000000000000,0.25000000000000000000,0E-20,2,0E-20,0.7856115107913669,0.4396135265700483,2.935325131810193,0.01098901098901099,244,0,2,0.01639344262295082,2.0,112,1,1,1,9,1,0,0
907612583095549952,False,True,False,1,0E-20,2.00000000000000000000,1.00000000000000000000,1.00000000000000000000,0E-20,1,0E-20,0.32407407407407407,0.24305555555555555,0.1921351830603943,0.0,277,0,0,0.0036101083032490976,1.0,64,1,0,0,11,0,1,1
951171023122022400,False,True,False,8,0.25000000000000000000,1.25000000000000000000,1.75000000000000000000,0.75000000000000000000,0.25000000000000000000,1,0E-20,0.3040816326530612,0.2328125,4.600757575757576,0.0,157,0,2,0.050955414012738856,4.0,0,0,1,1,15,1,0,1
798808906180898817,False,True,False,3,0E-20,3.66666666666666670000,0.33333333333333333333,0.33333333333333333333,0E-20,1,0E-20,0.7487437185929648,0.4269340974212034,1.574031766753699,0.0,577,0,0,0.005199306759098787,3.0,103,1,0,1,15,1,0,0
754203642832445440,False,True,False,1,0E-20,0E-20,1.00000000000000000000,1.00000000000000000000,0E-20,1,0E-20,0.11183865898376114,0.10056523787093735,0.0014417012074247613,0.01639344262295082,700,2,0,0.0014285714285714286,1.0,49,1,0,1,8,1,0,1
918122491133988864,False,True,False,1,1.00000000000000000000,0E-20,0E-20,0E-20,0E-20,1,0E-20,0.17185929648241205,0.14652956298200515,0.010314595152140279,0.005847953216374269,248,0,0,0.004032258064516129,1.0,15,1,0,1,15,0,0,0
1006181533143580673,False,True,False,1,1.00000000000000000000,0E-20,0E-20,0E-20,0E-20,1,0E-20,0.0708955223880597,0.06597222222222222,0.5241935483870968,0.0,5,0,0,0.2,1.0,80,1,1,1,8,0,1,0
823306747,False,True,False,1,0E-20,1.00000000000000000000,1.00000000000000000000,1.00000000000000000000,0E-20,1,0E-20,0.13095238095238096,0.11558669001751314,0.39402975850187727,0.015151515151515152,2101,0,0,0.00047596382674916705,1.0,0,0,0,0,7,1,0,1
1002945675057946624,False,True,False,2,0.50000000000000000000,2.50000000000000000000,0.50000000000000000000,0.50000000000000000000,0E-20,1,0E-20,0.6875,0.4,1.4116161616161615,0.0,14,0,0,0.14285714285714285,2.0,0,0,0,0,14,1,0,1
2329658700,False,True,False,3,1.00000000000000000000,1.33333333333333330000,0.66666666666666666667,0E-20,0E-20,1,0E-20,0.681635926222935,0.4052926451305281,0.1525362008396881,0.3214705882352941,1591,0,1,0.0018856065367693275,3.0,154,1,1,1,8,0,0,0
101089210,False,True,False,5,0.20000000000000000000,1.20000000000000000000,6.20000000000000000000,0.80000000000000000000,0.20000000000000000000,1,0E-20,3.22256331542594,0.7630383427221515,0.09777621297474105,0.005477494641581329,3087,0,0,0.0016196954972465176,5.0,149,1,1,1,10,1,0,1
877476893770915840,False,True,False,1,0E-20,2.00000000000000000000,1.00000000000000000000,1.00000000000000000000,0E-20,1,0E-20,0.3753968253968254,0.27277970011534025,0.8448624595469255,0.0,360,0,0,0.002777777777777778,1.0,95,1,1,1,11,1,1,1
743279521286152192,False,True,False,1,1.00000000000000000000,0E-20,2.00000000000000000000,1.00000000000000000000,0E-20,1,0E-20,1.3140916808149405,0.5674486803519062,0.9470401799407013,0.014211886304909561,730,0,0,0.0013698630136986301,1.0,146,1,0,0,13,1,0,1
816274728319156225,False,True,False,3,0.33333333333333333333,0.66666666666666666667,1.00000000000000000000,1.00000000000000000000,0E-20,1,0E-20,1.814516129032258,0.6437768240343348,0.39415746348414676,0.0022222222222222222,529,0,0,0.005671077504725898,3.0,101,1,0,0,9,0,0,1
4822147114,False,True,False,5,0.20000000000000000000,3.00000000000000000000,1.20000000000000000000,0.80000000000000000000,0E-20,1,0E-20,0.7209302325581395,0.41811175337186895,0.6212743868148981,0.009216589861751152,881,0,0,0.0056753688989784334,5.0,76,1,0,0,14,1,0,1
2761194178,False,True,False,7,0.57142857142857142857,1.14285714285714290000,1.28571428571428570000,1.00000000000000000000,0E-20,1,0E-20,1.9425587467362924,0.6595744680851063,0.12150718561222519,0.004032258064516129,1381,0,3,0.005068790731354091,2.3333333333333335,75,1,0,1,9,0,0,0
965760487777546241,False,True,False,1,0E-20,5.00000000000000000000,1.00000000000000000000,1.00000000000000000000,0E-20,1,0E-20,0.30254777070063693,0.23170731707317074,0.4660098522167488,0.010526315789473684,116,0,0,0.008620689655172414,1.0,120,1,0,1,8,1,0,1
2480548935,False,True,False,2,0.50000000000000000000,1.50000000000000000000,1.00000000000000000000,1.00000000000000000000,0E-20,1,0E-20,1.4927536231884058,0.5953757225433526,0.2219418317147154,0.038834951456310676,1525,2,0,0.0013114754098360656,2.0,0,0,0,1,5,1,0,1
1005516327417729025,False,True,False,51,0.50980392156862745098,1.84313725490196080000,1.68627450980392160000,1.00000000000000000000,0E-20,1,0E-20,0.023703703703703703,0.023121387283236993,0.0,0.0,7,2,0,7.285714285714286,51.0,0,0,0,0,15,1,1,0
1003599723046096897,False,True,False,1,0E-20,2.00000000000000000000,2.00000000000000000000,1.00000000000000000000,0E-20,1,0E-20,0.35294117647058826,0.2553191489361702,1.0240963855421688,0.0,12,2,0,0.08333333333333333,1.0,0,0,0,0,11,1,1,1
2286870018,False,True,False,1,0E-20,3.00000000000000000000,1.00000000000000000000,1.00000000000000000000,0E-20,1,0E-20,6.15945945945946,0.86,0.21410856280841706,0.004826678367705134,1617,2,0,0.0006184291898577613,1.0,56,1,1,1,10,1,0,1
787930623604355076,False,True,False,1,0E-20,0E-20,1.00000000000000000000,1.00000000000000000000,0E-20,1,0E-20,14.990384615384615,0.9368990384615384,0.15294690696541646,0.008980115458627326,607,2,0,0.0016474464579901153,1.0,148,1,1,1,14,0,0,1
2354864915,False,True,False,1,0E-20,1.00000000000000000000,0E-20,0E-20,0E-20,1,0E-20,1.1528822055137844,0.5348837209302325,0.2562927221552071,0.030434782608695653,1577,2,0,0.0006341154090044388,1.0,44,1,1,1,8,1,0,0
770443045733015553,False,True,False,1,0E-20,7.00000000000000000000,1.00000000000000000000,1.00000000000000000000,0E-20,1,0E-20,6.95,0.8723849372384938,0.5890526589182521,0.016786570743405275,655,0,0,0.0015267175572519084,1.0,54,1,0,0,15,0,0,1
3306158950,False,True,False,16,0.68750000000000000000,1.31250000000000000000,0.93750000000000000000,0.93750000000000000000,0E-20,1,0E-20,0.9257797078562969,0.4806312769010043,1.1626093122193335,0.0008528784648187633,1111,0,3,0.0144014401440144,5.333333333333333,25,1,0,1,12,1,0,0
908496964035022849,False,True,False,1,1.00000000000000000000,0E-20,1.00000000000000000000,1.00000000000000000000,0E-20,1,0E-20,1.1428571428571428,0.5294117647058824,0.1593209271955599,0.0,274,0,0,0.0036496350364963502,1.0,0,0,0,1,12,1,0,1
794079684745105409,False,True,False,4,1.00000000000000000000,2.00000000000000000000,0E-20,0E-20,0E-20,1,0E-20,198.3609958506224,0.9949632651362208,0.4793273680962666,8.367325593557159e-05,590,1,0,0.006779661016949152,4.0,48,1,0,1,12,1,0,0
278312335,False,True,False,1,1.00000000000000000000,2.00000000000000000000,2.00000000000000000000,1.00000000000000000000,0E-20,1,0E-20,1.0794979079497908,0.5180722891566265,0.3672552913602777,0.07364341085271318,2627,0,0,0.00038066235249333843,1.0,122,1,0,1,7,0,0,1
4892889639,False,True,False,1,1.00000000000000000000,1.00000000000000000000,1.00000000000000000000,1.00000000000000000000,0E-20,1,0E-20,1.3636363636363635,0.5756929637526652,3.3692180616740086,0.003703703703703704,858,0,0,0.0011655011655011655,1.0,126,1,0,1,6,0,0,1
211459056,False,True,False,2,0E-20,4.00000000000000000000,1.00000000000000000000,1.00000000000000000000,0E-20,1,0E-20,0.7470997679814385,0.4270557029177719,0.0623512529749405,0.09006211180124224,2782,0,0,0.0007189072609633358,2.0,27,1,0,1,9,0,0,1
1646381888,False,True,False,1,1.00000000000000000000,0E-20,0E-20,0E-20,0E-20,1,0E-20,9.191919191919192,0.900990099009901,0.001652892561983471,0.01098901098901099,1777,1,0,0.0005627462014631402,1.0,30,1,1,0,8,0,0,0
729008668394590208,False,True,False,1,1.00000000000000000000,1.00000000000000000000,1.00000000000000000000,1.00000000000000000000,0E-20,1,0E-20,0.7843137254901961,0.4394454616793094,0.6703430586726515,0.0005952380952380953,770,2,0,0.0012987012987012987,1.0,105,1,0,1,15,0,0,1
957206752323362816,False,True,False,1,0E-20,3.00000000000000000000,1.00000000000000000000,1.00000000000000000000,0E-20,1,0E-20,0.5238095238095238,0.3402061855670103,0.4982027318475917,0.0,140,1,0,0.007142857142857143,1.0,38,1,0,1,10,1,0,1
18094704,False,True,False,10,0.30000000000000000000,1.50000000000000000000,1.10000000000000000000,0.80000000000000000000,0E-20,1,0E-20,0.18612554978008797,0.15689248399056285,0.5602221960968728,0.04833512352309345,3472,0,2,0.002880184331797235,5.0,11,1,0,1,13,0,0,0
2667048127,False,True,False,1,1.00000000000000000000,0E-20,1.00000000000000000000,1.00000000000000000000,0E-20,1,0E-20,1.9626168224299065,0.660377358490566,0.28499852637783674,0.0,1426,1,0,0.0007012622720897616,1.0,29,1,1,0,13,1,0,1
961965530658861058,False,True,False,1,0E-20,1.00000000000000000000,1.00000000000000000000,1.00000000000000000000,0E-20,1,0E-20,0.8225806451612904,0.4473684210526316,0.9771255934397929,0.0,127,2,0,0.007874015748031496,1.0,0,0,0,1,14,1,0,1
866309347143450624,False,True,False,3,1.00000000000000000000,0E-20,0.66666666666666666667,0.66666666666666666667,0E-20,1,0E-20,0.581125465294504,0.36748823040708944,0.8762726244343891,0.0,391,0,0,0.0076726342710997444,3.0,126,1,1,1,15,0,1,0
316710115,False,True,False,1,1.00000000000000000000,2.00000000000000000000,1.00000000000000000000,1.00000000000000000000,0E-20,1,0E-20,0.83745963401507,0.45550351288056207,0.20454398063079618,0.05398457583547558,2560,1,0,0.000390625,1.0,160,1,1,1,15,0,0,1
3168202903,False,True,False,4,1.00000000000000000000,0E-20,0E-20,0E-20,0E-20,1,0E-20,2.2054794520547945,0.6865671641791045,0.2560716013546202,0.015527950310559006,1150,0,0,0.0034782608695652175,4.0,0,0,0,0,15,1,0,0
2819226537,False,True,False,1,1.00000000000000000000,2.00000000000000000000,1.00000000000000000000,1.00000000000000000000,0E-20,1,0E-20,0.46472019464720193,0.3171001660210293,0.86116541197022,0.08202443280977312,1346,1,0,0.0007429420505200594,1.0,0,0,0,1,8,0,0,1
752126704265617408,False,True,False,2,1.00000000000000000000,2.50000000000000000000,1.50000000000000000000,1.00000000000000000000,0E-20,1,0E-20,1.0,0.4979919678714859,0.23099064523866636,0.08064516129032258,706,1,0,0.0028328611898017,2.0,10,1,0,1,11,1,0,1
896019960677318656,False,True,False,4,0E-20,3.00000000000000000000,1.00000000000000000000,1.00000000000000000000,0E-20,1,0E-20,3.423076923076923,0.7705627705627706,1.9526539670797114,0.0,309,0,1,0.012944983818770227,4.0,0,0,0,0,15,1,1,1
4522814716,False,True,False,2,1.00000000000000000000,1.50000000000000000000,1.00000000000000000000,1.00000000000000000000,0E-20,1,0E-20,1.213,0.547877145438121,0.41682336718064433,0.0032976092333058533,911,0,2,0.0021953896816684962,1.0,39,1,0,1,12,0,0,1
246489988,False,True,False,3,1.00000000000000000000,1.66666666666666670000,1.33333333333333330000,0.66666666666666666667,0E-20,1,0E-20,1.0931610123855682,0.5222368717239605,1.3640846429260554,0.010591133004926109,2691,0,1,0.0011148272017837235,3.0,139,1,0,1,12,0,0,0
984602276923891712,False,True,False,1,1.00000000000000000000,3.00000000000000000000,1.00000000000000000000,1.00000000000000000000,0E-20,1,0E-20,1.0238095238095237,0.5029239766081871,0.7663384064458371,0.0,64,0,0,0.015625,1.0,49,1,0,0,8,1,0,1
727096377784832003,False,True,False,2,1.00000000000000000000,3.00000000000000000000,0E-20,0E-20,0E-20,1,0E-20,11941.0,0.9998325378883027,0.03495233772128915,0.0,775,0,2,0.0025806451612903226,1.0,153,1,1,1,9,0,0,0
3017788404,False,True,False,1,1.00000000000000000000,0E-20,1.00000000000000000000,1.00000000000000000000,0E-20,1,0E-20,1.6920529801324504,0.6277641277641277,0.3033496967946867,0.007827788649706457,1220,1,0,0.000819672131147541,1.0,8,1,0,1,13,0,0,1
1005925237626626048,False,True,False,3,0E-20,0.66666666666666666667,1.33333333333333330000,1.00000000000000000000,0E-20,1,0E-20,0.0546875,0.051470588235294115,1.0588235294117647,0.0,6,0,1,0.5,3.0,29,1,0,1,11,1,1,1
770751077612294144,False,True,False,1,0E-20,0E-20,1.00000000000000000000,1.00000000000000000000,0E-20,1,0E-20,0.19570135746606335,0.16351606805293006,0.8524993171264682,0.005780346820809248,655,1,0,0.0015267175572519084,1.0,22,1,0,0,7,0,0,1
2998748626,False,True,False,2,1.00000000000000000000,2.50000000000000000000,1.50000000000000000000,1.00000000000000000000,0E-20,1,0E-20,1.7714285714285714,0.6388286334056399,0.7164913306058835,0.001697792869269949,1238,0,0,0.0016155088852988692,2.0,52,1,0,1,13,0,0,1
3009670492,False,True,False,1,0E-20,2.00000000000000000000,1.00000000000000000000,1.00000000000000000000,0E-20,1,0E-20,0.1205086798546629,0.10752881844380403,0.591990970211513,0.18592964824120603,1231,1,0,0.0008123476848090983,1.0,0,0,0,0,8,0,0,1
2933076651,False,True,False,1,1.00000000000000000000,0E-20,1.00000000000000000000,1.00000000000000000000,0E-20,1,0E-20,1.1185185185185185,0.5273573923166472,1.465802392640961,0.008830022075055188,1274,0,0,0.0007849293563579278,1.0,72,1,0,1,10,0,0,1
857997958519902208,False,True,False,1,1.00000000000000000000,0E-20,1.00000000000000000000,1.00000000000000000000,0E-20,1,0E-20,0.39779005524861877,0.28346456692913385,3.19629963898917,0.0,414,1,0,0.0024154589371980675,1.0,33,1,0,1,8,0,0,1
23061112,False,True,False,2,1.00000000000000000000,1.00000000000000000000,0E-20,0E-20,0E-20,1,0E-20,124.99068322981367,0.9920384520581711,0.004522401450097955,0.007603051159092603,3389,1,0,0.0005901445854234287,2.0,158,1,1,1,8,0,0,0
460245909,False,True,False,1,0E-20,2.00000000000000000000,1.00000000000000000000,1.00000000000000000000,0E-20,1,0E-20,2.0756302521008405,0.6739427012278308,0.006602944700338135,0.006072874493927126,2349,1,0,0.0004257130693912303,1.0,53,1,0,0,11,0,0,1
1001407473440436224,False,True,False,1,1.00000000000000000000,1.00000000000000000000,1.00000000000000000000,1.00000000000000000000,0E-20,1,0E-20,0.4365079365079365,0.3021978021978022,8.060070671378092,0.0,18,0,0,0.05555555555555555,1.0,42,1,0,1,10,1,0,1
309630539,False,True,False,2,0.50000000000000000000,1.50000000000000000000,0.50000000000000000000,0.50000000000000000000,0E-20,1,0E-20,1.0652267818574515,0.5156838143036386,0.014090322580645161,0.0012165450121654502,2571,1,0,0.0007779074290159471,2.0,75,1,0,1,13,0,0,0
2922434051,False,True,False,1,1.00000000000000000000,0E-20,1.00000000000000000000,1.00000000000000000000,0E-20,1,0E-20,1.2560483870967742,0.55625,0.23689683860232946,0.0032102728731942215,1279,1,0,0.0007818608287724785,1.0,0,0,0,1,13,0,0,1
797161473382502400,False,True,False,3,0.33333333333333333333,1.00000000000000000000,0E-20,0E-20,0E-20,1,0E-20,0.18930041152263374,0.15862068965517243,0.14542836573074155,0.0,582,0,1,0.005154639175257732,3.0,49,1,0,0,14,0,0,0
540500776,False,True,False,4,1.00000000000000000000,0.75000000000000000000,1.00000000000000000000,1.00000000000000000000,0E-20,1,0E-20,1.1952,0.5440640932265113,1.2424729799279464,0.002677376171352075,2269,1,0,0.0017628911414720142,4.0,5,1,1,1,6,1,0,1
622936846,False,True,False,2,0E-20,2.00000000000000000000,1.00000000000000000000,1.00000000000000000000,0E-20,1,0E-20,1.667621776504298,0.6244635193133047,0.058690516368545394,0.001718213058419244,2177,2,0,0.0009186954524575103,2.0,148,1,0,1,6,1,0,1
254829874,False,True,False,1,1.00000000000000000000,1.00000000000000000000,1.00000000000000000000,1.00000000000000000000,0E-20,1,0E-20,1.153623188405797,0.5349462365591398,0.02419956352385425,0.010050251256281407,2673,1,0,0.0003741114852225963,1.0,46,1,0,0,12,1,0,1
2272565912,False,True,False,1,1.00000000000000000000,7.00000000000000000000,0E-20,0E-20,0E-20,1,0E-20,0.9063291139240506,0.47480106100795755,0.27643166780743783,0.12011173184357542,1626,0,0,0.0006150061500615006,1.0,134,1,1,1,12,1,0,0
751136162,False,True,False,1,0E-20,2.00000000000000000000,1.00000000000000000000,1.00000000000000000000,0E-20,1,0E-20,0.34177215189873417,0.2535211267605634,0.0155444075461033,0.4444444444444444,2135,0,0,0.000468384074941452,1.0,0,0,0,0,8,0,0,1
955115296427331585,False,True,False,2,1.00000000000000000000,1.50000000000000000000,1.50000000000000000000,1.00000000000000000000,0E-20,1,0E-20,0.3350253807106599,0.25,0.16255899318300995,0.0,146,1,1,0.0136986301369863,2.0,71,1,0,1,15,1,0,1
770701471591563264,False,True,False,1,1.00000000000000000000,0E-20,1.00000000000000000000,1.00000000000000000000,0E-20,1,0E-20,1.3172043010752688,0.5671296296296297,3.625397573330192,0.0,655,1,0,0.0015267175572519084,1.0,88,1,0,0,13,0,0,1
3134170247,False,True,False,1,1.00000000000000000000,2.00000000000000000000,0E-20,0E-20,0E-20,1,0E-20,0.29780033840947545,0.2293159609120521,0.04,0.005681818181818182,1169,2,0,0.000855431993156544,1.0,124,1,0,0,12,0,0,0
925392270521749504,False,True,False,2,0.50000000000000000000,2.50000000000000000000,1.50000000000000000000,1.00000000000000000000,0E-20,1,0E-20,0.27884615384615385,0.21641791044776118,0.7302700806734479,0.0,228,0,0,0.008771929824561403,2.0,15,1,0,1,8,1,0,1
787348597,False,True,False,1,0E-20,4.00000000000000000000,1.00000000000000000000,1.00000000000000000000,0E-20,1,0E-20,1.3467933491686461,0.5735963581183612,0.554097605893186,0.008818342151675485,2118,2,0,0.00047214353163361664,1.0,2,1,0,1,8,0,0,1
4801957520,False,True,False,8,0.25000000000000000000,2.75000000000000000000,1.00000000000000000000,0.75000000000000000000,0E-20,1,0E-20,0.5611028315946349,0.3592557251908397,2.845050618672666,0.010624169986719787,875,0,0,0.009142857142857144,8.0,139,1,1,1,11,0,0,0
2882864073,False,True,False,3,0.66666666666666666667,1.33333333333333330000,0.66666666666666666667,0.66666666666666666667,0E-20,1,0E-20,0.46384039900249374,0.3166855845629966,0.8252371916508539,0.026881720430107527,1306,0,1,0.002297090352220521,3.0,48,1,1,1,11,1,0,0
970664625208410114,False,True,False,3,0.66666666666666666667,1.00000000000000000000,1.00000000000000000000,1.00000000000000000000,0E-20,1,0E-20,0.7333333333333333,0.42191780821917807,1.8599840891010342,0.0,103,0,2,0.02912621359223301,1.5,87,1,0,0,9,1,0,1
1006683301627748352,False,True,False,1,0E-20,1.00000000000000000000,0E-20,0E-20,0E-20,1,0E-20,0.8,0.4423076923076923,0.4166666666666667,0.0,4,1,0,0.25,1.0,46,1,0,0,14,0,0,0
867696690064740353,False,True,False,2,1.00000000000000000000,1.50000000000000000000,1.00000000000000000000,1.00000000000000000000,0E-20,1,0E-20,0.9977252047315741,0.4993169398907104,1.8847479534683327,0.0009119927040583675,387,0,1,0.00516795865633075,2.0,124,1,0,1,15,1,0,1
238897233,False,True,False,1,1.00000000000000000000,0E-20,1.00000000000000000000,1.00000000000000000000,0E-20,1,0E-20,0.5436912617476505,0.3521564564175625,2.332848612357291,0.000735564545788893,2708,0,0,0.00036927621861152144,1.0,122,1,0,1,9,1,0,1
472208804,False,True,False,1,1.00000000000000000000,2.00000000000000000000,1.00000000000000000000,1.00000000000000000000,0E-20,1,0E-20,1.2583892617449663,0.5563798219584569,0.5326008385138066,0.0026666666666666666,2336,2,0,0.0004280821917808219,1.0,0,0,0,0,8,0,0,1
974135000,False,True,False,5,0.20000000000000000000,0.80000000000000000000,1.00000000000000000000,1.00000000000000000000,0E-20,2,0E-20,1.0,0.4997715851987209,0.02534013605442177,0.02102376599634369,2027,0,0,0.00246669955599408,5.0,137,1,1,1,12,0,0,0
718466165199253508,False,True,False,1,0E-20,1.00000000000000000000,1.00000000000000000000,1.00000000000000000000,0E-20,1,0E-20,0.4011164274322169,0.28622913505311076,2.433377600708278,0.003976143141153081,799,1,0,0.0012515644555694619,1.0,136,1,0,1,11,1,0,1
948941803235041281,False,True,False,1,1.00000000000000000000,2.00000000000000000000,1.00000000000000000000,1.00000000000000000000,0E-20,1,0E-20,0.13855421686746988,0.12105263157894737,2.98393351800554,0.0,163,2,0,0.006134969325153374,1.0,77,1,0,1,12,1,0,1
3439111827,False,True,False,1,1.00000000000000000000,0E-20,1.00000000000000000000,1.00000000000000000000,0E-20,1,0E-20,0.7593984962406015,0.4310099573257468,1.3312068513501705,0.0033003300330033004,1026,0,0,0.0009746588693957114,1.0,10,1,0,0,12,1,0,1
2868296573,False,True,False,2,1.00000000000000000000,3.00000000000000000000,1.50000000000000000000,1.00000000000000000000,0E-20,2,0E-20,0.4728577837595334,0.3209989340642607,3.2321734952988814,0.0028462998102466793,1315,0,3,0.001520912547528517,0.6666666666666666,82,1,0,1,14,1,0,0
870820568211349509,False,True,False,1,1.00000000000000000000,1.00000000000000000000,1.00000000000000000000,1.00000000000000000000,0E-20,1,0E-20,0.8053097345132744,0.4449877750611247,0.5100913022585295,0.0,378,2,0,0.0026455026455026454,1.0,74,1,0,0,8,1,0,1
2457547050,False,True,False,2,0.50000000000000000000,4.00000000000000000000,1.00000000000000000000,1.00000000000000000000,0E-20,1,0E-20,0.36609336609336607,0.26750448833034113,1.2406892382103991,0.013422818791946308,1516,0,1,0.0013192612137203166,2.0,135,1,0,0,10,0,0,1
2530685578,False,True,False,1,1.00000000000000000000,1.00000000000000000000,1.00000000000000000000,1.00000000000000000000,0E-20,1,0E-20,1.0410958904109588,0.5089285714285714,0.07626234738327504,0.03070175438596491,1503,2,0,0.0006653359946773121,1.0,74,1,0,1,11,1,0,1
1723723634,False,True,False,1,0E-20,1.00000000000000000000,2.00000000000000000000,1.00000000000000000000,0E-20,1,0E-20,0.9536679536679536,0.4878209348255431,0.4589400116482236,0.021592442645074223,1748,1,0,0.0005720823798627002,1.0,88,1,0,1,11,0,0,1
958487817239318528,False,True,False,1,0E-20,1.00000000000000000000,1.00000000000000000000,1.00000000000000000000,0E-20,1,0E-20,0.8829365079365079,0.46842105263157896,3.492008339124392,0.0022471910112359553,137,0,0,0.0072992700729927005,1.0,156,1,1,1,13,0,0,1
994126876191883264,False,True,False,2,0.50000000000000000000,2.00000000000000000000,0E-20,0E-20,0E-20,1,0E-20,0.8578680203045685,0.461118690313779,9.78191489361702,0.0029585798816568047,38,1,0,0.05263157894736842,2.0,10,1,0,0,7,1,0,0
630346760,False,True,False,3,0.66666666666666666667,0.66666666666666666667,0.66666666666666666667,0.66666666666666666667,0E-20,2,0E-20,0.3384064458370636,0.25275827482447344,0.5599138738064033,0.03571428571428571,2169,0,2,0.0013831258644536654,1.5,108,1,0,1,13,1,0,0
749118655879716865,False,True,False,4,0.25000000000000000000,2.25000000000000000000,0.75000000000000000000,0.75000000000000000000,0E-20,1,0E-20,0.30845771144278605,0.23544303797468355,2.0225890529973936,0.0,714,0,0,0.0056022408963585435,4.0,119,1,1,1,13,0,0,0
901058443276111873,False,True,False,2,1.00000000000000000000,0E-20,0E-20,0E-20,0E-20,1,0E-20,0.6393640571543571,0.3899594942923776,1.1240282685512368,0.0066100094428706326,295,0,0,0.006779661016949152,2.0,117,1,1,0,12,0,0,0
4858018845,False,True,False,1,0E-20,2.00000000000000000000,0E-20,0E-20,0E-20,1,0E-20,0.28711162255466055,0.2229669347631814,0.5320136852394917,0.002004008016032064,870,1,0,0.0011494252873563218,1.0,139,1,0,1,14,0,0,0
497236095,False,True,False,3,1.00000000000000000000,0.33333333333333333333,0.33333333333333333333,0.33333333333333333333,0E-20,1,0E-20,1.1888168557536467,0.5429311621021465,0.5153042004143906,0.014996591683708248,2309,0,2,0.00129926375054136,1.5,142,1,0,1,9,1,0,0
1604506434,False,True,False,2,1.00000000000000000000,0.50000000000000000000,0.50000000000000000000,0.50000000000000000000,0E-20,1,0E-20,1.5379679144385028,0.6057287278854254,0.513373545360385,0.002086230876216968,1794,0,2,0.0011148272017837235,1.0,18,1,0,1,11,1,0,0
618995329,False,True,False,2,0.50000000000000000000,1.00000000000000000000,0E-20,0E-20,0E-20,1,0E-20,1.4829157175398633,0.5967002749770852,0.21072023418967345,0.009216589861751152,2181,2,0,0.0009170105456212746,2.0,41,1,0,1,12,1,0,0
799425312,False,True,False,8,0.62500000000000000000,1.25000000000000000000,0.87500000000000000000,0.37500000000000000000,0E-20,2,0E-20,6.253833049403748,0.8619394223996243,0.595982259326898,0.02860256061018796,2112,0,2,0.003787878787878788,4.0,145,1,1,0,8,0,0,0
2186800852,False,True,False,3,0.66666666666666666667,0.66666666666666666667,1.66666666666666670000,0.33333333333333333333,0E-20,1,0E-20,2.1780429594272075,0.6852380237272864,5.75194422097077,0.0497479728248959,1670,1,0,0.0017964071856287425,3.0,160,1,1,1,10,1,0,0
119551201,False,True,False,4,1.00000000000000000000,2.00000000000000000000,0E-20,0E-20,0E-20,1,0E-20,0.897822445561139,0.47266313932980597,0.008295424137008296,0.04291044776119403,3026,0,3,0.0013218770654329147,1.3333333333333333,103,1,0,1,6,0,0,0
545221623,False,True,False,2,1.00000000000000000000,1.50000000000000000000,1.00000000000000000000,0.50000000000000000000,0E-20,1,0E-20,2.625,0.722753346080306,0.056374450478407036,0.007936507936507936,2264,0,1,0.0008833922261484099,2.0,32,1,0,1,8,1,0,0
888487280465371138,False,True,False,4,0.50000000000000000000,1.00000000000000000000,1.00000000000000000000,0.75000000000000000000,0E-20,1,0E-20,0.2336182336182336,0.18915801614763553,3.6923374613003097,0.0,330,0,1,0.012121212121212121,4.0,40,1,0,1,13,0,0,1
1639101836,False,True,False,1,1.00000000000000000000,0E-20,0E-20,0E-20,0E-20,1,0E-20,1.3486842105263157,0.5736940298507462,0.501184068891281,0.0016260162601626016,1780,2,0,0.0005617977528089888,1.0,40,1,0,1,13,1,0,0
318578036,False,True,False,2,0E-20,1.00000000000000000000,0.50000000000000000000,0.50000000000000000000,0E-20,1,0E-20,0.854181558255897,0.4605009633911368,0.8030466225573165,0.022594142259414227,2557,1,0,0.0007821666014861165,2.0,39,1,0,0,7,1,0,1
823314241201512448,False,True,False,1,0E-20,5.00000000000000000000,0E-20,0E-20,0E-20,1,0E-20,1.3547044129891757,0.5751148815835985,5.220016098738932,0.0018438844499078057,510,0,0,0.00196078431372549,1.0,157,1,1,1,10,0,0,0
138697342,False,True,False,1,0E-20,2.00000000000000000000,1.00000000000000000000,0E-20,0E-20,1,0E-20,0.7620915032679738,0.43217197924388434,0.05600037678975132,0.14065180102915953,2969,2,0,0.0003368137420006736,1.0,83,1,0,1,12,0,0,0
16240646,False,True,False,1,1.00000000000000000000,0E-20,0E-20,0E-20,0E-20,1,0E-20,1.143558282208589,0.5331807780320366,0.01088139281828074,0.02145922746781116,3565,2,0,0.00028050490883590464,1.0,159,1,1,1,10,0,0,0
374657531,False,True,False,1,1.00000000000000000000,1.00000000000000000000,0E-20,0E-20,0E-20,1,0E-20,0.8975694444444444,0.4725776965265082,0.05097379177686944,0.02127659574468085,2465,1,0,0.00040567951318458417,1.0,147,1,1,1,7,1,0,0
755703639474376704,False,True,False,1,0E-20,2.00000000000000000000,0E-20,0E-20,0E-20,1,0E-20,0.3660377358490566,0.26721763085399447,0.18787489288774636,0.030927835051546393,696,2,0,0.0014367816091954023,1.0,50,1,0,1,11,0,0,0
375402041,False,True,False,6,0.33333333333333333333,0.83333333333333333333,0.66666666666666666667,0.50000000000000000000,0E-20,1,0E-20,6.412621359223301,0.8645287958115183,0.039854849621747956,0.006813020439061317,2463,0,1,0.00243605359317905,6.0,154,1,1,1,8,0,0,0
2872756295,False,True,False,4,0E-20,1.50000000000000000000,0E-20,0E-20,0E-20,1,0E-20,0.49693502247650184,0.3318777292576419,6.017131379962192,0.013157894736842105,1313,0,1,0.0030464584920030465,4.0,0,0,0,0,14,0,0,0
2726698674,False,True,False,3,0.33333333333333333333,0.66666666666666666667,0E-20,0E-20,0E-20,1,0E-20,46.44514106583072,0.9788583509513742,1.2892186191216943,0.002632289416846652,1404,0,0,0.002136752136752137,3.0,152,1,1,1,12,0,0,0
990676532082376704,False,True,False,6,0.66666666666666666667,1.50000000000000000000,0.16666666666666666667,0.16666666666666666667,0E-20,2,0E-20,1.0869565217391304,0.5196304849884527,0.8701754385964913,0.0,48,0,2,0.125,3.0,72,1,0,1,14,0,0,0
2853002409,False,True,False,1,1.00000000000000000000,0E-20,1.00000000000000000000,0E-20,0E-20,1,0E-20,0.9594500020583755,0.4896424219505021,0.8834068725765477,0.00034325924654595385,1324,0,0,0.0007552870090634441,1.0,150,1,1,1,7,0,0,0
307015349,False,True,False,19,0.21052631578947368421,2.26315789473684210000,0.26315789473684210526,0.21052631578947368421,0E-20,1,0E-20,0.5601851851851852,0.3585185185185185,0.16659751037344397,0.0371900826446281,2576,0,3,0.007375776397515528,6.333333333333333,160,1,0,1,11,0,0,0
2342671838,False,True,False,1,0E-20,0E-20,1.00000000000000000000,1.00000000000000000000,0E-20,1,0E-20,0.12195121951219512,0.10849909584086799,0.04764625228519195,0.0,1584,1,0,0.0006313131313131314,1.0,0,0,0,0,6,0,1,1
812969013634400260,False,True,False,2,0E-20,2.50000000000000000000,0E-20,0E-20,0E-20,1,0E-20,0.7418032786885246,0.42488262910798125,8.320773930753564,0.0,538,0,0,0.0037174721189591076,2.0,54,1,0,1,10,0,0,0
1239139663,False,True,False,3,1.00000000000000000000,0.33333333333333333333,1.00000000000000000000,0.33333333333333333333,0E-20,1,0E-20,2.557544757033248,0.7183908045977011,1.0420945602440264,0.022,1931,1,0,0.0015535991714137752,3.0,158,1,0,1,12,0,0,0
870416651757404160,False,True,False,2,0.50000000000000000000,0.50000000000000000000,0.50000000000000000000,0.50000000000000000000,0E-20,1,0E-20,0.8714285714285714,0.46387832699619774,2.541002277904328,0.0,380,1,0,0.005263157894736842,2.0,0,0,0,1,15,1,0,1
773284616778252288,False,True,False,1,1.00000000000000000000,0E-20,0E-20,0E-20,0E-20,1,0E-20,1.1402214022140222,0.53184165232358,2.068526170798898,0.019417475728155338,648,2,0,0.0015432098765432098,1.0,45,1,1,1,12,0,0,0
957957703,False,True,False,2,0.50000000000000000000,2.00000000000000000000,1.00000000000000000000,0.50000000000000000000,0E-20,1,0E-20,1.4765840220385675,0.5955555555555555,1.3518100890207716,0.018656716417910446,2035,0,0,0.0009828009828009828,2.0,48,1,1,1,11,0,0,0
824779252113534976,False,True,False,4,0.25000000000000000000,1.25000000000000000000,0.25000000000000000000,0.25000000000000000000,0E-20,1,0E-20,0.8048780487804879,0.4429530201342282,1.2225419664268584,0.015151515151515152,505,0,1,0.007920792079207921,4.0,25,1,0,1,14,1,0,0
1006501367349960704,False,True,False,6,0.16666666666666666667,2.00000000000000000000,0.16666666666666666667,0.16666666666666666667,0E-20,1,0E-20,0.11538461538461539,0.1016949152542373,0.25,0.0,4,0,0,1.5,6.0,24,1,0,0,15,0,1,0
250066409,False,True,False,1,0E-20,1.00000000000000000000,0E-20,0E-20,0E-20,1,0E-20,1.0297176820208023,0.506949524506218,1.1271421732886548,0.017316017316017316,2683,2,0,0.0003727171077152441,1.0,20,1,0,0,11,0,0,0
975034579483484160,False,True,False,6,0.16666666666666666667,4.33333333333333330000,1.00000000000000000000,1.00000000000000000000,0E-20,1,0E-20,0.15384615384615385,0.125,0.660056657223796,0.0,91,0,0,0.06593406593406594,6.0,34,1,0,0,11,0,1,1
127898936,False,True,False,1,0E-20,1.00000000000000000000,1.00000000000000000000,0E-20,0E-20,1,0E-20,1.3578595317725752,0.5756143667296786,0.8579705056179775,0.010673234811165846,3000,0,0,0.0003333333333333333,1.0,31,1,0,1,13,1,0,0
177697954,False,True,False,2,0E-20,2.50000000000000000000,3.00000000000000000000,1.00000000000000000000,0E-20,1,0E-20,0.1359724612736661,0.11951588502269289,0.014326647564469915,0.0,2865,2,0,0.0006980802792321117,2.0,0,0,0,0,11,0,1,1
632288590,False,True,False,1,1.00000000000000000000,5.00000000000000000000,0E-20,0E-20,0E-20,1,0E-20,1.5339425587467364,0.6050463439752832,0.06462540716612378,0.006808510638297872,2167,0,0,0.00046146746654360867,1.0,94,1,0,1,15,0,0,0
72959162,False,True,False,1,1.00000000000000000000,0E-20,0E-20,0E-20,0E-20,1,0E-20,0.8123980424143556,0.44804318488529016,0.8989446156719902,0.0,3202,1,0,0.0003123048094940662,1.0,57,1,0,1,10,1,0,0
1006608206179647488,False,True,False,3,0.66666666666666666667,4.33333333333333330000,1.00000000000000000000,1.00000000000000000000,0E-20,1,0E-20,0.014925373134328358,0.014598540145985401,0.7,0.0,4,0,1,0.75,3.0,0,0,0,0,10,1,1,1
259856581,False,True,False,2,0E-20,1.50000000000000000000,0E-20,0E-20,0E-20,1,0E-20,0.9778761061946902,0.49330357142857145,0.09903244166192374,0.004524886877828055,2663,0,3,0.0007510326699211416,0.6666666666666666,61,1,0,1,14,0,0,0
997942830667616256,False,True,False,1,1.00000000000000000000,0E-20,1.00000000000000000000,1.00000000000000000000,0E-20,1,0E-20,0.042105263157894736,0.04,0.5764705882352941,0.0,28,1,0,0.03571428571428571,1.0,0,0,0,0,8,0,1,1
327492380,False,True,False,2,0.50000000000000000000,1.50000000000000000000,0.50000000000000000000,0.50000000000000000000,0E-20,1,0E-20,1.1847133757961783,0.541747572815534,0.044579533941236066,0.0035842293906810036,2542,2,0,0.0007867820613690008,2.0,77,1,0,1,12,1,0,1
877293266026278912,False,True,False,1,1.00000000000000000000,2.00000000000000000000,1.00000000000000000000,1.00000000000000000000,0E-20,1,0E-20,0.0963855421686747,0.08695652173913043,1.2327663384064458,0.0,361,0,0,0.002770083102493075,1.0,26,1,0,1,12,0,1,1
973909579292651520,False,True,False,1,1.00000000000000000000,3.00000000000000000000,1.00000000000000000000,0E-20,0E-20,1,0E-20,3.4222873900293256,0.7733598409542743,6.0,0.006855184233076264,94,0,0,0.010638297872340425,1.0,108,1,1,0,15,0,0,0
1005317691761098752,False,True,False,1,1.00000000000000000000,7.00000000000000000000,1.00000000000000000000,1.00000000000000000000,0E-20,1,0E-20,0.109375,0.09722222222222222,5.4,0.0,7,2,0,0.14285714285714285,1.0,2,1,0,1,10,1,1,1
226652146,False,True,False,1,0E-20,2.00000000000000000000,0E-20,0E-20,0E-20,1,0E-20,0.49442896935933145,0.33054003724394787,0.3601026769343601,0.005633802816901409,2741,0,0,0.00036483035388544326,1.0,156,1,0,1,9,0,0,0
268483688,False,True,False,1,1.00000000000000000000,1.00000000000000000000,1.00000000000000000000,0E-20,1.00000000000000000000,1,0E-20,0.30849220103986136,0.235657546337158,0.441502227880331,0.011235955056179775,2647,2,0,0.00037778617302606723,1.0,124,1,0,1,9,0,0,0
221227544,False,True,False,1,0E-20,1.00000000000000000000,0E-20,0E-20,0E-20,1,0E-20,0.4663143989431968,0.3177317731773177,1.2675354541970103,0.0226628895184136,2755,1,0,0.0003629764065335753,1.0,96,1,0,1,6,1,0,0
998216780966281222,False,True,False,1,0E-20,1.00000000000000000000,0E-20,0E-20,0E-20,1,0E-20,0.15841584158415842,0.13559322033898305,0.3283582089552239,0.0,27,2,0,0.037037037037037035,1.0,0,0,0,0,7,0,1,1
1001138517324517381,False,True,False,1,0E-20,3.00000000000000000000,2.00000000000000000000,1.00000000000000000000,0E-20,1,0E-20,0.5,0.32,0.16,0.0,19,0,0,0.05263157894736842,1.0,0,0,0,0,12,1,1,1
111110214,False,True,False,3,0.66666666666666666667,1.00000000000000000000,1.00000000000000000000,0.66666666666666666667,0E-20,1,0E-20,0.8856502242152466,0.4691211401425178,0.24327512977819726,0.010126582278481013,3055,0,3,0.0009819967266775777,1.0,0,0,0,0,11,1,0,1
239841538,False,True,False,35,0.42857142857142857143,1.65714285714285710000,0.91428571428571428571,0.74285714285714285714,0.02857142857142857143,1,0E-20,1.011553273427471,0.502764780944279,0.7521861966904345,0.0,2706,0,3,0.012934220251293422,11.666666666666666,63,1,0,1,8,0,0,0
2991775833,False,True,False,1,0E-20,2.00000000000000000000,0E-20,0E-20,0E-20,1,0E-20,0.44769230769230767,0.3089171974522293,3.4029943855271365,0.006872852233676976,1241,2,0,0.0008058017727639,1.0,27,1,0,0,15,0,0,0
820481341129129986,False,True,False,5,0.40000000000000000000,1.40000000000000000000,1.20000000000000000000,0.80000000000000000000,0E-20,1,0E-20,1.108910891089109,0.525,2.021439509954058,0.002976190476190476,517,0,3,0.009671179883945842,1.6666666666666667,127,1,0,1,14,0,0,0
967104630105759744,False,True,False,1,1.00000000000000000000,4.00000000000000000000,1.00000000000000000000,1.00000000000000000000,0E-20,1,0E-20,0.1456953642384106,0.12680115273775217,6.891385767790262,0.0,113,1,0,0.008849557522123894,1.0,22,1,0,0,15,1,1,1
2820160310,False,True,False,6,0.50000000000000000000,0.83333333333333333333,0.83333333333333333333,0.83333333333333333333,0E-20,1,0E-20,1.685897435897436,0.6261904761904762,0.22298136645962732,0.0,1366,0,2,0.004392386530014641,3.0,79,1,1,1,9,1,0,0
247211662,False,True,False,1,1.00000000000000000000,0E-20,0E-20,0E-20,0E-20,1,0E-20,27.984550561797754,0.9654520786897955,0.08043149129447388,0.0038143036386449184,2689,2,0,0.0003718854592785422,1.0,31,1,0,1,10,0,0,0
1004226584453308416,False,True,False,1,1.00000000000000000000,0E-20,1.00000000000000000000,0E-20,1.00000000000000000000,1,0E-20,0.10344827586206896,0.09278350515463918,2.9473684210526314,0.0,10,0,0,0.1,1.0,0,0,0,1,13,1,1,1
65019947,False,True,False,12,0.50000000000000000000,1.00000000000000000000,0.66666666666666666667,0.41666666666666666667,0.08333333333333333333,1,0E-20,0.7218045112781954,0.41830065359477125,0.2702937597775074,0.015625,3230,0,2,0.0037151702786377707,6.0,14,1,0,0,8,0,0,0
2894921773,False,True,False,1,1.00000000000000000000,2.00000000000000000000,1.00000000000000000000,1.00000000000000000000,0E-20,1,0E-20,0.10404624277456648,0.09399477806788512,0.3565254969749352,0.0,1315,0,0,0.0007604562737642585,1.0,73,1,0,0,14,1,1,1
824226421,False,True,False,2,0.50000000000000000000,0.50000000000000000000,0.50000000000000000000,0.50000000000000000000,0E-20,1,0E-20,0.8746987951807229,0.46598202824133506,2.91887323943662,0.005509641873278237,2100,0,0,0.0009523809523809524,2.0,26,1,0,1,12,0,0,0
976617592684269568,False,True,False,2,0E-20,2.00000000000000000000,1.00000000000000000000,1.00000000000000000000,0E-20,1,0E-20,0.15,0.12962962962962962,1.619718309859155,0.0,86,0,1,0.023255813953488372,2.0,40,1,0,1,7,0,1,1
2196704189,False,True,False,3,1.00000000000000000000,0.66666666666666666667,1.00000000000000000000,0.66666666666666666667,0E-20,1,0E-20,0.23395613322502032,0.18947368421052632,0.49332344213649854,0.010416666666666666,1663,0,1,0.0018039687312086591,3.0,59,1,0,1,14,1,0,1
3061041569,False,True,False,1,0E-20,1.00000000000000000000,0E-20,0E-20,0E-20,1,0E-20,0.3983333333333333,0.2845238095238095,1.956401766004415,0.0,1207,1,0,0.0008285004142502071,1.0,0,0,0,1,11,0,0,1
249611498,False,True,False,1,0E-20,2.00000000000000000000,1.00000000000000000000,0E-20,0E-20,1,0E-20,0.32801822323462415,0.24685714285714286,4.2858261550509,0.016203703703703703,2684,2,0,0.00037257824143070045,1.0,24,1,0,1,11,0,0,1
999708446541967360,False,True,False,1,1.00000000000000000000,6.00000000000000000000,1.00000000000000000000,1.00000000000000000000,0E-20,1,0E-20,0.2827586206896552,0.2192513368983957,1.1724137931034482,0.0,23,0,0,0.043478260869565216,1.0,29,1,0,1,6,1,1,1
2484135226,False,True,False,2,0E-20,2.00000000000000000000,1.00000000000000000000,1.00000000000000000000,0E-20,1,0E-20,0.11213720316622691,0.10071090047393365,0.9551451187335093,0.0,1524,0,0,0.0013123359580052493,2.0,106,1,0,1,10,0,1,1
756899822,False,True,False,1,1.00000000000000000000,1.00000000000000000000,0E-20,0E-20,0E-20,1,0E-20,1.5179856115107915,0.6019971469329529,0.05291828793774319,0.02132701421800948,2132,2,0,0.00046904315196998124,1.0,99,1,0,1,10,0,0,0
3003252081,False,True,False,1,0E-20,2.00000000000000000000,2.00000000000000000000,0E-20,1.00000000000000000000,1,0E-20,0.7733333333333333,0.435,2.8422159887798037,0.0,1235,0,0,0.0008097165991902834,1.0,136,1,1,1,10,0,0,0
901429782491037696,False,True,False,1,0E-20,1.00000000000000000000,2.00000000000000000000,1.00000000000000000000,0E-20,1,0E-20,0.09315068493150686,0.085,0.6153846153846154,0.0,294,0,0,0.003401360544217687,1.0,0,0,0,0,14,1,1,1
881131251876454400,False,True,False,1,0E-20,5.00000000000000000000,1.00000000000000000000,1.00000000000000000000,0E-20,1,0E-20,0.19298245614035087,0.16058394160583941,2.1769230769230767,0.0,350,0,0,0.002857142857142857,1.0,5,1,0,1,15,1,1,1
1003370750991065089,False,True,False,1,0E-20,2.00000000000000000000,1.00000000000000000000,1.00000000000000000000,0E-20,1,0E-20,0.07894736842105263,0.07258064516129033,34.0,0.0,13,1,0,0.07692307692307693,1.0,53,1,0,0,13,1,1,1
889284184744894465,False,True,False,1,0E-20,0E-20,3.00000000000000000000,1.00000000000000000000,0E-20,1,0E-20,0.023952095808383235,0.023255813953488372,0.4142857142857143,0.0,327,1,0,0.0030581039755351682,1.0,0,0,0,0,13,0,1,1
2864717770,False,True,False,2,1.00000000000000000000,2.00000000000000000000,0E-20,0E-20,0E-20,1,0E-20,0.5,0.3076923076923077,0.0,0.75,1318,0,2,0.0015174506828528073,1.0,160,1,1,1,12,0,0,0
366252775,False,True,False,1,0E-20,1.00000000000000000000,0E-20,0E-20,0E-20,1,0E-20,0.2056338028169014,0.17036172695449242,0.20928402832415421,0.0136986301369863,2480,0,0,0.0004032258064516129,1.0,85,1,0,1,13,1,0,0
318414302,False,True,False,18,0.16666666666666666667,1.16666666666666670000,0.61111111111111111111,0.16666666666666666667,0.16666666666666666667,1,0E-20,0.35358056265984655,0.26109537299339,2.187190082644628,0.0,2557,0,2,0.007039499413375049,9.0,75,1,1,1,7,0,0,0
2148604317,False,True,False,2,1.00000000000000000000,1.00000000000000000000,0.50000000000000000000,0.50000000000000000000,0E-20,1,0E-20,1.0229885057471264,0.504725897920605,0.5847880299251871,0.003745318352059925,1698,0,0,0.001177856301531213,2.0,90,1,0,1,12,0,0,0
4151956270,False,True,False,9,0.22222222222222222222,3.66666666666666670000,0.22222222222222222222,0.22222222222222222222,0E-20,2,0E-20,0.27765237020316025,0.21693121693121692,2.339712918660287,0.008130081300813009,950,0,3,0.009473684210526316,3.0,30,1,0,0,13,1,0,0
116735386,False,True,False,7,0.42857142857142857143,1.14285714285714290000,0.85714285714285714286,0.85714285714285714286,0E-20,1,0E-20,0.950530035335689,0.4864376130198915,0.023901310717039322,0.0,3035,0,0,0.0023064250411861617,7.0,0,0,0,1,6,0,0,1
2680092930,False,True,False,2,0.50000000000000000000,1.00000000000000000000,1.50000000000000000000,0.50000000000000000000,0E-20,1,0E-20,0.4781609195402299,0.32298136645962733,2.9804421768707483,0.004807692307692308,1422,2,0,0.0014064697609001407,2.0,18,1,0,0,14,1,0,1
386543396,False,True,False,1,1.00000000000000000000,5.00000000000000000000,0E-20,0E-20,0E-20,1,0E-20,0.6434426229508197,0.39054726368159204,0.3539731682146543,0.006369426751592357,2444,0,0,0.0004091653027823241,1.0,18,1,0,1,14,0,0,0
375042012,False,True,False,1,0E-20,1.00000000000000000000,1.00000000000000000000,0E-20,1.00000000000000000000,1,0E-20,0.803125,0.444636678200692,0.17981246552675123,0.0,2464,2,0,0.00040584415584415587,1.0,35,1,0,0,13,1,0,0
438498204,False,True,False,4,0.50000000000000000000,2.25000000000000000000,0.50000000000000000000,0.50000000000000000000,0E-20,1,0E-20,0.4090909090909091,0.28983050847457625,0.45774647887323944,0.011695906432748537,2374,0,2,0.0016849199663016006,2.0,101,1,0,1,15,1,0,0
1066562797,False,True,False,1,1.00000000000000000000,1.00000000000000000000,1.00000000000000000000,0E-20,0E-20,1,0E-20,0.6152125279642058,0.3806228373702422,0.979300499643112,0.0018181818181818182,1987,1,0,0.0005032712632108706,1.0,127,1,0,1,7,0,0,0
484544959,False,True,False,1,0E-20,1.00000000000000000000,0E-20,0E-20,0E-20,1,0E-20,0.5714285714285714,0.3626062322946176,3.635614702154626,0.015625,2322,2,0,0.0004306632213608958,1.0,30,1,0,1,11,1,0,0
889353303078969344,False,True,False,1,1.00000000000000000000,1.00000000000000000000,1.00000000000000000000,1.00000000000000000000,0E-20,1,0E-20,0.11764705882352941,0.10495626822157435,0.26576576576576577,0.0,327,1,0,0.0030581039755351682,1.0,0,0,0,0,14,1,1,1
194924584,False,True,False,1,1.00000000000000000000,4.00000000000000000000,3.00000000000000000000,0E-20,0E-20,1,0E-20,1.029126213592233,0.5047619047619047,0.04051772650534609,0.8867924528301887,2821,2,0,0.0003544842254519674,1.0,57,1,0,1,8,0,0,1
247240286,False,True,False,4,0.25000000000000000000,1.00000000000000000000,0E-20,0E-20,0E-20,1,0E-20,0.23279875840662184,0.18875838926174496,0.2670990566037736,0.0044444444444444444,2689,0,0,0.0014875418371141688,4.0,72,1,0,1,15,0,0,0
708427721173499905,False,True,False,1,0E-20,1.00000000000000000000,0E-20,0E-20,0E-20,1,0E-20,2.4722222222222223,0.7063492063492064,0.8869395711500975,0.056179775280898875,827,1,0,0.0012091898428053204,1.0,160,1,0,1,8,1,0,0
768386242941558784,False,True,False,1,0E-20,1.00000000000000000000,3.00000000000000000000,0E-20,0E-20,1,0E-20,0.3746031746031746,0.271889400921659,13.312958435207824,0.05084745762711865,661,2,0,0.0015128593040847202,1.0,14,1,0,1,14,0,0,1
757642682,False,True,False,1,0E-20,2.00000000000000000000,0E-20,0E-20,0E-20,1,0E-20,0.8835978835978836,0.4684431977559607,0.1258964143426295,0.041916167664670656,2132,0,0,0.00046904315196998124,1.0,148,1,1,1,15,0,0,0
3303934708,False,True,False,1,0E-20,3.00000000000000000000,0E-20,0E-20,0E-20,1,0E-20,0.5614035087719298,0.3592142188961646,5.054602184087363,0.010416666666666666,1113,0,0,0.0008984725965858042,1.0,152,1,0,1,7,0,0,0
156212393,False,True,False,2,1.00000000000000000000,2.00000000000000000000,0E-20,0E-20,0E-20,1,0E-20,0.4738372093023256,0.32086614173228345,0.49906073888541014,0.024539877300613498,2922,0,0,0.0006844626967830253,2.0,155,1,0,1,13,0,0,0
269350141,False,True,False,1,1.00000000000000000000,4.00000000000000000000,0E-20,0E-20,0E-20,1,0E-20,0.29957805907172996,0.2297734627831715,0.51994301994302,0.028169014084507043,2645,0,0,0.0003780718336483932,1.0,62,1,0,1,14,0,0,0
965920836246036480,False,True,False,1,0E-20,1.00000000000000000000,0E-20,0E-20,0E-20,1,0E-20,0.3020408163265306,0.23125,5.241379310344827,0.013513513513513514,116,1,0,0.008620689655172414,1.0,16,1,0,1,15,1,0,0
2886722727,False,True,False,1,1.00000000000000000000,1.00000000000000000000,1.00000000000000000000,1.00000000000000000000,0E-20,1,0E-20,0.18253968253968253,0.15333333333333332,1.5823170731707317,0.0,1303,1,0,0.0007674597083653108,1.0,0,0,0,0,8,1,1,1
866269348859486210,False,True,False,2,0.50000000000000000000,2.50000000000000000000,1.00000000000000000000,1.00000000000000000000,0E-20,1,0E-20,0.06578947368421052,0.06157635467980296,1.96875,0.0,391,1,0,0.005115089514066497,2.0,0,0,0,1,11,0,1,1
861922055247286275,False,True,False,3,1.00000000000000000000,1.66666666666666670000,0E-20,0E-20,0E-20,1,0E-20,113.25,0.9890829694323144,0.04790419161676647,0.0,403,0,1,0.007444168734491315,3.0,123,1,1,0,13,0,0,0
2982606545,False,True,False,1,0E-20,1.00000000000000000000,0E-20,0E-20,0E-20,1,0E-20,3.2857142857142856,0.7654516640253566,0.696911196911197,0.002070393374741201,1246,0,0,0.0008025682182985554,1.0,32,1,0,0,14,0,0,0
112008927,False,True,False,2,0.50000000000000000000,2.00000000000000000000,0.50000000000000000000,0.50000000000000000000,0E-20,1,0E-20,0.21108179419525067,0.17391304347826086,0.6720386784850927,0.0125,3052,1,0,0.000655307994757536,2.0,80,1,0,1,8,1,0,1
765848145146306560,False,True,False,3,1.00000000000000000000,2.00000000000000000000,1.00000000000000000000,1.00000000000000000000,0E-20,1,0E-20,0.08661417322834646,0.07913669064748201,0.021897810218978103,0.0,668,2,0,0.004491017964071856,3.0,0,0,0,0,10,1,1,1
3864371087,False,True,False,1,1.00000000000000000000,0E-20,0E-20,0E-20,0E-20,1,0E-20,0.6635802469135802,0.39814814814814814,0.5703125,0.004651162790697674,986,0,0,0.0010141987829614604,1.0,159,1,1,1,9,0,0,0
954392624168914945,False,True,False,1,1.00000000000000000000,2.00000000000000000000,1.00000000000000000000,1.00000000000000000000,0E-20,1,0E-20,0.046153846153846156,0.043478260869565216,4.5576923076923075,0.0,148,0,0,0.006756756756756757,1.0,0,0,0,0,10,0,1,1
420956964,False,True,False,2,1.00000000000000000000,3.00000000000000000000,0.50000000000000000000,0.50000000000000000000,0E-20,1,0E-20,0.6216216216216216,0.3817427385892116,1.0163111668757843,0.010869565217391304,2395,1,0,0.0008350730688935282,2.0,73,1,0,1,8,0,0,0
1143397867,False,True,False,2,0.50000000000000000000,1.50000000000000000000,0.50000000000000000000,0.50000000000000000000,0E-20,1,0E-20,0.3875968992248062,0.2777777777777778,0.2540192926045016,0.04,1960,1,0,0.0010204081632653062,2.0,28,1,0,1,15,1,0,1
435696152,False,True,False,1,1.00000000000000000000,2.00000000000000000000,1.00000000000000000000,1.00000000000000000000,0E-20,1,0E-20,0.09985528219971057,0.09067017082785808,0.14835948644793154,0.0,2377,2,0,0.00042069835927639884,1.0,0,0,0,0,7,0,1,1
973198610060980224,False,True,False,1,1.00000000000000000000,1.00000000000000000000,1.00000000000000000000,1.00000000000000000000,0E-20,1,0E-20,0.15151515151515152,0.1282051282051282,2.2222222222222223,0.0,96,2,0,0.010416666666666666,1.0,44,1,0,1,15,0,1,1
552034097,False,True,False,1,0E-20,0E-20,1.00000000000000000000,1.00000000000000000000,0E-20,1,0E-20,0.1018363939899833,0.09228441754916793,0.050393700787401574,0.0,2256,2,0,0.0004432624113475177,1.0,30,1,0,1,13,0,1,1
830683587452219393,False,True,False,3,1.00000000000000000000,4.33333333333333330000,0.66666666666666666667,0E-20,0.66666666666666666667,1,0E-20,1.767605633802817,0.6370558375634517,1.9849624060150375,0.08366533864541832,489,0,0,0.006134969325153374,3.0,148,1,0,1,9,0,0,0
712251852319035392,False,True,False,1,1.00000000000000000000,0E-20,0E-20,0E-20,0E-20,1,0E-20,0.7088235294117647,0.41408934707903783,0.13333333333333333,0.0,816,0,0,0.0012254901960784314,1.0,38,1,0,1,12,0,0,0
704589244925259776,False,True,False,1,0E-20,0E-20,1.00000000000000000000,1.00000000000000000000,0E-20,1,0E-20,0.13636363636363635,0.11764705882352941,1.0218579234972678,0.0,837,0,0,0.0011947431302270011,1.0,0,0,0,0,15,1,1,1
1038340681,False,True,False,1,1.00000000000000000000,0E-20,0E-20,0E-20,0E-20,1,0E-20,1.063157894736842,0.5126903553299492,0.18253968253968253,0.0,1998,0,0,0.0005005005005005005,1.0,46,1,0,1,8,0,0,0
1005074985692618752,False,True,False,1,1.00000000000000000000,0E-20,1.00000000000000000000,1.00000000000000000000,0E-20,1,0E-20,0.07272727272727272,0.06666666666666667,2.0,0.0,8,0,0,0.125,1.0,31,1,0,0,6,0,1,1
293623569,False,True,False,1,0E-20,1.00000000000000000000,1.00000000000000000000,1.00000000000000000000,0E-20,1,0E-20,0.17207792207792208,0.1464088397790055,3.7838709677419353,0.0,2599,0,0,0.00038476337052712584,1.0,9,1,0,0,15,0,1,1
777760649246105600,False,True,False,1,0E-20,1.00000000000000000000,1.00000000000000000000,1.00000000000000000000,0E-20,1,0E-20,0.11728395061728394,0.1043956043956044,3.0,0.0,635,0,0,0.0015748031496062992,1.0,7,1,0,1,13,0,1,1
985517130,False,True,False,1,1.00000000000000000000,2.00000000000000000000,0E-20,0E-20,0E-20,1,0E-20,1.109375,0.5220588235294118,1.6069651741293531,0.014084507042253521,2022,2,0,0.0004945598417408506,1.0,25,1,0,1,9,0,0,0
975631867629236225,False,True,False,4,0.50000000000000000000,2.50000000000000000000,1.25000000000000000000,1.00000000000000000000,0E-20,2,1.00000000000000000000,0.1,0.08888888888888889,0.0,0.0,89,0,0,0.0449438202247191,4.0,43,1,1,1,9,0,1,0
746805503133687808,False,True,False,2,0E-20,0.50000000000000000000,1.00000000000000000000,1.00000000000000000000,0E-20,1,0E-20,0.07407407407407407,0.06872852233676977,0.28378378378378377,0.0,721,0,0,0.0027739251040221915,2.0,60,1,0,1,11,0,1,1
966103290818842625,False,True,False,1,1.00000000000000000000,1.00000000000000000000,2.00000000000000000000,1.00000000000000000000,0E-20,1,0E-20,0.017543859649122806,0.01694915254237288,0.7272727272727273,0.0,115,1,0,0.008695652173913044,1.0,0,0,0,0,15,1,1,1
949209888,False,True,False,1,0E-20,1.00000000000000000000,1.00000000000000000000,1.00000000000000000000,0E-20,1,0E-20,0.11794871794871795,0.1050228310502283,0.9634146341463414,0.0,2039,0,0,0.0004904364884747426,1.0,0,0,0,1,8,1,1,1
3247333080,False,True,False,1,1.00000000000000000000,6.00000000000000000000,1.00000000000000000000,1.00000000000000000000,0E-20,1,0E-20,0.125,0.11071428571428571,15.91891891891892,0.0,1095,0,0,0.0009132420091324201,1.0,31,1,0,0,9,0,1,1
947536699311185920,False,True,False,1,0E-20,1.00000000000000000000,1.00000000000000000000,1.00000000000000000000,0E-20,1,0E-20,0.041666666666666664,0.038461538461538464,0.7777777777777778,0.0,167,2,0,0.005988023952095809,1.0,0,0,0,0,10,1,1,1
123935341,False,True,False,1,0E-20,1.00000000000000000000,1.00000000000000000000,1.00000000000000000000,0E-20,1,0E-20,0.07328605200945626,0.06813186813186813,1.7459016393442623,0.0,3013,1,0,0.00033189512114171923,1.0,80,1,0,1,12,0,1,1
4074893001,False,True,False,10,0.60000000000000000000,2.50000000000000000000,1.50000000000000000000,0.50000000000000000000,0.20000000000000000000,2,0E-20,39.5,0.9729064039408867,0.13793103448275862,0.002531645569620253,960,1,1,0.010416666666666666,10.0,139,1,1,1,14,1,0,0
873937175288487936,False,True,False,1,0E-20,4.00000000000000000000,1.00000000000000000000,1.00000000000000000000,0E-20,1,0E-20,0.009009009009009009,0.008849557522123894,0.5,0.0,370,1,0,0.002702702702702703,1.0,0,0,0,0,6,1,1,1
1008153668313468928,False,True,False,1,0E-20,2.00000000000000000000,1.00000000000000000000,1.00000000000000000000,0E-20,1,0E-20,,0.0,0.0,,0,0,0,1.0,1.0,0,0,0,0,15,1,1,1
1007009074632974336,False,True,False,1,1.00000000000000000000,4.00000000000000000000,1.00000000000000000000,1.00000000000000000000,0E-20,1,0E-20,1.5,0.5625,1.2,0.0,3,2,0,0.3333333333333333,1.0,0,0,0,0,15,1,1,1
909447502608334848,False,True,False,1,0E-20,0E-20,4.00000000000000000000,1.00000000000000000000,0E-20,1,0E-20,0.125,0.10714285714285714,0.0,0.0,272,1,0,0.003676470588235294,1.0,0,0,0,1,7,0,1,1
2566853832,False,True,False,1,0E-20,1.00000000000000000000,1.00000000000000000000,1.00000000000000000000,0E-20,1,0E-20,0.02702702702702703,0.025974025974025976,0.0,0.0,1463,2,0,0.000683526999316473,1.0,0,0,0,0,10,1,1,1
727132895492640768,True,True,False,1,0E-20,1.00000000000000000000,0E-20,0E-20,0E-20,1,0E-20,2.5804736587723536,0.7206878863961557,0.053534343512037535,0.00546918898670163,775,0,0,0.0012903225806451613,1.0,73,1,1,1,9,1,0,0
85803983,True,True,False,1,1.00000000000000000000,2.00000000000000000000,0E-20,0E-20,0E-20,1,0E-20,68.53584905660378,0.985565443889733,0.3137866500311915,0.010791763021693646,3153,2,0,0.0003171582619727244,1.0,159,1,1,1,10,0,0,0
2940412301,False,False,False,4,0.50000000000000000000,1.75000000000000000000,1.00000000000000000000,1.00000000000000000000,0E-20,1,0E-20,1.1907299270072993,0.5435130272539481,0.02215800778049012,0.0009195120456077974,1269,0,1,0.0031520882584712374,4.0,104,1,0,0,9,0,1,0
4721921953,False,False,False,1,1.00000000000000000000,0E-20,1.00000000000000000000,1.00000000000000000000,0E-20,1,0E-20,5.198198198198198,0.8374455732946299,0.45694533034299706,0.07279029462738301,891,1,0,0.001122334455667789,1.0,13,1,0,1,12,0,0,1
774366110581923841,False,False,False,1,1.00000000000000000000,4.00000000000000000000,1.00000000000000000000,1.00000000000000000000,0E-20,1,0E-20,0.5452609158679447,0.3526170798898072,0.30122480224547077,0.02734375,645,0,0,0.0015503875968992248,1.0,38,1,1,1,6,1,1,1
976084317934964736,False,False,False,2,1.00000000000000000000,0E-20,0E-20,0E-20,0E-20,1,0E-20,0.26758682101513803,0.2110252808988764,0.8047331515387612,0.004991680532445923,88,0,2,0.022727272727272728,1.0,85,1,0,1,10,1,1,0
2353773877,False,False,False,1,1.00000000000000000000,4.00000000000000000000,1.00000000000000000000,1.00000000000000000000,0E-20,1,0E-20,3.0173981810992485,0.7510087589804153,0.10440520933484836,0.003538199449613419,1577,0,0,0.0006341154090044388,1.0,91,1,1,1,12,0,0,1
2505388730,False,False,False,10,0.60000000000000000000,1.40000000000000000000,0.30000000000000000000,0.20000000000000000000,0E-20,2,0E-20,2.129530201342282,0.6803173241852487,0.2417810603066359,0.10274188465174913,1490,0,2,0.006711409395973154,5.0,145,1,0,1,13,0,0,0
2815975981,False,False,False,2,0.50000000000000000000,2.50000000000000000000,1.00000000000000000000,1.00000000000000000000,0E-20,1,0E-20,3.704854368932039,0.7873452544704264,0.0020923618154607805,0.0041928721174004195,1367,0,0,0.001463057790782736,2.0,0,0,0,1,7,0,0,1
2192887524,False,False,False,1,0E-20,1.00000000000000000000,1.00000000000000000000,1.00000000000000000000,0E-20,1,0E-20,1.0126676602086437,0.502960769800148,0.0,0.0007358351729212656,1676,1,0,0.0005966587112171838,1.0,159,1,0,1,12,0,0,1
134538219,False,False,False,4,0E-20,1.50000000000000000000,0.75000000000000000000,0E-20,0E-20,1,0E-20,6.623270440251573,0.8687988120118799,0.22234170147648785,0.00487449751527237,2981,2,0,0.0013418316001341832,4.0,102,1,0,1,9,0,0,0
479223838,False,False,False,12,0E-20,1.08333333333333330000,0.08333333333333333333,0.08333333333333333333,0E-20,1,0E-20,1.0700808625336926,0.5162548764629389,0.01207249096663959,0.027707808564231738,2328,0,2,0.005154639175257732,6.0,96,1,0,1,8,0,0,0
303661592,False,False,False,9,0.66666666666666666667,1.11111111111111110000,0.22222222222222222222,0.22222222222222222222,0E-20,1,0E-20,38.372093023255815,0.9744094488188977,2.1049093248122173,0.014343434343434344,2581,0,2,0.003487020534676482,4.5,139,1,0,1,7,0,0,0
2891115389,False,False,False,2,1.00000000000000000000,0.50000000000000000000,0E-20,1.00000000000000000000,0E-20,1,0E-20,0.6335282651072125,0.3877124962719952,0.07895711267452245,0.6084615384615385,1300,1,1,0.0015384615384615385,2.0,158,1,1,1,15,0,0,0
850787053,False,False,False,22,0.50000000000000000000,2.72727272727272730000,1.09090909090909090000,0.81818181818181818182,0E-20,1,0E-20,0.673402512288367,0.4022838499184339,0.07034664760700443,0.0072992700729927005,2087,0,3,0.010541447053186392,7.333333333333333,78,1,1,1,8,1,0,0
461999168,False,False,False,8,0E-20,2.12500000000000000000,0E-20,0E-20,0E-20,2,0E-20,26.55045871559633,0.9636227420294681,2.117107495130992,0.008638562543192813,2347,0,1,0.0034086067319982955,8.0,160,1,1,1,15,0,0,0
321562075,False,False,False,8,0.37500000000000000000,1.62500000000000000000,0.50000000000000000000,0E-20,0.12500000000000000000,2,0E-20,4.398907103825136,0.8145025295109612,0.22840272640811582,0.020289855072463767,2552,0,3,0.003134796238244514,2.6666666666666665,96,1,0,1,9,1,0,0
514613499,False,False,False,1,0E-20,2.00000000000000000000,0E-20,0E-20,0E-20,1,0E-20,21.162511542012926,0.9548389784610257,0.6301697045883092,0.04049042279331559,2295,2,0,0.00043572984749455336,1.0,155,1,1,1,15,0,0,0
753035519756476416,False,False,False,1,0E-20,2.00000000000000000000,0E-20,0E-20,0E-20,1,0E-20,1.8248587570621468,0.6447105788423154,0.09292803970223325,0.0030959752321981426,703,0,0,0.001422475106685633,1.0,156,1,1,1,10,0,0,0
381014603,False,False,False,1,0E-20,2.00000000000000000000,1.00000000000000000000,0E-20,0E-20,1,0E-20,0.4518805309734513,0.3111195734958111,0.711691645588735,0.09057527539779682,2454,1,0,0.00040749796251018743,1.0,131,1,0,1,11,1,0,0
716988890,False,False,False,1,1.00000000000000000000,0E-20,0E-20,0E-20,0E-20,1,0E-20,10.203947368421053,0.9102112676056338,0.019801980198019802,0.0038684719535783366,2152,1,0,0.00046468401486988845,1.0,1,1,0,1,9,0,0,0
881658007259676673,False,False,False,2,0E-20,1.00000000000000000000,0.50000000000000000000,0.50000000000000000000,0E-20,1,0E-20,0.5104712041884817,0.3373702422145329,0.8428307517407987,0.0,349,1,0,0.0057306590257879654,2.0,40,1,0,1,7,1,0,1
34329149,False,False,False,14,0.71428571428571428571,2.50000000000000000000,0.42857142857142857143,0.28571428571428571429,0E-20,1,0E-20,5.144736842105263,0.8371595099321993,0.16465209401007036,0.00923557828928673,3342,0,3,0.004189108318372232,4.666666666666667,160,1,0,1,14,0,0,0
521437953,False,False,False,2,1.00000000000000000000,0.50000000000000000000,0.50000000000000000000,0.50000000000000000000,0E-20,1,0E-20,1.0420841683366733,0.5098039215686274,0.8083059283619234,0.009615384615384616,2288,1,0,0.0008741258741258741,2.0,26,1,0,1,15,1,0,0
236157220,False,False,False,12,0.41666666666666666667,0.50000000000000000000,0.91666666666666666667,0.83333333333333333333,0E-20,2,0E-20,1.9625850340136055,0.661697247706422,0.008220321301898603,0.025996533795493933,2715,0,1,0.004419889502762431,12.0,19,1,1,1,8,0,0,0
733732553115471872,False,False,False,5,0.40000000000000000000,0.40000000000000000000,1.00000000000000000000,0.80000000000000000000,0E-20,1,0E-20,1.144736842105263,0.5321100917431193,0.6653180489997752,0.005747126436781609,757,0,1,0.0066050198150594455,5.0,41,1,1,1,6,0,0,0
67940156,False,False,False,2,0.50000000000000000000,0.50000000000000000000,0E-20,0E-20,0E-20,1,0E-20,2.090802577621558,0.6763312488156149,0.09335647615167993,0.035864387783692914,3220,2,0,0.0006211180124223603,2.0,160,1,1,1,7,0,0,0
124640597,False,False,False,2,1.00000000000000000000,2.00000000000000000000,0E-20,0E-20,0E-20,1,0E-20,7.809160305343512,0.8860978778692075,0.00029072021086905964,0.003421309872922776,3010,0,0,0.000664451827242525,2.0,100,1,0,1,15,0,0,0
149590717,False,False,False,2,0.50000000000000000000,1.50000000000000000000,0.50000000000000000000,0.50000000000000000000,0E-20,1,0E-20,1.7729591836734695,0.6387867647058824,0.0068445284880374905,0.0028776978417266188,2940,2,0,0.0006802721088435374,2.0,19,1,0,1,9,1,0,0
721212655134973952,False,False,False,4,0E-20,1.00000000000000000000,0E-20,0E-20,0E-20,1,0E-20,3.06282722513089,0.7533805537669027,0.19443140935398093,0.008547008547008548,791,1,0,0.0050568900126422255,4.0,13,1,1,1,7,0,0,0
29425885,False,False,False,1,0E-20,2.00000000000000000000,0E-20,0E-20,0E-20,1,0E-20,7.370851370851371,0.88046194949582,0.07566310677613844,0.0052858261550509005,3357,0,0,0.0002978850163836759,1.0,167,1,1,1,8,0,0,0
272243026,False,False,False,5,0.20000000000000000000,1.80000000000000000000,0.80000000000000000000,0.20000000000000000000,0.20000000000000000000,1,0E-20,0.31053203040173727,0.2367549668874172,0.12964637064610476,0.06643356643356643,2639,0,1,0.0018946570670708603,5.0,159,1,0,1,15,0,0,0
246230443,False,False,False,3,0.33333333333333333333,1.33333333333333330000,0.66666666666666666667,0.66666666666666666667,0E-20,1,0E-20,2.41049798115747,0.7065088757396449,0.003456289851617901,0.0027917364600781687,2691,1,0,0.0011148272017837235,3.0,136,1,0,1,9,0,0,0
38684498,False,False,False,1,1.00000000000000000000,0E-20,0E-20,0E-20,0E-20,1,0E-20,0.9186046511627907,0.4784656796769852,0.08926236257083353,0.009845288326300985,3326,0,0,0.0003006614552014432,1.0,87,1,0,1,7,0,0,0
752271360940974080,False,False,False,5,0.20000000000000000000,1.60000000000000000000,0.20000000000000000000,0.20000000000000000000,0E-20,1,0E-20,1.1798561151079137,0.5406593406593406,5.239448146849059,0.0040650406504065045,706,0,1,0.007082152974504249,5.0,125,1,1,1,8,1,0,0
953469481724071936,False,False,False,1,1.00000000000000000000,0E-20,0E-20,0E-20,0E-20,1,0E-20,0.4939716312056738,0.33056478405315615,2.458100558659218,0.0014357501794687725,150,2,0,0.006666666666666667,1.0,106,1,0,0,14,1,0,0
190194738,False,False,False,2,1.00000000000000000000,2.50000000000000000000,0.50000000000000000000,0.50000000000000000000,0E-20,1,0E-20,2.078697421981004,0.6748898678414097,1.0256719048318401,0.03590078328981723,2833,1,0,0.0007059654076950229,2.0,82,1,0,1,11,0,0,0
109925704,False,False,False,2,0E-20,1.50000000000000000000,0.50000000000000000000,0E-20,0E-20,1,0E-20,2.3754302670623146,0.703716727029783,0.6791901941881283,0.009943536701144257,3059,0,1,0.0006538084341288003,2.0,86,1,0,1,14,0,0,0
2896457409,False,False,False,1,1.00000000000000000000,4.00000000000000000000,0E-20,0E-20,0E-20,1,0E-20,1.5114942528735633,0.6011428571428571,0.5604402804166939,0.0038022813688212928,1296,0,0,0.0007716049382716049,1.0,52,1,0,0,12,0,0,0
2190510941,False,False,False,3,0.66666666666666666667,0.66666666666666666667,0.66666666666666666667,0.66666666666666666667,0E-20,1,0E-20,4.2682926829268295,0.8097165991902834,3.5037352693602695,0.008571428571428572,1668,0,0,0.0017985611510791368,3.0,36,1,0,0,6,0,0,0
2307971779,False,False,False,2,0.50000000000000000000,1.00000000000000000000,0.50000000000000000000,0.50000000000000000000,0E-20,1,0E-20,1.5755879059350504,0.6114732724902217,1.093039126478617,0.0035536602700781805,1604,0,0,0.0012468827930174563,2.0,57,1,1,1,7,0,0,0
91112841,False,False,False,15,0.53333333333333333333,1.53333333333333330000,1.06666666666666670000,0.86666666666666666667,0E-20,1,0E-20,0.3203924914675768,0.24257105943152454,0.021202386415787058,0.022636484687083888,3131,0,1,0.0047908016608112424,15.0,72,1,0,1,10,0,0,0
499713245,False,False,False,1,1.00000000000000000000,0E-20,0E-20,0E-20,0E-20,1,0E-20,1.0148588410104011,0.5033161385408991,0.8924023403889175,0.014641288433382138,2306,0,0,0.0004336513443191674,1.0,119,1,0,0,10,0,0,0
720432612,False,False,False,4,1.00000000000000000000,1.00000000000000000000,1.00000000000000000000,0.75000000000000000000,0E-20,1,0E-20,1.125340599455041,0.5291479820627802,1.0664504170528266,0.002421307506053269,2150,0,2,0.0018604651162790699,2.0,55,1,0,1,12,1,0,0
157967714,False,False,False,1,0E-20,11.00000000000000000000,0E-20,0E-20,0E-20,1,0E-20,0.5354223433242506,0.3484042553191489,0.033160125803363874,0.007633587786259542,2917,2,0,0.00034281796366129587,1.0,69,1,1,1,11,1,0,0
199032292,False,False,False,3,0.66666666666666666667,0.66666666666666666667,0.66666666666666666667,0.66666666666666666667,0E-20,1,0E-20,1.1633522727272727,0.5374015748031497,0.26536024753204657,0.052503052503052504,2811,1,0,0.0010672358591248667,3.0,95,1,1,1,9,0,0,0
1022321605,False,False,False,1,1.00000000000000000000,0E-20,0E-20,0E-20,0E-20,1,0E-20,3.536281179138322,0.7793603198400799,2.743174239266361,0.0028855402372555306,2005,0,0,0.0004987531172069825,1.0,29,1,0,1,15,1,0,0
270350381,False,False,False,1,1.00000000000000000000,9.00000000000000000000,0E-20,0E-20,0E-20,1,0E-20,0.83203125,0.4538352272727273,0.1709512610493877,0.026604068857589983,2643,0,0,0.00037835792659856227,1.0,159,1,0,0,9,0,0,0
52375003,False,False,False,1,1.00000000000000000000,0E-20,0E-20,0E-20,0E-20,1,0E-20,1.2510748065348238,0.5555555555555556,0.11287902578596601,0.010309278350515464,3273,0,0,0.00030553009471432935,1.0,128,1,1,1,9,0,0,0
1661722056,False,False,False,4,0.50000000000000000000,1.50000000000000000000,0.25000000000000000000,0.25000000000000000000,0E-20,2,0E-20,1.202699904757961,0.5460014287325639,0.05527508090614887,0.0015493733645503373,1770,0,3,0.0022598870056497176,1.3333333333333333,97,1,1,0,15,0,0,0
61862373,False,False,False,6,0.83333333333333333333,1.16666666666666670000,0.16666666666666666667,0.16666666666666666667,0E-20,1,0E-20,1.0354166666666667,0.5084398976982097,0.13546982620177725,0.012072434607645875,3242,1,1,0.001850709438618137,6.0,76,1,0,0,11,0,0,0
67839805,False,False,False,1,0E-20,1.00000000000000000000,0E-20,0E-20,0E-20,1,0E-20,0.5589941972920697,0.35811648079306074,0.6614931164421893,0.04844290657439446,3220,0,0,0.00031055900621118014,1.0,104,1,0,1,11,1,0,0
276766394,False,False,False,1,1.00000000000000000000,0E-20,0E-20,0E-20,0E-20,1,0E-20,0.863013698630137,0.463046141282156,1.0361273674024238,0.0026455026455026454,2630,0,0,0.00038022813688212925,1.0,61,1,0,1,12,0,0,0
62835275,False,False,False,35,0E-20,2.91428571428571430000,0E-20,0E-20,0E-20,2,0E-20,1.0,0.4991364421416235,0.15093540688274695,0.01384083044982699,3238,0,3,0.010809141445336628,11.666666666666666,32,1,0,1,11,0,0,0
559655613,False,False,False,1,1.00000000000000000000,0E-20,0E-20,0E-20,0E-20,1,0E-20,11.848484848484848,0.9216263995285798,1.316365117226133,0.005754475703324808,2247,1,0,0.0004450378282153983,1.0,104,1,0,1,10,0,0,0
62421462,False,False,False,1,1.00000000000000000000,0E-20,0E-20,0E-20,0E-20,1,0E-20,3.427027027027027,0.7731707317073171,0.12244149066296992,0.02050473186119874,3239,0,0,0.00030873726458783575,1.0,77,1,0,0,7,0,0,0
317023154,False,False,False,8,0.25000000000000000000,1.12500000000000000000,0.75000000000000000000,0.37500000000000000000,0E-20,1,0E-20,1.715374420145792,0.6316495851634943,0.26335222840501327,0.0013521344407958276,2559,0,1,0.0031262211801484957,8.0,129,1,0,0,9,1,0,0
106500360,False,False,False,5,0.40000000000000000000,2.20000000000000000000,0E-20,0E-20,0E-20,1,0E-20,4.284313725490196,0.8092592592592592,0.09049019177601264,0.0,3070,0,2,0.0016286644951140066,2.5,118,1,0,1,7,0,0,0
50245103,False,False,False,1,0E-20,4.00000000000000000000,0E-20,0E-20,0E-20,1,0E-20,1.0183968462549278,0.5042290175666884,0.003087662773526648,0.0064516129032258064,3279,2,0,0.0003049710277523635,1.0,111,1,1,1,12,0,0,0
83969757,False,False,False,1,0E-20,1.00000000000000000000,0E-20,0E-20,0E-20,1,0E-20,0.6023391812865497,0.3754556500607533,0.061379053991264754,0.006472491909385114,3160,2,0,0.00031645569620253165,1.0,17,1,0,1,8,0,0,0
565968434,False,False,False,1,0E-20,1.00000000000000000000,0E-20,0E-20,0E-20,1,0E-20,1.0569948186528497,0.5125628140703518,0.6307075750607714,0.004901960784313725,2239,1,0,0.00044662795891022776,1.0,13,1,0,0,7,1,0,0
42911405,False,False,False,11,0.27272727272727272727,2.63636363636363640000,0.18181818181818181818,0E-20,0E-20,1,0E-20,0.7090909090909091,0.41445270988310307,0.03259947304961372,0.035897435897435895,3307,0,2,0.003326277592984578,5.5,153,1,0,1,15,0,0,0
47271170,False,False,False,1,0E-20,2.00000000000000000000,0E-20,0E-20,0E-20,1,0E-20,0.899876390605686,0.47334200260078024,0.10162069432531262,0.03571428571428571,3288,0,0,0.00030413625304136254,1.0,134,1,1,1,11,0,0,0
1592429173,False,False,False,1,1.00000000000000000000,2.00000000000000000000,1.00000000000000000000,0E-20,0E-20,1,0E-20,0.9393939393939394,0.4806201550387597,0.0,0.016129032258064516,1798,2,0,0.0005561735261401557,1.0,85,1,1,1,11,1,0,0
245971502,False,False,False,2,0.50000000000000000000,1.00000000000000000000,0.50000000000000000000,0.50000000000000000000,0E-20,1,0E-20,2.434131736526946,0.7084967320261438,0.0020639834881320948,0.015990159901599015,2692,2,0,0.0007429420505200594,2.0,138,1,1,1,10,1,0,0
1236972331,False,False,False,1,1.00000000000000000000,0E-20,1.00000000000000000000,0E-20,0E-20,1,0E-20,1.34981684981685,0.57398753894081,0.9502772002772003,0.0,1932,1,0,0.0005175983436853002,1.0,83,1,0,0,15,0,0,0
112859612,False,False,False,6,0.33333333333333333333,1.83333333333333330000,1.83333333333333330000,0.66666666666666666667,0E-20,4,0E-20,2.125968992248062,0.6796778190830235,0.19638414330734782,0.33272561531449407,3049,0,2,0.0019678583142013774,3.0,157,1,0,1,14,0,0,0
442802604,False,False,False,1,1.00000000000000000000,1.00000000000000000000,0E-20,0E-20,0E-20,1,0E-20,3.1151736745886653,0.7566607460035524,0.27696166248656395,0.0029342723004694834,2369,0,0,0.00042211903756859433,1.0,39,1,1,1,10,0,0,0
111307648,False,False,False,1,1.00000000000000000000,0E-20,0E-20,0E-20,0E-20,1,0E-20,0.33903830480847597,0.25304136253041365,1.0816870401483112,0.0,3054,1,0,0.0003274394237066143,1.0,159,1,1,1,12,1,0,0
1484359339,False,False,False,2,1.00000000000000000000,1.50000000000000000000,1.00000000000000000000,0.50000000000000000000,0E-20,1,0E-20,0.9323915237134208,0.4822546972860125,2.7618810401514398,0.0367965367965368,1837,0,2,0.0010887316276537834,1.0,149,1,1,1,14,0,0,0
321172751,False,False,False,4,1.00000000000000000000,1.25000000000000000000,1.00000000000000000000,0.75000000000000000000,0.25000000000000000000,1,0E-20,2.0285714285714285,0.6689098250336474,0.07569663889686871,0.004024144869215292,2552,0,0,0.001567398119122257,4.0,53,1,0,1,8,0,0,0
88647311,False,False,False,1,0E-20,1.00000000000000000000,1.00000000000000000000,0E-20,1.00000000000000000000,1,0E-20,0.4828913601368691,0.3255478662053056,0.2369115319223779,0.015943312666076175,3141,2,0,0.0003183699458771092,1.0,142,1,0,1,11,0,0,0
1002569765464956928,False,False,False,1,1.00000000000000000000,1.00000000000000000000,2.00000000000000000000,1.00000000000000000000,0E-20,1,0E-20,0.17142857142857143,0.14285714285714285,0.92,0.0,15,0,0,0.06666666666666667,1.0,97,1,0,1,8,0,1,1
50353623,False,False,False,1,0E-20,2.00000000000000000000,0E-20,0E-20,0E-20,1,0E-20,3.6879194630872485,0.7861230329041488,0.17368123941541744,0.028207461328480437,3279,0,0,0.0003049710277523635,1.0,116,1,1,1,12,0,0,0
4021912694,False,False,False,3,0.66666666666666666667,3.00000000000000000000,0.66666666666666666667,0.66666666666666666667,0E-20,2,0E-20,5.875502008032129,0.854057209573847,0.551894918173988,0.001367053998632946,964,1,1,0.0031120331950207467,3.0,139,1,1,1,12,0,0,0
187541278,False,False,False,3,1.00000000000000000000,0.33333333333333333333,0E-20,0E-20,0E-20,2,0E-20,0.9172919057286609,0.47840898628118955,0.31269096057828455,0.012894534257120862,2840,0,0,0.001056338028169014,3.0,156,1,1,1,15,0,0,0
217771621,False,False,False,1,1.00000000000000000000,0E-20,0E-20,0E-20,0E-20,1,0E-20,1.34375,0.5727459016393442,0.3275649900015382,0.0035778175313059034,2765,0,0,0.0003616636528028933,1.0,28,1,0,0,12,0,0,0
258216635,False,False,False,5,0.60000000000000000000,2.20000000000000000000,0.20000000000000000000,0.20000000000000000000,0E-20,1,0E-20,1.2695652173913043,0.5586734693877551,0.13886894791417403,0.0182648401826484,2666,0,0,0.0018754688672168042,5.0,139,1,0,0,12,1,0,0
67231551,False,False,False,1,1.00000000000000000000,4.00000000000000000000,0E-20,0E-20,0E-20,1,0E-20,0.5,0.3305084745762712,0.21679431449665357,0.05128205128205128,3222,0,0,0.00031036623215394165,1.0,124,1,0,1,10,0,0,0
117791714,False,False,False,4,0.75000000000000000000,0.25000000000000000000,0.25000000000000000000,0.25000000000000000000,0E-20,1,0E-20,0.7378957169459963,0.42447777182645957,3.3382363811072513,0.017665615141955835,3032,0,2,0.0013192612137203166,2.0,144,1,1,1,12,0,0,0
36046814,False,False,False,2,0E-20,3.00000000000000000000,0E-20,0E-20,0E-20,1,0E-20,1.005089058524173,0.5006337135614702,0.010789127878829794,0.012658227848101266,3336,2,0,0.0005995203836930455,2.0,20,1,0,1,10,1,0,0
102418021,False,False,False,1,0E-20,2.00000000000000000000,0E-20,0E-20,0E-20,1,0E-20,1.364963503649635,0.5753846153846154,0.05754892823858341,0.0962566844919786,3083,2,0,0.0003243593902043464,1.0,155,1,1,0,13,0,0,0
29706375,False,False,False,6,0.66666666666666666667,0.50000000000000000000,0E-20,0E-20,0E-20,3,0E-20,2.985,0.7489649981181784,0.3493525179856115,0.03082077051926298,3356,0,1,0.0017878426698450535,6.0,153,1,1,1,11,0,0,0
153980267,False,False,False,4,0.75000000000000000000,1.75000000000000000000,0.75000000000000000000,0.25000000000000000000,0E-20,1,0E-20,1.0320381731424677,0.5077129443326627,0.3784295954519239,0.009247027741083224,2928,0,0,0.001366120218579235,4.0,102,1,0,1,14,0,0,0
398575227,False,False,False,3,0.33333333333333333333,1.66666666666666670000,0.66666666666666666667,0.66666666666666666667,0E-20,1,0E-20,3.2706766917293235,0.7644991212653779,0.0036976170912078883,0.011494252873563218,2425,0,2,0.0012371134020618556,1.5,25,1,0,1,9,1,0,0
578628216,False,False,False,35,0.68571428571428571429,0.94285714285714285714,0.34285714285714285714,0.28571428571428571429,0E-20,1,0E-20,1.986376021798365,0.6645396536007293,0.33161652815170317,0.0,2225,0,2,0.015730337078651686,17.5,90,1,0,1,11,0,0,0
404151604,False,False,False,2,1.00000000000000000000,0E-20,0.50000000000000000000,0.50000000000000000000,0E-20,1,0E-20,1.1338582677165354,0.5294117647058824,0.4425200259796493,0.006944444444444444,2417,2,0,0.0008274720728175424,2.0,45,1,0,1,11,0,0,0
260375871,False,False,False,2,0E-20,1.00000000000000000000,0E-20,0E-20,0E-20,1,0E-20,1.7035573122529644,0.6296566837107378,0.05338932213557288,0.002320185614849188,2662,1,0,0.0007513148009015778,2.0,37,1,0,1,7,1,0,0
719682449656164353,False,False,False,1,1.00000000000000000000,0E-20,0E-20,0E-20,0E-20,1,0E-20,0.6592039800995025,0.3967065868263473,5.389841910528086,0.0,795,0,0,0.0012578616352201257,1.0,7,1,0,0,9,0,0,0
4723062492,False,False,False,2,1.00000000000000000000,2.00000000000000000000,0E-20,0E-20,0E-20,1,0E-20,0.4096096096096096,0.29045996592844975,1.5082974800245852,0.039589442815249266,891,0,0,0.002244668911335578,2.0,108,1,1,1,9,0,0,0
217805491,False,False,False,3,0E-20,1.00000000000000000000,0.66666666666666666667,0.66666666666666666667,0E-20,1,0E-20,0.2078590785907859,0.17205024674742037,0.9836245631552671,0.02216427640156454,2765,0,0,0.00108499095840868,3.0,102,1,1,1,14,1,0,0
388915846,False,False,False,2,0.50000000000000000000,1.00000000000000000000,0E-20,0E-20,0E-20,1,0E-20,0.5347150259067357,0.3481781376518219,0.40875030215131736,0.011627906976744186,2440,0,0,0.000819672131147541,2.0,160,1,1,1,13,0,0,0
2594533723,False,False,False,2,0E-20,2.00000000000000000000,0.50000000000000000000,0.50000000000000000000,0E-20,1,0E-20,3.853448275862069,0.7925531914893617,0.09765377298668358,0.011185682326621925,1448,0,0,0.0013812154696132596,2.0,152,1,1,1,11,0,0,0
2940761753,False,False,False,1,1.00000000000000000000,0E-20,0E-20,0E-20,0E-20,1,0E-20,0.9288702928870293,0.4805194805194805,1.080602087885409,0.0,1269,2,0,0.0007880220646178094,1.0,0,0,0,1,9,1,0,1
181866741,False,False,False,1,1.00000000000000000000,0E-20,0E-20,0E-20,0E-20,1,0E-20,0.37636761487964987,0.273015873015873,0.03764284113824781,0.023255813953488372,2854,0,0,0.000350385423966363,1.0,7,1,0,1,7,0,0,0
308577381,False,False,False,1,0E-20,2.00000000000000000000,0E-20,0E-20,0E-20,1,0E-20,0.33839611178614826,0.25272232304900183,0.9524170137574152,0.012567324955116697,2573,0,0,0.000388651379712398,1.0,142,1,0,0,10,1,0,0
114505828,False,False,False,8,0.12500000000000000000,2.50000000000000000000,0E-20,0E-20,0E-20,1,0E-20,3.401129943502825,0.7717948717948718,0.4158309069341098,0.0049833887043189366,3043,0,3,0.0026289845547157412,2.6666666666666665,36,1,1,1,12,0,0,0
80515178,False,False,False,1,1.00000000000000000000,0E-20,0E-20,0E-20,0E-20,1,0E-20,0.8456521739130435,0.4576470588235294,0.012812564579458566,0.010282776349614395,3174,0,0,0.000315059861373661,1.0,29,1,0,1,10,0,0,0
49527561,False,False,False,3,0.33333333333333333333,2.00000000000000000000,0.66666666666666666667,0.33333333333333333333,0E-20,1,0E-20,1.1929824561403508,0.5435651478816946,2.4824435318275153,0.007352941176470588,3281,1,0,0.0009143553794574825,3.0,50,1,0,0,7,0,0,0
1388457180,False,False,False,1,1.00000000000000000000,1.00000000000000000000,0E-20,0E-20,0E-20,1,0E-20,0.5926517571884984,0.3717434869739479,2.0764761012183692,0.008086253369272238,1874,1,0,0.0005336179295624333,1.0,102,1,1,1,10,0,0,0
913145991347494912,False,False,False,5,0.40000000000000000000,1.80000000000000000000,0.20000000000000000000,0E-20,0E-20,1,0E-20,0.3287671232876712,0.24615384615384617,0.08062234794908062,0.020833333333333332,262,0,3,0.019083969465648856,1.6666666666666667,60,1,0,1,9,0,0,0
2425381480,False,False,False,2,0.50000000000000000000,2.00000000000000000000,0E-20,0E-20,0E-20,1,0E-20,1.6601307189542485,0.6225490196078431,0.09260642270351008,0.01968503937007874,1549,0,0,0.0012911555842479018,2.0,0,0,1,0,11,0,0,0
394668588,False,False,False,5,0.60000000000000000000,0.80000000000000000000,1.20000000000000000000,0.80000000000000000000,0E-20,1,0E-20,0.6214285714285714,0.3815789473684211,0.9502012072434608,0.022988505747126436,2431,1,1,0.0020567667626491155,5.0,0,0,0,0,9,0,0,1
54954051,False,False,False,1,0E-20,1.00000000000000000000,0E-20,0E-20,0E-20,1,0E-20,0.4364669421487603,0.3037383177570093,0.27174051845230496,0.01775147928994083,3265,0,0,0.00030627871362940275,1.0,160,1,0,1,14,0,0,0
1176343788,False,False,False,1,0E-20,2.00000000000000000000,0E-20,0E-20,0E-20,1,0E-20,1.3020425901781834,0.5654964137410343,0.4561631944444444,0.0006675567423230974,1949,1,0,0.000513083632632119,1.0,97,1,1,1,12,0,0,0
239891197,False,False,False,3,0E-20,1.33333333333333330000,0E-20,0E-20,0E-20,1,0E-20,0.582971329278888,0.36807460230389466,1.8272357723577235,0.020864381520119227,2706,0,3,0.0011086474501108647,1.0,141,1,1,1,9,0,0,0
3437859783,False,False,False,2,1.00000000000000000000,0.50000000000000000000,0.50000000000000000000,0.50000000000000000000,0E-20,1,0E-20,0.7119828049435787,0.41575149042987136,1.06857855361596,0.005283018867924529,1027,1,0,0.0019474196689386564,2.0,62,1,0,1,13,0,0,0
302655095,False,False,False,2,0.50000000000000000000,1.00000000000000000000,0.50000000000000000000,0.50000000000000000000,0E-20,1,0E-20,1.8235294117647058,0.6391752577319587,0.3381929140532294,0.03225806451612903,2583,0,1,0.0007742934572202865,2.0,32,1,0,0,13,1,0,0
15356678,False,False,False,2,0E-20,4.50000000000000000000,0E-20,0E-20,0E-20,2,0E-20,0.5253699788583509,0.34430204364392103,0.3627361563517915,0.028169014084507043,3630,0,1,0.0005509641873278236,2.0,92,1,0,1,13,0,0,0
597705671,False,False,False,1,0E-20,2.00000000000000000000,0E-20,0E-20,0E-20,1,0E-20,18.008474576271187,0.946969696969697,1.6064038335874538,0.002352941176470588,2205,0,0,0.00045351473922902497,1.0,156,1,0,1,7,0,0,0
142307854,False,False,False,1,1.00000000000000000000,1.00000000000000000000,1.00000000000000000000,0E-20,0E-20,1,0E-20,1.7112794612794613,0.6309745499689634,0.09353233830845771,0.009837678307919331,2959,1,0,0.0003379520108144643,1.0,56,1,1,1,12,0,0,0
2369039011,False,False,False,2,0.50000000000000000000,0.50000000000000000000,0E-20,0E-20,0E-20,2,0E-20,0.7033898305084746,0.4124223602484472,2.77359693877551,0.0,1567,2,0,0.0012763241863433313,2.0,31,1,0,1,14,0,0,0
4657974315,False,False,False,1,0E-20,1.00000000000000000000,0E-20,0E-20,0E-20,1,0E-20,1.1121951219512196,0.5253456221198156,3.3333333333333335,0.0,899,2,0,0.0011123470522803114,1.0,0,0,0,0,11,0,0,1
419988742,False,False,False,2,1.00000000000000000000,0.50000000000000000000,0E-20,0E-20,0E-20,2,0E-20,3.5059171597633134,0.7775590551181102,0.3682882055988986,0.00590717299578059,2396,0,1,0.0008347245409015025,2.0,83,1,1,0,12,0,0,0
419387495,False,False,False,3,1.00000000000000000000,0E-20,0E-20,0E-20,0E-20,2,0E-20,1.3464912280701755,0.5727611940298507,0.03048361219344488,0.05537459283387622,2397,1,0,0.0012515644555694619,3.0,0,0,1,1,11,0,0,0
304207839,False,False,False,1,0E-20,1.00000000000000000000,0E-20,0E-20,0E-20,1,0E-20,0.31369150779896016,0.23847167325428195,0.21872909698996656,0.0055248618784530384,2580,0,0,0.0003875968992248062,1.0,24,1,0,0,11,1,0,0
2512853377,False,False,False,5,0.40000000000000000000,1.40000000000000000000,0E-20,0E-20,0E-20,2,0E-20,0.6366120218579235,0.3886572143452877,2.9883223043985985,0.004291845493562232,1487,0,2,0.0033624747814391394,2.5,102,1,0,0,8,1,0,0
3429482625,False,False,False,2,0.50000000000000000000,2.00000000000000000000,0.50000000000000000000,0.50000000000000000000,0E-20,2,0E-20,3.61734693877551,0.7829928216454998,0.7700055959709009,0.05148095909732017,1033,2,0,0.001936108422071636,2.0,145,1,1,1,11,1,0,0
45389844,False,False,False,1,1.00000000000000000000,5.00000000000000000000,1.00000000000000000000,1.00000000000000000000,0E-20,1,0E-20,0.04713804713804714,0.04487179487179487,0.04714747039827772,0.0,3296,0,0,0.00030339805825242716,1.0,0,0,0,1,11,1,1,1
1900978952,False,False,False,2,0E-20,3.00000000000000000000,0E-20,0E-20,0E-20,1,0E-20,1.167883211678832,0.5381165919282511,0.19179229480737017,0.0,1726,0,2,0.0011587485515643105,1.0,0,0,0,0,11,0,0,0
224754387,False,False,False,3,0.66666666666666666667,2.00000000000000000000,1.00000000000000000000,0.66666666666666666667,0E-20,1,0E-20,1.0031847133757963,0.5,0.01853435985172512,0.009523809523809525,2746,1,0,0.0010924981791697013,3.0,133,1,0,0,12,0,0,1
4033665153,False,False,False,1,0E-20,3.00000000000000000000,0E-20,0E-20,0E-20,1,0E-20,0.24691358024691357,0.19607843137254902,0.35738831615120276,0.05,966,0,0,0.0010351966873706005,1.0,0,0,0,0,14,1,0,1
823216072757284864,False,False,False,1,1.00000000000000000000,0E-20,0E-20,0E-20,0E-20,1,0E-20,1.5192307692307692,0.6015228426395939,12.574257425742575,0.0,510,0,0,0.00196078431372549,1.0,20,1,1,1,10,0,0,0
229578672,False,False,False,4,0.25000000000000000000,1.50000000000000000000,0E-20,0E-20,0E-20,1,0E-20,0.2989821882951654,0.2299412915851272,0.4362165525824518,0.00425531914893617,2733,0,0,0.0014635931211123307,4.0,94,1,0,1,12,1,0,0
67441843,False,False,False,3,0.33333333333333333333,2.00000000000000000000,0.33333333333333333333,0.33333333333333333333,0E-20,1,0E-20,0.8286252354048964,0.45267489711934156,0.4626105601715358,0.020454545454545454,3222,0,1,0.000931098696461825,3.0,108,1,0,1,13,0,0,0
64709861,False,False,False,2,0E-20,2.50000000000000000000,1.00000000000000000000,0E-20,0E-20,1,0E-20,0.6473988439306358,0.3916083916083916,1.3186600221483942,0.05357142857142857,3231,0,0,0.0006190034045187249,2.0,159,1,0,0,14,0,0,0
100424307,False,False,False,2,0.50000000000000000000,1.50000000000000000000,0.50000000000000000000,0.50000000000000000000,0E-20,1,0E-20,0.44642857142857145,0.30829596412556054,0.9306960142772159,0.01090909090909091,3090,1,1,0.0006472491909385113,2.0,54,1,0,1,12,1,0,0
897119049653637121,False,False,False,1,1.00000000000000000000,0E-20,0E-20,0E-20,0E-20,1,0E-20,1.712,0.6294117647058823,5.48,0.0,306,0,0,0.0032679738562091504,1.0,120,1,1,1,10,0,0,0
165891539,False,False,False,1,1.00000000000000000000,1.00000000000000000000,0E-20,0E-20,0E-20,1,0E-20,0.9961013645224172,0.49853658536585366,0.14091350826044705,0.08806262230919765,2896,0,0,0.0003453038674033149,1.0,155,1,1,1,15,0,0,0
807752892,False,False,False,1,1.00000000000000000000,0E-20,0E-20,0E-20,0E-20,1,0E-20,0.34908136482939633,0.258252427184466,2.417910447761194,0.015037593984962405,2109,0,0,0.000474158368895211,1.0,98,1,1,1,10,0,0,0
194912640,False,False,False,1,0E-20,2.00000000000000000000,0E-20,0E-20,0E-20,1,0E-20,0.6363636363636364,0.3879093198992443,0.22264150943396227,0.045454545454545456,2821,1,0,0.0003544842254519674,1.0,138,1,0,1,9,0,0,0
281501142,False,False,False,1,1.00000000000000000000,0E-20,0E-20,0E-20,0E-20,1,0E-20,0.7595628415300546,0.4314090626939789,0.363059849385652,0.08920863309352518,2621,2,0,0.00038153376573826786,1.0,117,1,1,1,15,0,0,0
32926534,False,False,False,1,0E-20,1.00000000000000000000,0E-20,0E-20,0E-20,1,0E-20,0.32926829268292684,0.2465753424657534,0.02036271078587337,0.09259259259259259,3346,2,0,0.00029886431560071725,1.0,42,1,1,1,8,0,0,0
244142898,False,False,False,5,0E-20,1.00000000000000000000,0E-20,0E-20,0E-20,1,0E-20,0.6170886075949367,0.3812316715542522,0.21509281678773204,0.017948717948717947,2696,0,1,0.00185459940652819,5.0,89,1,1,1,14,0,0,0
404882363,False,False,False,2,1.00000000000000000000,0.50000000000000000000,0E-20,0E-20,0E-20,2,0E-20,4.3726235741444865,0.8132956152758133,0.5502692998204668,0.0391304347826087,2416,0,2,0.0008278145695364238,1.0,69,1,1,1,15,0,0,0
1266772482,False,False,False,1,0E-20,1.00000000000000000000,0E-20,0E-20,0E-20,1,0E-20,0.7619047619047619,0.4319654427645788,0.6059544658493871,0.0,1920,0,0,0.0005208333333333333,1.0,31,1,1,0,10,0,0,0
17982459,False,False,False,1,1.00000000000000000000,1.00000000000000000000,0E-20,0E-20,0E-20,1,0E-20,0.2906574394463668,0.22459893048128343,6.384130146082337,0.023809523809523808,3476,1,0,0.00028768699654775604,1.0,149,1,1,1,12,0,0,0
2179052989,False,False,False,1,1.00000000000000000000,5.00000000000000000000,0E-20,0E-20,0E-20,1,0E-20,1.2377622377622377,0.5514018691588785,0.2867132867132867,0.0,1682,0,0,0.0005945303210463733,1.0,52,1,0,0,10,1,0,0
236818705,False,False,False,2,0E-20,3.50000000000000000000,0E-20,0E-20,0E-20,1,0E-20,0.7680412371134021,0.4331395348837209,2.2355595667870034,0.0,2713,1,0,0.0007371913011426465,2.0,24,1,1,1,8,1,0,0
22737971,False,False,False,1,1.00000000000000000000,0E-20,0E-20,0E-20,0E-20,1,0E-20,2.223529411764706,0.6872727272727273,0.7815533980582524,0.07936507936507936,3391,2,0,0.0002948982601002654,1.0,108,1,1,0,13,0,0,0
1356090470,False,False,False,2,0.50000000000000000000,3.00000000000000000000,1.00000000000000000000,0.50000000000000000000,0.50000000000000000000,1,0E-20,0.2520775623268698,0.20088300220750552,0.18409090909090908,0.01098901098901099,1887,0,0,0.0010598834128245894,2.0,47,1,0,1,15,0,0,0
157967816,False,False,False,2,0.50000000000000000000,0.50000000000000000000,0.50000000000000000000,0.50000000000000000000,0E-20,1,0E-20,1.0068493150684932,0.5008517887563884,0.004266666666666667,0.003401360544217687,2917,0,0,0.0006856359273225917,2.0,0,0,0,0,13,0,0,1
27836421,False,False,False,1,1.00000000000000000000,1.00000000000000000000,2.00000000000000000000,0E-20,0E-20,1,0E-20,1.674342105263158,0.6253071253071253,0.08766716196136701,0.10216110019646366,3364,2,0,0.00029726516052318666,1.0,66,1,1,1,12,0,0,0
87917635,False,False,False,1,1.00000000000000000000,4.00000000000000000000,0E-20,0E-20,0E-20,1,0E-20,2.8533333333333335,0.7401642888024211,0.6349462365591397,0.037967289719626166,3144,2,0,0.0003180661577608143,1.0,84,1,1,1,14,0,0,0
1264165862,False,False,False,1,1.00000000000000000000,0E-20,0E-20,0E-20,0E-20,1,0E-20,0.4226086956521739,0.2967032967032967,0.9201053555750659,0.00411522633744856,1921,0,0,0.0005205622071837585,1.0,140,1,0,1,9,0,0,0
2965168613,False,False,False,1,0E-20,4.00000000000000000000,0E-20,0E-20,0E-20,1,0E-20,0.23157894736842105,0.1864406779661017,1.0758620689655172,0.13636363636363635,1257,0,0,0.0007955449482895784,1.0,53,1,0,0,14,0,0,0
1369860924,False,False,False,1,0E-20,2.00000000000000000000,0E-20,0E-20,0E-20,1,0E-20,0.7590361445783133,0.4305239179954442,0.4230769230769231,0.0,1882,1,0,0.0005313496280552603,1.0,76,1,0,0,14,1,0,0
1722921794,False,False,False,2,1.00000000000000000000,2.50000000000000000000,0.50000000000000000000,0.50000000000000000000,0E-20,1,0E-20,1.5,0.5985401459854015,0.18421052631578946,0.0040650406504065045,1748,0,0,0.0011441647597254005,2.0,38,1,0,1,10,1,0,0
115004238,False,False,False,1,0E-20,4.00000000000000000000,0E-20,0E-20,0E-20,1,0E-20,4.594890510948905,0.8207301173402868,1.1080536912751677,0.021445591739475776,3041,1,0,0.0003288391976323578,1.0,118,1,0,1,14,1,0,0
289319861,False,False,False,1,1.00000000000000000000,1.00000000000000000000,0E-20,0E-20,0E-20,1,0E-20,0.4241676942046856,0.2977066205106015,0.7674216027874564,0.02616279069767442,2606,2,0,0.0003837298541826554,1.0,49,1,1,1,13,0,0,0
39982426,False,False,False,1,1.00000000000000000000,3.00000000000000000000,2.00000000000000000000,0E-20,0E-20,1,0E-20,0.9090599455040872,0.4760970388869069,0.005930318754633061,0.023604346197077557,3320,2,0,0.00030120481927710846,1.0,116,1,1,1,15,0,0,0
614566623,False,False,False,2,0E-20,1.00000000000000000000,1.00000000000000000000,0.50000000000000000000,0E-20,2,0E-20,0.5439330543933054,0.35135135135135137,17.592334494773517,0.015384615384615385,2186,0,1,0.0009149130832570906,2.0,73,1,0,0,10,1,0,0
3797857035,False,False,False,1,1.00000000000000000000,0E-20,0E-20,0E-20,0E-20,1,0E-20,0.8196405648267009,0.4502820874471086,3.0356164383561643,0.0,993,0,0,0.0010070493454179255,1.0,44,1,0,1,10,0,0,0
61260711,False,False,False,4,0.50000000000000000000,2.25000000000000000000,0.75000000000000000000,0.50000000000000000000,0E-20,1,0E-20,0.22115384615384615,0.18081761006289307,0.020442930153321975,0.0,3244,0,2,0.0012330456226880395,2.0,0,0,0,1,10,0,0,0
2269241449,False,False,False,1,1.00000000000000000000,1.00000000000000000000,2.00000000000000000000,0E-20,0E-20,1,0E-20,0.33766233766233766,0.25,0.17657992565055763,0.07692307692307693,1629,2,0,0.0006138735420503376,1.0,69,1,0,1,10,0,0,1
479442100,False,False,False,1,0E-20,1.00000000000000000000,2.00000000000000000000,0E-20,0E-20,1,0E-20,0.20080321285140562,0.16666666666666666,0.28346456692913385,0.02,2328,2,0,0.000429553264604811,1.0,78,1,1,1,9,0,0,0
292979491,False,False,False,1,0E-20,1.00000000000000000000,0E-20,0E-20,0E-20,1,0E-20,1.12987012987013,0.5298416565164433,0.39898348157560354,0.0,2600,2,0,0.0003846153846153846,1.0,0,0,0,0,12,0,0,1
405953599,False,False,False,1,0E-20,2.00000000000000000000,0E-20,0E-20,0E-20,1,0E-20,0.6835443037974683,0.40298507462686567,0.5252387448840382,0.037037037037037035,2414,0,0,0.00041425020712510354,1.0,117,1,0,1,10,0,0,0
171151062,False,False,False,2,0.50000000000000000000,1.00000000000000000000,0.50000000000000000000,0.50000000000000000000,0E-20,1,0E-20,1.5,0.5977011494252874,1.7769328263624842,0.00641025641025641,2882,0,2,0.0006939625260235947,1.0,0,0,0,1,12,1,0,0
1257997140,False,False,False,1,1.00000000000000000000,0E-20,0E-20,0E-20,0E-20,1,0E-20,0.4180064308681672,0.29411764705882354,0.9143468950749465,0.046153846153846156,1924,2,0,0.0005197505197505198,1.0,0,0,1,1,7,0,0,0
20233621,False,False,False,1,0E-20,3.00000000000000000000,0E-20,0E-20,0E-20,1,0E-20,0.5638297872340425,0.3593220338983051,2.4942528735632186,0.0,3417,2,0,0.000292654375182909,1.0,26,1,0,1,9,1,0,0
2591243839,False,False,False,1,0E-20,2.00000000000000000000,0E-20,0E-20,0E-20,1,0E-20,3.269461077844311,0.7652417659425368,63.43065693430657,0.0009157509157509158,1450,2,0,0.000689655172413793,1.0,0,0,1,1,9,1,0,0
264930059,False,False,False,1,0E-20,4.00000000000000000000,1.00000000000000000000,1.00000000000000000000,0E-20,1,0E-20,0.19411764705882353,0.16216216216216217,1.369047619047619,0.0,2653,0,0,0.0003769317753486619,1.0,122,1,0,1,8,1,1,1
333536988,False,False,False,1,0E-20,1.00000000000000000000,1.00000000000000000000,1.00000000000000000000,0E-20,1,0E-20,0.037037037037037035,0.034482758620689655,0.013513513513513514,0.0,2532,0,0,0.00039494470774091627,1.0,0,0,0,0,15,0,1,1
60081740,False,False,False,1,1.00000000000000000000,1.00000000000000000000,0E-20,0E-20,0E-20,1,0E-20,4.514285714285714,0.8165374677002584,6.291139240506329,0.03164556962025317,3248,2,0,0.0003078817733990148,1.0,158,1,1,0,8,0,0,0
141585108,False,False,False,1,1.00000000000000000000,0E-20,0E-20,0E-20,0E-20,1,0E-20,1.1015625,0.5231910946196661,1.5483870967741935,0.07092198581560284,2961,2,0,0.00033772374197906115,1.0,104,1,1,0,14,0,0,0
541456661,False,False,False,1,0E-20,2.00000000000000000000,1.00000000000000000000,1.00000000000000000000,0E-20,1,0E-20,0.1524163568773234,0.13183279742765272,16.482758620689655,0.0,2268,0,0,0.0004409171075837742,1.0,24,1,0,0,6,1,1,1
4782686929,False,False,False,1,1.00000000000000000000,1.00000000000000000000,0E-20,0E-20,0E-20,1,0E-20,0.9259259259259259,0.4716981132075472,2.3076923076923075,0.04,879,2,0,0.0011376564277588168,1.0,128,1,1,1,14,0,0,0
18714479,True,False,False,2,1.00000000000000000000,0E-20,0.50000000000000000000,0.50000000000000000000,0E-20,1,0E-20,934.6476190476191,0.9989278322532488,0.04908581324023396,0.0003430543384485792,3447,0,0,0.0005802146794313896,2.0,42,1,1,0,9,0,0,0
18161336,True,False,False,12,1.00000000000000000000,1.00000000000000000000,0E-20,0E-20,0E-20,1,0E-20,4558.103585657371,0.999779784958264,7.763734045526537e-05,0.0035521867275479773,3469,1,0,0.003459210147016431,12.0,157,1,1,1,10,0,0,0
164336339,True,False,False,3,0.66666666666666666667,1.00000000000000000000,0E-20,0E-20,0E-20,1,0E-20,110.65762004175366,0.991025521174161,0.08990386092084651,0.004565607018205829,2900,0,2,0.0010344827586206897,1.5,142,1,1,1,15,1,0,0
24525474,True,False,False,1,1.00000000000000000000,6.00000000000000000000,1.00000000000000000000,0E-20,0E-20,1,0E-20,1.0727757668127262,0.517507582023711,0.26291445121687634,0.01456224471674658,3380,0,0,0.0002958579881656805,1.0,84,1,1,1,12,1,0,0
36509091,True,False,False,1,1.00000000000000000000,0E-20,0E-20,0E-20,0E-20,1,0E-20,3.228337236533958,0.7632890365448505,1.0368724424693097,0.028291621327529923,3335,0,0,0.0002998500749625187,1.0,6,1,0,1,14,0,0,0
183295235,True,False,False,3,0.66666666666666666667,0.33333333333333333333,1.00000000000000000000,0.33333333333333333333,0E-20,1,0E-20,1.6946107784431137,0.6288253711746288,0.8736092567868269,0.039993575329264376,2851,1,1,0.001052262364082778,3.0,143,1,1,1,11,0,0,0
122956317,True,False,False,2,1.00000000000000000000,1.00000000000000000000,0E-20,0E-20,0E-20,1,0E-20,0.7671875,0.43374558303886923,0.33746355685131196,0.020366598778004074,3016,0,0,0.000663129973474801,2.0,66,1,0,1,13,0,0,0
